courseNumber,name,departmentCode,description,credits,professorName
ACCT 200,Opportunities in Accounting,ACCT,"1 Lecture Hour. Introduction to career paths in accounting and assessment aptitudes and interests with respect to these career paths. Prerequisite: Business honors, business administration, or accounting majors.",1,
ACCT 209,Survey of Accounting Principles,ACCT,"3 Lecture Hours. Accounting survey for non-business majors; non-technical accounting procedures, preparation and interpretation of financial statements and internal control. May not be used to satisfy degree requirements for majors in business. Business majors who choose to take this course must do so on a satisfactory/unsatisfactory basis.",3,
ACCT 210,Survey of Managerial and Cost Accounting Principles,ACCT,"3 Lecture Hours. A survey of managerial and cost accounting for non-business majors; accounting responsibility of the manager, job and process cost systems, budgeting, cost-volume-profit analysis for decision-making. May not be used to satisfy degree requirements for majors in business. Business majors who choose to take this course must do so on a satisfactory/unsatisfactory basis. Prerequisite: ACCT 209 or ACCT 229 .",3,
ACCT 229,Introductory Accounting,ACCT,"3 Lecture Hours. (ACCT 2301, 2401) Introductory Accounting. Analysis, recording and reporting of business transactions; partnership and corporation accounting; analysis and use of financial statements. Prerequisite: Business, Agribusiness, and Maritime Business Administration majors; also taught at Galveston campus.",3,
ACCT 230,Introductory Accounting,ACCT,"3 Lecture Hours. (ACCT 2302, 2402) Introductory Accounting. Continuation of ACCT 229 . Use of budgets; introduction to cost accounting; cost control techniques and methods of measuring performance. Prerequisites: ACCT 229 ; Business, Agribusiness, and Maritime Business Administration majors; also taught at Galveston campus.",3,
ACCT 321,Professional Development Seminar,ACCT,2 Lecture Hours. Exposure to professional issues of professional accounting practice using a workshop format. Prerequisite: Admission to Professional Program.,2,
ACCT 322,Professional Development Seminar – BBA,ACCT,"1 Lecture Hour. Exposure to professional issues in the practice of accounting, including potential careers and employers. Prerequisite: Accounting major or approval of instructor.",1,
ACCT 327,Financial Reporting I,ACCT,3 Lecture Hours. Study of theoretical basis for financial accounting concepts and principles related to financial reporting; emphasizing income measurement and accounting for assets. BBA accounting majors must earn a minimum grade of C for graduation. Prerequisite: Grade of C or higher in ACCT 229 ; admission to upper division in Mays Business School.,3,
ACCT 328,Financial Reporting II,ACCT,"3 Lecture Hours. Continued study of accounting concepts and principles related to reporting long-debt and owners' equity; including reporting issues of leases, retirement benefits, income taxes and international accounting standards. Prerequisite: ACCT 327 with a grade of C or better.",3,
ACCT 329,Cost Management and Analysis,ACCT,"3 Lecture Hours. Theory, concepts and methods relating to use of information and design of systems to aid managers in planning, controlling, decision making, evaluating performance and reporting financial results. Prerequisite: ACCT 315 or ACCT 327 with a grade of C or better.",3,
ACCT 403,Energy Accounting,ACCT,"3 Lecture Hours. Overview of the oil and gas industry and specialized financial accounting procedures associated with the industry; emphasis on accounting for exploration, development, production, depletion and amortization, joint operations, asset impairment and retirement obligation; includes reserve accounting/disclosure related to the above topics. Prerequisite: ACCT 327 with C or better.",3,
ACCT 405,Income Tax,ACCT,3 Lecture Hours. Introduction to federal income tax legislation pertaining primarily to corporations and individuals. Prerequisite: ACCT 327 with a grade of C or better.,3,
ACCT 407,Auditing,ACCT,"3 Lecture Hours. Introduction to auditing theory and procedures pertaining to financial statements, in the context of both external auditing, by certified public accountants, and internal auditing; preparation of working papers. Prerequisite: ACCT 327 with a grade of C or better.",3,
ACCT 408,Internal Auditing,ACCT,3 Lecture Hours. Reading and evaluation of current theory and procedures used by internal auditors; selected case studies; statistical methods of forming auditing judgment. Prerequisite: Grade of C or better in ACCT 427 .,3,
ACCT 410,Fraud Examination,ACCT,"3 Lecture Hours. Principles and methodologies of detecting and deterring fraud using accounting, auditing, and investigative skills; includes skimming, larceny, misappropriations, fraudulent statements, interviewing witnesses and support for litigation. Prerequisites: ACCT 327 with a grade of C or better; junior or senior classification.",3,
ACCT 421,Critical Communication Skills for Accountants,ACCT,3 Lecture Hours. Development of oral and written communication skills necessary for successful careers in public and corporate accounting. Prerequisite: ACCT 327 with a grade of C or better.,3,
ACCT 427,Accounting and Financial Information Systems,ACCT,"3 Lecture Hours. Overall data flow systems emphasizing financial data and computerized systems, for accounting majors; flow and logic concepts, developing meaningful control concepts and data reporting techniques. Prerequisite: ACCT 229 with a grade of C or better.",3,
ACCT 430,Global Immersion in Accounting,ACCT,3 Lecture Hours. Combination of classroom work in the spring and a field trip to the selected country in summer; introduction to international opportunities within the public accounting firms; meet with former students to gain a local and corporate view of business in the selected country. May be taken two times for credit. Prerequisites: ACCT 327 and approval of instructor. Cross Listing: IBUS 430/ACCT 430 .,3,
ACCT 445,International Accounting,ACCT,3 Lecture Hours. Introduction and examination of accounting issues unique to multinational enterprises and international business activity; only ACCT 445/IBUS 445 sections count for the accounting coursework requirements for the CPA exam. Prerequisites: ACCT 315 or ACCT 327 ; FINC 341 . Cross Listing: IBUS 445/ACCT 445 .,3,
ACCT 447,Financial Statement Analysis,ACCT,"3 Lecture Hours. Development of an analytical approach to financial statements, integrating relevant finance and accounting concepts and principles; current topics in financial analysis. Prerequisites: Grade of C or better in ACCT 327 and FINC 341 . Cross Listing: FINC 447/ACCT 447 .",3,
ACCT 450,Accounting Ethics,ACCT,"3 Lecture Hours. Integration of ethical reasoning, objectivity, independence and other core values into the development of a professional accountant; critical analysis of the ethical lapses which have occurred in business and the accounting profession; exploring ways to integrate ethical behavior into professional life. Prerequisites: ACCT 427 ; junior or senior classification.",3,
ACCT 484,Accounting Internship,ACCT,Credits 0 to 3. 0 to 3 Other Hours. A directed internship in an organization to provide on-the-job training under the supervision of accounting professionals in organizational settings appropriate to the student's professional objectives. May be taken for credit up to three hours. Must be taken on a satisfactory/unsatisfactory basis. Prerequisites: Accounting major or approval of department head.,0,
ACCT 485,Directed Studies,ACCT,Credits 1 to 3. 1 to 3 Other Hours. Directed study of selected problems in the area of accounting not covered in other courses. Prerequisites: Accounting major and approval of department head.,1,
ACCT 489,Special Topics in...,ACCT,Credits 1 to 4. 1 to 4 Lecture Hours. Selected topics in an identified area of accounting. May be repeated for credit. Prerequisites: Admission to upper division in Mays Business School and approval of instructor.,1,
ACCT 491,Research,ACCT,Credits 1 to 4. 1 to 4 Lecture Hours. Research conducted under the direction of an accounting faculty member in Mays Business School or a faculty member in the Office of Undergraduate Research. May be repeated one time for credit. Prerequisites: Junior or senior classification and approval of instructor.,1,
AERO 201,Introduction to Flight,AERO,"3 Lecture Hours. 1 Lab Hour. Standard atmosphere, basic aerodynamic theory, airfoil and wing descriptions, introduction to orbital mechanics, elementary aerospace vehicle performance, and experiential introduction to aerospace engineering. Prerequisite: Grade of C or better in ENGR 102 and PHYS 206 ; grade of C or better in ENGR 216/PHYS 216 or PHYS 216/ENGR 216 ; grade of C or better in MATH 251 or MATH 253 or concurrent enrollment; Aerospace Engineering majors only.",3,
AERO 211,Aerospace Engineering Mechanics,AERO,"3 Lecture Hours. Fundamentals of Newtonian mechanics; static equilibrium of particles, system of particles and rigid bodies; free body diagrams; rectilinear and curvilinear motion of particles; linear momentum; angular momentum; friction; plane motion of rigid bodies; beams and trusses. Prerequisites: Grade of C or better in ENGR 102 and PHYS 206 ; grade of C or better in ENGR 216/PHYS 216 or PHYS 216/ENGR 216 ; grade of C or better in MATH 251 or MATH 253 , or concurrent enrollment; Aerospace E",3,
AERO 212,Introduction to Aerothermodynamics,AERO,"3 Lecture Hours. 1 Lab Hour. Study of thermodynamic properties and processes, heat and work, first and second laws of thermodynamics, ideal cycles for power and refrigeration applications; emphasis on the Brayton jet-engine cycle. Prerequisite: Grade of C or better in CHEM 107 and CHEM 117 , or CHEM 120 ; grade of C or better in MATH 251 or MATH 253 , or concurrent enrollment; AERO majors.",3,
AERO 214,Introduction to Aerospace Mechanics of Materials,AERO,"2 Lecture Hours. 2 Lab Hours. Fundamental concepts for deformable bodies (conservation of linear and angular momentum, kinematics and thermoelasticity); notions of stress and strain and illustrative examples for engineering applications; introduction to experimental methods and reporting, instrumentation and uncertainty analysis; measurement of elastic and thermal material properties. Prerequisites: Grade of C or better in AERO 211 ; grade of C or better in MATH 308 , or concurrent enrollment.",3,
AERO 221,Analytical Methods for Aerospace Engineering,AERO,"3 Lecture Hours. 1 Lab Hour. Matrix operations, Gaussian elimination, linear transformations, coordinate transformations, eigenvalues, eigenvectors, diagonalization, including programming and computer implementation, applied to solid mechanics, fluid mechanics, dynamics and control of air and space vehicles. Prerequisites: Grade of C or better in ENGR 102 , MATH 152 , PHYS 206 , and ENGR 216/PHYS 216 or PHYS 216/ENGR 216 .",3,
AERO 222,Introduction to Aerospace Computation,AERO,"2 Lecture Hours. 2 Lab Hours. Review of basic skills required for developing computer programs and introduction to more advanced concepts in scientific computing to solve aerospace engineering problems; numerical and analytical methods of solving engineering problems involving interpolation and extrapolation; function approximation; numerical differentiation; integration; solutions to linear and non-linear equations and systems of equations; eigenvalues and eigenvectors, numerical integration of",3,
AERO 285,Directed Studies,AERO,"Credits 0 to 4. 0 Lecture Hours. 0 Lab Hours. 0 to 4 Other Hours. Directed study of special problems in aerospace engineering. Prerequisites: Freshman or sophomore classification, or approval of instructor. May be repeated for credit.",0,
AERO 289,Special Topics in...,AERO,Credits 1 to 4. 1 to 4 Lecture Hours. 0 to 4 Lab Hours. Selected topics in an identified area of aerospace engineering. May be repeated for credit. Prerequisite: Approval of instructor.,1,
AERO 291,Research,AERO,Credits 0 to 4. 0 to 4 Other Hours. Research conducted under the direction of faculty member in aerospace engineering. May be taken three times. Prerequisites: Freshman or sophomore classification and approval of instructor.,0,
AERO 299,Mid-Curriculum Professional Development,AERO,0 Other Hours. Participation in an approved high-impact learning practice; reflection on professional outcomes from engineering body of knowledge; documentation and self-assessment of learning experience at mid-curriculum point.,0,
AERO 301,Theoretical Aerodynamics,AERO,"3 Lecture Hours. Conservation of mass and momentum; Reynolds transport theorem; fundamentals of incompressible flow, rotationality, potential flow, superposition, circulation, lift, thin airfoil theory, elliptic wing theory and induced drag. Prerequisite: Grade of C or better in AERO 201 , AERO 212 ; grade of C or better in AERO 222 and MATH 308 , or concurrent enrollment.",3,
AERO 303,High Speed Aerodynamics,AERO,"3 Lecture Hours. Fundamentals of compressible flow; governing Euler equations; adiabatic and isentropic flow; normal and oblique shocks and expansion waves, moving shocks, shock interactions, wedge and cone flow; supersonic airfoils, exact and thin theory, choked flow and wind-tunnel design, two-dimensional gas dynamics, and method of characteristics. Prerequisite: Grade of C or better in AERO 301 .",3,
AERO 304,Aerospace Structural Analysis I,AERO,"3 Lecture Hours. Three-dimensional beam theory; applications of elasticity theory to beam extension and compression, bending, torsion and transverse shearing; combined loading; analysis of thin-walled structures; stress concentrations; analysis of stability of aerospace structures; elements of structural failure, buckling; structural design considerations. Prerequisite: Grade of C or better in AERO 214 and MATH 308 ; grade of C or better in AERO 222 or concurrent enrollment.",3,
AERO 306,Aerospace Structural Analysis II,AERO,"3 Lecture Hours. Work and energy principles; analysis of indeterminate structures by classical virtual work and finite elements; introduction to elastic stability of columns; application of energy methods to determine stresses, strains and displacements in typical aerospace structures; design considerations in aerospace structures. Prerequisite: Grade of C or better in AERO 304 .",3,
AERO 307,Aerospace Engineering Laboratory,AERO,"2 Lecture Hours. 3 Lab Hours. Intermediate and advanced topics in instrumentation, signal conditioning, data acquisition analysis for aerospace-related measurements; emphasis on technical reporting and data presentation; measurements of materials strain, deformation, pressure, velocity and aerodynamic forces; experimental investigations of static and dynamic response of structures; use of nonintrusive optical techniques; uncertainty analysis; linear regression, Fourier transform and power spectr",3,
AERO 310,Aerospace Dynamics,AERO,3 Lecture Hours. Spatial kinematics; general motion of particles; Euler angles; Newton-Euler methods for translation and rotation of rigid bodies; work-energy and impulse momentum principles applied to aerospace systems; Linear theory of free dynamic response of single and multi-degree of freedom systems; frequency response of first and second order systems with instrumentation applications. Prerequisite: Grade of C or better in AERO 211 and MATH 308 ; grade of C or better in AERO 222 or concurr,3,
AERO 321,Dynamics of Aerospace Vehicles,AERO,"3 Lecture Hours. Derivation of the nonlinear air and space vehicle dynamics equations; attitude representation with Euler angles and quaternions; forces and moments due to aerodynamics, thrust and gravity gradient; linearization; development of state-space models for aircraft and spacecraft; static and dynamic stability analysis for aircraft and satellites; spin and gravity gradient stabilization; stability derivatives; longitudinal and lateral modes and transfer functions for aircraft; aircraft",3,
AERO 351,Aerothermodynamics and Propulsion,AERO,"3 Lecture Hours. Aerothermodynamics of gases; laws of thermodynamics; equilibrium conditions; mixtures of gases; combustion and thermochemistry; compressible internal flows with friction, heat transfer and shock; turbojet cycle analysis and performance; chemical rockets. Prerequisite: Grade of C or better in AERO 303 .",3,
AERO 401,Aerospace Design Principles,AERO,"2 Lecture Hours. 3 Lab Hours. Study of systems engineering; project lifecycle; stakeholder, concept of operations (CONOPS) &amp; requirements definition; cost assessment; risk management; trade studies; decomposition and design of an aerospace system; engineering ethics; technical communications. Prerequisite: Grade of C or better in AERO 306 , AERO 307 , AERO 321 , and AERO 351 , or concurrent enrollment.",3,
AERO 402,Aerospace Systems Design,AERO,"6 Lab Hours. Continuation of AERO 401 ; detailed design; subsystem integration; realization of the system through prototyping, modeling, and/or simulation; verification and validation through experimentation and analysis; documentation and presentation of results. Prerequisite: Grade of C or better in AERO 306 , AERO 307 , AERO 321 , AERO 351 , and AERO 401 .",2,
AERO 404,Mechanics of Advanced Aerospace Structures,AERO,"3 Lecture Hours. Advanced analysis techniques for aerospace structures; material anisotropy, plasticity, fatigue and fracture; laminated materials; solution of plane elasticity, plate and multi-component structural configurations; buckling of beams and plates; application of finite element analysis. Prerequisites: Grade of C or better in AERO 304 and junior or senior classification.",3,
AERO 405,Aerospace Structural Design,AERO,3 Lecture Hours. Overall structural integrity of complete aerospace systems; structures subjected to critical loads; design considerations in aerospace structures. Prerequisite: Grade of C or better in AERO 306 .,3,
AERO 411,Applications of Fracture Mechanics to Aerospace Structures,AERO,3 Lecture Hours. Foundations of linear elastic fracture mechanics of aerospace structure; calculation of stress intensity factors and energy release rates; crack growth under fatigue loading; ASTM standards for fracture testing; the role of fracture mechanics in the analysis and design of aerospace structures. Prerequisite: AERO 304 or equivalent with a grade of C or better.,3,
AERO 413,Aerospace Materials Science,AERO,3 Lecture Hours. Relationship between aerospace engineering material properties and microstructure; mechanical and thermal properties; environmental degradation; mechanical failure. Prerequisite: Grade of C or better in AERO 304 .,3,
AERO 414,Human Performance in Aerospace Environments,AERO,3 Lecture Hours. Current physiological and psychological aspects affecting human performance during space missions using a quantitative approach and engineering methods. Prerequisite: Grade of C or better in AERO 321 .,3,
AERO 415,Computational Fluid Dynamics for Aerospace Applications,AERO,"3 Lecture Hours. Present methods for solving internal and external flow problems for inviscid and viscous compressible flow; Euler, Navier-Stokes and Large Eddy Simulation solvers, boundary conditions formulation, and basics of parallel processing. Prerequisite: Grade of C or better in AERO 303 and AERO 351 .",3,
AERO 417,Aerospace Propulsion,AERO,"3 Lecture Hours. Air breathing propulsion; design and analysis of inlets, compressors, combustors, turbines and nozzles; application to aeronautical and ground transportation. Prerequisite: Grade of C or better in AERO 351 .",3,
AERO 419,Chemical Rocket Propulsion,AERO,"3 Lecture Hours. Nozzles and heat transfer in rockets, liquid and solid propellant systems; combustion and combustion stability; flight performance including trajectories, multistaging and exchange rate curves; rocket testing. Prerequisite: Grade of C or better in AERO 351 .",3,
AERO 420,Aeroelasticity,AERO,"3 Lecture Hours. Classical analysis of fundamental aeroelastic phenomena with application to aerospace vehicles; flutter, divergence, control effectiveness. Prerequisites: Grade of C or better in AERO 303 , AERO 306 , and AERO 310 .",3,
AERO 422,Active Controls for Aerospace Vehicles,AERO,"3 Lecture Hours. Introduction to the Theory of Automatic Control specifically applied to aerospace vehicles; techniques for analysis and synthesis of linear control systems, stability criteria, systems response and performance criteria; design studies of active controls to improve aerospace vehicle performance. Prerequisite: Grade of C or better in AERO 321 .",3,
AERO 423,Orbital Mechanics,AERO,"3 Lecture Hours. Two-body problem, restricted three-body problem, orbital perturbations, orbital maneuvers, interplanetary trajectories, orbit determination and other selected topics. Prerequisite: Grade of C or better in AERO 310 .",3,
AERO 424,Spacecraft Attitude Dynamics and Control,AERO,"3 Lecture Hours. Introduces fundamental concepts of satellite attitude dynamics and control; includes derivations of environmental disturbances due to gravity gradient, aerodynamic, and solar radiation pressure; includes treatments of attitude control subsystems, such as thrusters, reaction wheels, CMGs, and magnetic torquers, and their designs. Prerequisites: Grade of C or better in AERO 321 .",3,
AERO 425,Flight Test Engineering,AERO,"2 Lecture Hours. 3 Lab Hours. Application of performance and stability and control theory to flight test measurements; standard atmosphere and airspeed equations for pilot-static system calibrations; flight test methods for evaluating performance, stability and control, and stall-spin characteristics; laboratory practice in planning and conducting small flight test project. Prerequisite: Grade of C or better in AERO 321 .",3,
AERO 426,Space System Design,AERO,"3 Lecture Hours. Introduces prevailing practices and processes used in modern space system design; applies knowledge in component engineering disciplines to a design challenge of interest to NASA or DoD; utilizes instruction in systematic methods of design and on dynamics of teamwork; when possible concludes with detailed design using an engineering design facility. Prerequisites: Grade of C or better in AERO 306 , AERO 321 , AERO 351 .",3,
AERO 428,Electromagnetic Sensing for Space-Borne Imaging,AERO,"3 Lecture Hours. Study IR and Visible range imaging systems to obtain high resolution imaging of objects from space; this area has numerous applications and areas of advanced development; following instruction in needed background on optics, telescopes, and interferometry, perform preliminary design of imaging system with a different imaging design offered each year. Prerequisites: Grade of C or better in AERO 306 , AERO 321 , AERO 351 .",3,
AERO 430,Numerical Simulation,AERO,"3 Lecture Hours. Numerical and analytical simulation of physical problems in sciences and engineering using applied methods; developing and using numerical techniques for physical problems described by nonlinear algebraic equations, ordinary and partial differential equations. Prerequisite: Grade of C or better in AERO 222 or MATH 417 .",3,
AERO 435,Aerothermochemistry,AERO,"3 Lecture Hours. Composition of chemically reacting gases (air and propellant); thermodynamic functions based on classical and quantum mechanical theories; calculation of gas temperatures; equilibrium, frozen and non-equilibrium flows through nozzles and shock waves. Prerequisite: Grade of C or better in AERO 303 .",3,
AERO 436,Human Factors Engineering for Aerospace Designs,AERO,3 Lecture Hours. Physiological and psychophysiological issues encountered in aviation and space environments and their effect on human cognitive and physical performance; survey methods for human workload and performance evaluations; apply human-systems design principles to an aerospace design project. Prerequisites: Junior or senior classification. Cross Listing: ISEN 432/AERO 436 .,3,
AERO 438,Intuitive and Counter-Intuitive Mechanisms,AERO,"2 Lecture Hours. 2 Lab Hours. Spatial descriptions and transformations; forward and inverse kinematics of mechanical manipulators; manipulation; dexterity and manipulability; principles of manipulator-mechanism design; mobility; motion planning; control, reachability and complexity measures; workspace analysis. Prerequisites: Senior classification. Cross Listing: MEEN 407/AERO 438 .",3,
AERO 440,Cockpit Systems and Displays,AERO,"3 Lecture Hours. Design, development, and implementation of cockpit systems and multi-function displays; cockpit system requirements and specifications; human-machine interfaces, Flight Management Systems, navigation and guidance systems; 3-D real-time displays of weather, traffic, and terrain; characteristics and missions of air vehicles; project design and cost analysis. Prerequisite: Grade of C or better in AERO 321 or junior or senior classification in computer science.",3,
AERO 445,Vehicle Management Systems,AERO,"3 Lecture Hours. Introduction to vehicle management systems for manned and unmanned air and space vehicles; system centric concepts, requirements definition, specifications, and architectures; reliability analysis, health monitoring, and mission management; SISO digital design of integrated flight control, propulsion control and structural control; introduction to vehicle autonomy; design and analysis methods, industrial examples. Prerequisite: Grade of C or better in AERO 422 .",3,
AERO 451,Human Spaceflight Operations,AERO,"3 Lecture Hours. Essential aspects of human spaceflight operations as performed by NASA; in-depth understanding of the state-of-the-art in spacecraft operations, including spacecraft systems, ground and launch operations, mission management and on-orbit activities such as science, robotics, spacewalking and human health maintenance; applications to future space systems. Prerequisite: Grade of C or better in AERO 310 or equivalent; senior classification.",3,
AERO 452,Heat Transfer and Viscous Flows,AERO,3 Lecture Hours. Navier-Stokes and boundary layer equations; exact and approximate solutions; laminar boundary layers; basic concepts of transition and turbulence; turbulent boundary layers; one and two dimensional heat transfer; methods for steady and transient heat conduction; thermal boundary layers; convection; radiation. Prerequisite: Grade of C or better in AERO 303 and AERO 351 .,3,
AERO 455,Helicopter Aerodynamics,AERO,"3 Lecture Hours. Hovering theory, hovering and vertical flight performance, factors affecting hovering and vertical flight performance, auto-rotation in vertical descent, concepts of blade motion and control, aerodynamics of forward flight, forward flight performance, operational envelope and introduction to conceptual design of helicopters. Prerequisites: Grade of C or better in AERO 222 , AERO 301 , and AERO 310 .",3,
AERO 472,Airfoil and Wing Design,AERO,"3 Lecture Hours. Subsonic airfoil design and analysis, subsonic wing design and analysis, swept and delta wings, vortex lift, transonic flow methods, viscous transonic phenomena, transonic airfoil and wing design, optimization and advanced topics such as supersonic panel methods. Prerequisite: Grade of C or better in AERO 303 .",3,
AERO 478,"Low Temperature Plasma - Theory, Modeling, Applications",AERO,"3 Lecture Hours. Basic theory and fundamentals of low-temperature plasma, elements of plasma kinetic theory, equilibrium and non-equilibrium plasma, modeling approaches, plasma discharges. Prerequisites: Grade of C or better in AERO 303 and MATH 308 .",3,
AERO 481,Seminar,AERO,"1 Lecture Hour. Readings, reports, conferences and discussion. Must be taken on a satisfactory/unsatisfactory basis. Prerequisite: Senior classification in aerospace engineering.",1,
AERO 485,Directed Studies,AERO,Credits 0 to 4. 0 to 4 Other Hours. Special problems in aerospace engineering assigned to individual students or groups. Prerequisite: Junior or senior classification or approval of instructor.,0,
AERO 489,Special Topics in...,AERO,Credits 1 to 4. 1 to 4 Lecture Hours. 0 to 4 Lab Hours. Selected topics in an identified field of aerospace engineering. May be repeated for credit. Prerequisite: Approval of instructor.,1,
AERO 491,Research,AERO,Credits 0 to 4. 0 to 4 Other Hours. Research conducted under the direction of faculty member in aerospace engineering. May be repeated 3 times for credit. Prerequisites: Junior or senior classification and approval of instructor.,0,
AGEC 101,Concepts in Agricultural Economics - First Year Experience,AGEC,"Credits 0-1. 0-1 Lecture Hours. 0 Lab Hours. 0 Other Hours. Discussion-based designed to connect first-year AGEC and AGBL students with peers, faculty and staff while providing an overview of the experiential learning and high impact opportunities available in these majors; highlights key issues at Texas A&amp;M University, in agriculture, and in the field of Agricultural Economics.",0,
AGEC 105,Introduction to Agricultural Economics,AGEC,3 Lecture Hours. (AGRI 2317) Introduction to Agricultural Economics. Characteristics of our economic system and basic economic concepts; survey of the farm and ranch firm and its organization and management; structure and operation of the marketing system; functional and institutional aspects of agricultural finance; government farm programs.,3,
AGEC 117,Critical Thinking and Decision Making in Agricultural Economics,AGEC,"1 Other Hour. An introductory seminar in the Department of Agricultural Economics; emphasis on resources and opportunities available in the department; awareness and understanding of professional development; emphasis on writing as a critical communication skill. Prerequisite: AGEC 105 , ECON 203 , or grade of C or better in ECON 202 ; ENGL 103 or ENGL 104 ; Agricultural Economics and Agribusiness majors.",1,
AGEC 216,Fundamentals of the AgriFood Sales Industry,AGEC,"1 Lecture Hour. Fundamentals of professional business to business sales in AgriFood firms; opportunities to interact with successful salespeople in AgriFood firms; focus on career development, exploration of undergraduate internships in professional sales and identification of basic sales theories currently in use in AgriFood firms; learning to network extensively with AgriFood industry professionals and developing a mentor relationship.",1,
AGEC 217,Fundamentals of Agricultural Economics Analysis,AGEC,"2 Lecture Hours. 2 Lab Hours. Relates contemporary agribusiness issues to economic and financial management, illustrating their integration toward pragmatic applications in the agricultural industry; lab focuses on the integration of mathematics and economics with computer skills directed toward spreadsheets, databases, web pages, and communications software. Prerequisites: Grade of C or better in AGEC 105 ; grade of C or better in AGEC 117 or concurrent enrollment; grade of C or better in MATH ",3,
AGEC 223,Establishing Agribusiness Entrepreneurship Networks I,AGEC,"1 Lecture Hour. Introduction to successful entrepreneurs and other professionals, identifying suggested strategies and tactics in starting and sustaining viable rural and metropolitan business ventures; emphasis on importance of and how to develop relationships with a broad spectrum of mentors. Prerequisite: Freshman or sophomore classification.",1,
AGEC 285,Directed Studies,AGEC,"Credits 0 to 4. 0 to 4 Other Hours. Directed study of selected problems in agricultural economics. Prerequisite: AGEC 105 or concurrent enrollment; freshman or sophomore classification in agricultural economics, agribusiness, or approval of instructor and department head; 2.5 GPR in major, overall, and CBK courses, if applicable; see an academic advisor in Room 214 AGLS.",0,
AGEC 289,Special Topics in...,AGEC,Credits 1 to 4. 1 to 4 Lecture Hours. Selected topics in an identified area of agricultural economics. May be repeated for credit. Prerequisites: Freshman or sophomore classification and approval of department head.,1,
AGEC 291,Research,AGEC,Credits 0 to 4. 0 to 4 Other Hours. Research conducted under the direction of faculty member in agricultural economics. May be repeated 3 times for credit. Prerequisites: Freshman or sophomore classification and approval of department head; see an academic advisor in Room 214 AGLS.,0,
AGEC 314,Marketing Agricultural and Food Products,AGEC,"3 Lecture Hours. Operations involved in movement of agricultural commodities from farmer to consumer via several intermediaries; functions involve buying, selling, transportation, storage, financing, grading, pricing and risk bearing; agricultural supply chain or value chain is studied in detail; marketing aspects of commodities and differentiated goods. Prerequisites: AGEC 105 or 3 hours of economics; and junior or senior classification.",3,
AGEC 315,Food and Agricultural Sales,AGEC,3 Lecture Hours. Principles of professional sales techniques used in food and agricultural firms; develop a professional sales presentation; study current agribusiness industry professional salespersons. Prerequisite: Junior or senior classification.,3,
AGEC 316,Building Customer Relationships in AgriFood Selling,AGEC,"3 Lecture Hours. Use of emotional intelligence factors in developing business-to-business customer relationships for AgriFood, real estate, finance and other industrial products and services; developing customer relationships with regard to the unique aspects of technical products and services in these industries. Prerequisite: Grade of C or better in AGEC 315 ; junior or senior classification; approval of instructor.",3,
AGEC 317,Economic Analysis for Agribusiness Management,AGEC,"3 Lecture Hours. Quantitative methods used to address managerial problems, specifically calculus-based optimization, marginal analysis, elasticities, statistical and forecasting techniques, linear programming, and risk analysis; emphasis on theoretical aspects and applied analysis of managerial problems faced by agricultural firms. Prerequisites: AGEC 217 ; ECON 323 ; BUSN 203 for agribusiness majors or STAT 301 , 302, or 303 for agricultural economics majors; junior or senior classification; ag",3,
AGEC 324,Agribusiness Entrepreneurship – Budgeting,AGEC,"2 Lecture Hours. 2 Lab Hours. Case study approach to demonstrate a process for evaluating the economic feasibility of a single-enterprise rural or metropolitan business venture; relevant production, marketing and financing costs, in combination with capital ownership and overhead costs; computer spreadsheets including attention to deterministic sensitivity analyses; computer capabilities are essential. Prerequisites: Grade of C or better in AGEC 105 or ECON 202 ; grade of C or better in ACCT 209",3,
AGEC 325,Principles of Farm and Ranch Management,AGEC,3 Lecture Hours. 0 Lab Hours. Agribusiness managerial decision making and analysis in different market environments; emphasis is on profit maximization; focuses on using computerized methods for evaluating management alternatives for farming and ranching problem situations. Prerequisites: AGEC 105 or ECON 202 ; junior or senior classification; knowledge of Excel.,3,
AGEC 330,Financial Management in Agriculture,AGEC,"3 Lecture Hours. Principles of financial management of farms, ranches, and other agribusiness firms; financial statements, financial statement analysis, time value of money, investment analysis, firm growth, risk management, credit analysis and best business management practices. Prerequisites: AGEC 105 or 3 hours of economics; ACCT 209 or ACCT 229 ; and junior or senior classification.",3,
AGEC 340,Agribusiness Management,AGEC,"3 Lecture Hours. Survey of management practices using case studies to evaluate management issues in agribusiness firms in the context of the four functions of management such as planning, organizing, leading and controlling; emphasis on best practices throughout the food marketing chain; examination of how businesses and business executives succeed; application of previously learned knowledge in making business decisions similar to those encountered in professional careers. Prerequisites: AGEC 1",3,
AGEC 344,Food and Agricultural Law,AGEC,"3 Lecture Hours. Legal principles relevant to the farm family and business; characteristics of legal decisions and rules on property rights, and fencing laws; analysis of global, national, state, and local legal issues in contracts, torts, water, pollution, and natural resources. Prerequisite: Junior or senior classification.",3,
AGEC 350,Environmental and Natural Resource Economics,AGEC,"3 Lecture Hours. Inspection of issues such as environmental degradation, population growth, recycling, water use and depletion, natural habitat protection, water and air pollution, acid deposition, fishery management, and global warming using economically derived principles and tools. Prerequisite: Junior or senior classification.",3,
AGEC 401,Global Agri-Industries and Markets - Study Abroad,AGEC,3 Lecture Hours. Understanding agriindustries and markets; analysis of production; importing; exporting; provides classroom experience with an exposure to a variety of global cultures in an international setting. May be taken three times for credit. Prerequisites: AGEC 105 or 3 hours of economics; junior or senior classification or approval of department head.,3,
AGEC 402,Survey of International Agricultural Economics: Study Abroad,AGEC,"3 Lecture Hours. Examine, from an international setting, the shape of international agriculture; how culture, history, politics and geography in foreign countries affect the production and management of agricultural products; agricultural policy formation; countries' natural resources and competitive strategies; may be taken 3 times for credit. Prerequisites: AGEC 105 or 3 hours of economics; junior or senior classification or approval of department head.",3,
AGEC 408,"Economics of Foreign Intervention, Conflict and Development",AGEC,"3 Lecture Hours. Economic models of conflict and development; dynamic socio-political models of conflict; conflict and vulnerable groups; quantitative techniques and methods in conflict and development research; interaction between poverty, natural resources and conflict in developing countries; role of multilateral, bilateral, and strategic stakeholders in conflict resolution and promotion of economic development. Prerequisites: AGEC 105 or ECON 202 or equivalent; ENGL 104 ; or approval of inst",3,
AGEC 413,Agricultural Cooperatives,AGEC,"3 Lecture Hours. Historical development and principles of cooperative associations in our economic system; organizational and operational aspects of cooperatives; legal considerations, financing, management, and member relations; and future role of cooperatives. Prerequisites: AGEC 105 ; AGEC 314 ; and junior or senior classification.",3,
AGEC 414,Agribusiness and Food Market Analysis,AGEC,3 Lecture Hours. Application of economic and marketing principles to contemporary food and agribusiness marketing; practical marketing management for agribusiness firms; market analysis; and marketing strategy and planning as related to the emerging trends in the global food and agribusiness sector of the economy. Prerequisites: AGEC 317 ; MKTG 321 ; and junior or senior agribusiness majors only.,3,
AGEC 415,Food and Agribusiness Strategic Market Planning,AGEC,"Credits 0 to 3. 0 to 3 Lecture Hours. Development of a market plan targeting the food and agribusiness market sector; market analysis; business propositions; action plans for executing the 4 P's (Product, Price, Place, Promotion); monitoring and measurement. Prerequisites: AGEC 314 or MKTG 321 or MKTG 409 ; AGEC 315 ; junior or senior classification or approval of instructor.",0,
AGEC 416,Sales Management and Advanced Techniques in Professional Technical Selling for AgriFood Firms,AGEC,"3 Lecture Hours. . Principles and practices of sales management in food and agricultural firms; focus on business-to-business selling situations, theoretical and practical information about sales management for AgriFood firms; application of principles. Prerequisites: Grade of C or better in AGEC 216 , AGEC 315 , and AGEC 316 .",3,
AGEC 420,"Food Security, Climate and Conflict",AGEC,"3 Lecture Hours. Economic models of food production and consumption in conflict regimes; the micro-economics of violence; the dynamic relationships of climate and agricultural production; potential impacts of climate change on food and socio-political security; food security among insurgent groups; conflict resistant food systems; and the shifting relationships between poor and rich nations in relationship to climate, food and conflict. Prerequisites: AGEC 105 or ECON 202 , junior or senior clas",3,
AGEC 422,Land Economics,AGEC,"3 Lecture Hours. Economic, institutional, and physical factors involved in the use and control of natural resources; includes elements of introductory land economics as a discipline, economic foundations of land economics, institutional influences on land use, and the effects of public policy on land use. Prerequisites: AGEC 105 or 3 hours economics; and junior or senior classification.",3,
AGEC 423,Establishing Agribusiness Entrepreneurship Networks II,AGEC,"1 Lecture Hour. Engagement opportunities with successful agri/metropolitan entrepreneurs and other professionals, focusing on strategies and tactics for starting and sustaining viable rural and metropolitan business ventures; emphasis on importance of, and how to, develop relationships with a broad spectrum of mentors. Prerequisites: Junior or senior classification or approval of instructor. May not enroll in AGEC 223 and AGEC 423 during the same semester.",1,
AGEC 424,Agribusiness Entrepreneurship – Economic Analysis,AGEC,"2 Lecture Hours. 2 Lab Hours. Strategic planning regarding economic feasibility of a single-enterprise rural or metropolitan business venture; emphasis on processes for developing a comprehensive enterprise budget and construction and evaluation of risk management alternatives; exchanges with “real-world” entrepreneurs, financial experts and other management personnel; computer capabilities essential. Prerequisites: Grade of C or better in AGEC 105 or ECON 202 ; grade of C or better in ACCT 209 ",3,
AGEC 425,Agribusiness Entrepreneurship – Financial Analysis,AGEC,"2 Lecture Hours. 2 Lab Hours. Strategic planning regarding rural and metropolitan business ventures; emphasis on processes for developing comprehensive economics and financial prospectuses, including enterprise budgets, risk management planning, cash flow budgeting, net worth statements, income budgets, reconciliation statements and shock analysis; mentoring exchanges with “real-world entrepreneurs, financial experts and other management personnel. Prerequisites: AGEC 424 ; and junior or senior ",3,
AGEC 429,Agricultural Policy,AGEC,"3 Lecture Hours. Analysis of the causes, nature, and effects of government participation in agriculture; and interrelationship of the American agriculture and agribusiness sector with the political and economic system, public administration, and interest group representation. Prerequisites: AGEC 105 , ECON 202 or ECON 203 ; ENGL 103 or ENGL 104 ; and junior or senior classification.",3,
AGEC 430,Macroeconomics of Agriculture,AGEC,"3 Lecture Hours. Basic functioning of U.S. economy and relationship to agriculture; the differential effects of macroeconomic policy on disposable income, interest rates, unemployment, inflation and exchange rates; impact on agricultural commodity prices, farm input costs, net farm income, farmland values and key financial indicators. Prerequisites: AGEC 105 or 3 hours of economics; AGEC 317 or concurrent enrollment; AGEC 429 ; AGEC 330 or FINC 341 or FINC 409 ; and junior or senior classificati",3,
AGEC 431,Cases in Agribusiness Finance,AGEC,"3 Lecture Hours. Financial management of agribusiness firms; advanced topics in financial statement analysis, liquidity management, investment analysis, and capital structure illustrated through examination of agribusiness cases. Prerequisites: AGEC 317 ; AGEC 340 ; FINC 341 ; and junior or senior agribusiness majors only.",3,
AGEC 432,Rural Real Estate and Financial Analysis,AGEC,3 Lecture Hours. Advanced topics in investment analysis; financial intermediation in agriculture; real estate markets and market analysis; and appraisal valuation. Prerequisites: AGEC 317 (waived for nonmajors); AGEC 330 or FINC 341 or FINC 409 ; AGEC 422 ; and junior or senior classification.,3,
AGEC 434,Rural Financial Markets and Financial Planning,AGEC,"3 Lecture Hours. Organization, structure, conduct and regulation of lending institutions serving commercial agriculture and rural borrowers; borrower financial statement analysis, business forecasting, investment analysis and loan application process; lender credit application underwriting standards, credit scoring and loan decision making process; agricultural loan portfolio analysis. Prerequisites: ACCT 209 or ACCT 229 ; ACCT 210 or ACCT 230 ; AGEC 330 or FINC 341 or FINC 409 ; junior or senio",3,
AGEC 440,Agribusiness Strategic Analysis,AGEC,"3 Lecture Hours. Strategic management and economic principles for the agribusiness system; problem recognition and applied managerial/economic decision making with related considerations in marketing, production, or finance for agribusiness firms. Prerequisites: AGEC 317 ; AGEC 340 ; MGMT 363 ; and junior or senior agribusiness majors only.",3,
AGEC 447,Food and Agricultural Price Analysis,AGEC,3 Lecture Hours. Factors influencing the level of food and agricultural prices; price trends and seasonal variation; methods of forecasting demands and prices; and futures trading. Prerequisites: AGEC 314 ; AGEC 317 ; and junior or senior classification.,3,
AGEC 448,Agricultural Commodity Futures,AGEC,"3 Lecture Hours. Activities of commodity futures exchanges; the mechanics of trading futures contracts; the use of futures trading for hedging and forward pricing; and options, basis behavior, and hedging strategies for selected commodities. Prerequisites: AGEC 105 or 3 hours of economics; AGEC 314 ; AGEC 317 or concurrent enrollment; and junior or senior classification; or approval of department head.",3,
AGEC 452,International Trade and Agriculture,AGEC,"3 Lecture Hours. Changing role of U.S. agriculture in a dynamic world economy; national and international policies and institutions affecting agriculture; and exchange rates, tariffs, and non-tariff barriers. Prerequisites: AGEC 105 or 3 hours of economics; and junior or senior classification.",3,
AGEC 453,International Agribusiness Marketing,AGEC,"3 Lecture Hours. Basic competencies in international marketing of agri-foods; and market entry, pricing, payment, finance, and promotion. Prerequisites: AGEC 105 or 3 hours of economics; and junior or senior classification.",3,
AGEC 460,Cross-Cutting Issues in Agricultural Economics,AGEC,"Credits 0 to 3. 0 to 3 Lecture Hours. Examination of economic theory and its history; emphasis on the areas of agricultural business, finance, macroeconomics, management, marketing, microeconomics, quantitative analysis, resources, and economics policy; emphasis on the ability to properly analyze economic problems. Prerequisites: AGEC 317 ; AGEC 314 or MKTG 321 or MKTG 409 ; AGEC 330 or FINC 341 or FINC 409 ; AGEC 429 ; agricultural economics and agribusiness majors only; junior or senior classi",0,
AGEC 481,Ethics in Agribusiness and Agricultural Economics,AGEC,"1 Lecture Hour. Examination of the principals of ethical business behavior; context created through assigned readings, guest speakers from various law enforcement branches and private industry; written reports about personal experiences relative to this context; attention given to establishing personal principles for an ethical business career. Prerequisites: AGEC 217 ; senior classification; agricultural economics or agribusiness majors only.",1,
AGEC 484,Internship,AGEC,Credits 0 to 6. 0 to 6 Other Hours. Supervised experience program conducted in the area of the student's interest in agricultural economics and agribusiness. May be taken two times. Prerequisite: See an advisor in Room 214 AGLS Building.,0,
AGEC 485,Directed Studies,AGEC,Credits 0 to 6. 0 to 6 Other Hours. Special problems not covered by other courses. Content will depend upon problem studied. Prerequisite: See an advisor in Room 214 AGLS Building.,0,
AGEC 489,Special Topics in...,AGEC,Credits 1 to 4. 1 to 4 Lecture Hours. Selected topics in an identified area of agricultural economics. May be repeated for credit. Prerequisite: Junior or senior classification.,1,
AGEC 491,Research,AGEC,Credits 0 to 6. 0 to 6 Other Hours. Research conducted under the direction of faculty member in agricultural economics. May be repeated 3 times for credit. Registration in multiple sections of this course are possible within a given semester provided that the per semester credit hour limit is not exceeded. Prerequisites: Junior or senior classification and approval of department head; see an advisor in Room 214 AGLS Building.,0,
AGEC 495,International Agribusiness and Industry Practices,AGEC,"Credits 0 to 3. 0 to 3 Lecture Hours. Exposure to agribusiness operations in a international cross-cultural context and production operations, marketing and distribution of agriculture products from around the world; quantitative methods used for engaging in critical thinking about issues confronting the agribusiness industry. Prerequisite: AGEC 105 and junior classification.",0,
AGLS 101,Modern Agricultural Systems and Renewable Natural Resources,AGLS,"1 Lecture Hour. (AGRI 1131) Modern Agricultural Systems and Renewable Natural Resources. An introduction to modern agriculture and the natural, human and scientific resources upon which it depends. Prerequisite: Freshman or sophomore classification.",1,
AGLS 125,Life Sciences Learning Community I,AGLS,"Credits 0-1. 0-1 Lecture Hours. Development of personal and professional competencies in the life sciences: learning styles, leadership skills, appreciation for the arts; ethics in science, problem solving skills, experimental design, data gathering and interpretation, introduction to life sciences literature, critical analysis skills, and the connectivity between life science disciplines. May be taken two times for credit. Prerequisites: Freshman classification and approval of instructor.",0,
AGLS 225,Life Sciences Learning Community II,AGLS,"Credits 0 to 6. 0 to 6 Lecture Hours. Continuation of the development of personal and professional competencies in the life sciences: ethics in science, problem solving skills, experimental design, data gathering and interpretation, examination of life sciences literature, critical analysis skills, and the connectivity between life science disciplines. May be taken two times for credit. Prerequisites: Approval of instructor.",0,
AGLS 289,Special Topics in...,AGLS,Credits 1 to 4. 1 to 4 Lecture Hours. Selected topics in an identified area of agriculture and life science. May be repeated for credit. Prerequisite: Freshman or sophomore.,1,
AGLS 292,Cooperative Education in Agriculture,AGLS,"4 Other Hours. Educational work assignment by a student in the field of his or her career interest and course of study; supervision of the student by the cooperating employer and the instructor; a technical report, approved by the instructor, on a related subject area required. Prerequisite: Approval of the college coordinator of cooperative education.",2,
AGLS 301,College of Agriculture and Life Sciences Study Abroad,AGLS,Credits 1 to 18. 1 to 18 Other Hours. For students in approved programs abroad. May be repeated for credit. Prerequisites: Admission to approved program and approval of academic dean.,1,
AGLS 392,Cooperative Education in Agriculture,AGLS,"40 Other Hours. Educational work assignment by a student in the field of his or her career interest and course of study. Supervision of the student by the cooperating employer and the instructor; a technical report, approved by the instructor, on a related subject area required. Prerequisite: AGLS 292 .",2,
AGLS 489,Special Topics in...,AGLS,Credits 1 to 4. 1 to 4 Lecture Hours. Selected topics in an identified area of agricultural and life sciences.,1,
AGLS 492,Cooperative Education in Agriculture and Natural Resource Policy,AGLS,"Credits 0 to 3. 0 to 3 Other Hours. Educational work assignment by a student in the field of his or her career interest and course of study; supervision of the student by the cooperating employer and the instructor; a technical report, approved by the instructor, on a related subject area required. Prerequisites: AGLS 392 or approval of Agricultural and Natural Resources Policy Internship Program staff.",0,
AGSM 105,The World Has a Drinking Problem - Global Water Scarcity,AGSM,"3 Lecture Hours. Study of how drinking water maintains and improves human health, availability of fresh water throughout the world; includes how population changes, cultural influences, and political power affect quality, distribution and cost of water for children, rural communities and under-represented peoples.",3,
AGSM 125,Introduction to Agricultural Systems Management,AGSM,"2 Lab Hours. Introduction to technical management of agricultural systems using management projects presented by agricultural managers from industry; problem definition, information search, idea generation and development of management solutions. Prerequisite: Freshman or sophomore classification or approval of instructor; majors only.",1,
AGSM 201,Agricultural Energy and Power Systems,AGSM,"2 Lecture Hours. 2 Lab Hours. (AGRI 2301) Agricultural Energy and Power Systems. A study of the types of power and energy sources used in agricultural equipment and systems; management considerations for selecting, operating and maintaining internal combustion engines, electric equipment and motors, and renewables as power sources.",3,
AGSM 284,Internship,AGSM,0 Lecture Hours. 0 Lab Hours. 0 Other Hours. No Credit. Practical experience working in a professional agricultural systems management setting. May be taken three times. Prerequisite: Freshman or sophomore classification; approval of the instructor.,0,
AGSM 285,Directed Studies,AGSM,"Credits 0 to 4. 0 to 4 Other Hours. Selected problems in any phase of agricultural systems management; credit and specific content dependent upon background, interest, ability and needs of student enrolled; individual consultations and reports required. Prerequisites: Freshman or sophomore classification; approval of department head.",0,
AGSM 289,Special Topics in...,AGSM,Credits 1 to 4. 1 to 4 Lecture Hours. Selected topics in an identified area of agricultural systems management. May be repeated for credit. Prerequisite: Approval of instructor.,1,
AGSM 291,Research,AGSM,Credits 0 to 3. 0 to 3 Other Hours. Research conducted under the direction of faculty member in agricultural systems management. Prerequisites: Freshman or sophomore classification and approval of instructor.,0,
AGSM 301,Systems Analysis in Agriculture,AGSM,"3 Lecture Hours. Operations research and systems theory applied to management problems in food and agricultural industries; linear programming, queuing theory, simulation and critical path method; provides the knowledge and computer skills to better manage resources for the evolving agricultural industries. Prerequisites: Grade of C or better in MATH 140 or MATH 168 and MATH 142 or MATH 151 .",3,
AGSM 310,Agricultural Machinery Management,AGSM,"2 Lecture Hours. 2 Lab Hours. Selection of a matched complement of power units and machines for farming operations; consider constraints such as crops, season, weather, personnel and capital; apply systems techniques such as linear programming, optimization, queuing theory and inventory models; utilize available software programs and learn to develop electronic spreadsheets and other customized software. Prerequisites: AGSM 201 ; grade of C or better in AGSM 301 or concurrent enrollment; grade o",3,
AGSM 315,Food Process Engineering Technology,AGSM,"2 Lecture Hours. 2 Lab Hours. Elementary mechanics, physical and thermal properties of food and processing materials, heat transfer, mass and energy balances, psychrometrics (properties of air), insulation. Prerequisites: Grade of C or better in PHYS 201 or PHYS 206 , or approval of instructor. Cross Listing: FSTC 315/AGSM 315 .",3,
AGSM 325,Agri-Industrial Applications of Electricity,AGSM,"2 Lecture Hours. 2 Lab Hours. Elements of electric current generation and transmission, applications of electric heating, lighting and power, wiring, motors, energy rates, meter reading, safety rules and regulations. Prerequisite: AGSM 201 ; AGSM majors or minors only.",3,
AGSM 335,Water and Soil Management,AGSM,"2 Lecture Hours. 3 Lab Hours. Elementary principles of surface and ground water supply, flood control, water distribution systems and irrigation systems; principles of drainage, soil conservation and erosion control; elementary surveying, chaining, leveling and mapping applied to agricultural and natural resource needs; illustrated by practical examples of terracing and farm pond design. Prerequisite: Grade of C or better in MATH 140 or MATH 168 ; grade of C or better in CHEM 107 and CHEM 117 , ",3,
AGSM 337,Technology for Environmental and Natural Resource Engineering,AGSM,"3 Lecture Hours. For the nonengineering student in the environmental and management sciences; concentrates on the application of technology for solving local environmental problems while considering global issues; reduction of water, air and hazardous waste pollutants; legislative issues and modeling. Prerequisites: Grade of C or better in MATH 140 or MATH 168 and MATH 142 , or MATH 151 and MATH 152 , or AGSM 301 .",3,
AGSM 360,Occupational Safety Management,AGSM,"3 Lecture Hours. 0 Lab Hours. Safety considerations in the work environment, including safety mandates, safety mission, personal and business liability, fire, chemical, dust, machine noise, personal protective devices; design and implementation of safety programs. Prerequisite: Junior or senior classification.",3,
AGSM 403,Processing and Storage of Agricultural Products,AGSM,"2 Lecture Hours. 2 Lab Hours. Factors influencing the nature of biological materials and the preservation of quality throughout the harvesting, handling and processing system; a systems approach to cereal grains includes principles of drying, quality deterioration, storage, conveying and handling; processing of fiber crops. Prerequisites: AGSM 310 and AGSM 315/FSTC 315 ; or approval of instructor.",3,
AGSM 411,Cotton Gin Management,AGSM,"3 Lecture Hours. Principles of cotton operation, selection, maintenance, repair of machinery used in ginning; discussion of unit operations in ginning, determination of appropriate operating parameter; introduction to the industry, classification, textile processing; management of safety, labor, regulatory issues in gins and other processing facilities; economics of gin operation and machinery investment decisions. Prerequisites: Junior or senior classification or approval of instructor.",3,
AGSM 417,Food Process Engineering Technology II,AGSM,3 Lecture Hours. Applications of basic engineering concepts to understand common unit operations in the food (and related) industry. Prerequisites: AGSM 315/FSTC 315 or FSTC 315/AGSM 315 ; approval of instructor.,3,
AGSM 435,Irrigation Principles and Management,AGSM,2 Lecture Hours. 3 Lab Hours. Principles of irrigation and management for efficient use of water; soil-water-plant relationships; methods of application; power and labor requirements; automated systems and components. Prerequisite: Grade of C or better in MATH 140 or MATH 168 ; grade of C or better in CHEM 107 and CHEM 117 or CHEM 119 .,3,
AGSM 437,Landscape Irrigation,AGSM,"3 Lecture Hours. Design, installation, operation, and management of landscape irrigation systems; includes principles of hydraulics such as friction losses and design pressure, customer service, site evaluation, and a final design project; fulfills the education requirements for obtaining a State of Texas Irrigation License. Prerequisites: Junior or senior classification or approval of instructor.",3,
AGSM 439,Management of Agricultural Systems I,AGSM,"3 Lecture Hours. Application of agricultural systems management principles in solving realistic problems faced by agribusiness managers; project selection from problems posed by biological and agricultural industrial consultants; project feasibility study and outline; management and application philosophy; teamwork and communication, economics; product liability and reliability; standards and codes; goal setting and time management. Prerequisites: ENGL 210 , AGSM 310 , AGSM 325 , and AGSM 360 ; ",3,
AGSM 440,Management of Agricultural Systems II,AGSM,"3 Lecture Hours. Management of agricultural systems through team solution of management problems posed by agribusiness managers, farmers, extension specialists and other industry consultants; application of management principles to give experience in solving realistic problems faced by agribusiness managers; critical evaluation of results by students, staff and consultants. Prerequisite: COMM 203 ; grade of C or better in AGSM 439 ; should be taken last spring semester prior to graduation.",3,
AGSM 461,Geographic Information Systems for Resource Management,AGSM,"2 Lecture Hours. 2 Lab Hours. Geographic Information Systems (GIS) approach to solving spatial problems and managing natural resources, including the acquisition, management, manipulation, analysis, and mapping of spatial and non-spatial databases; identification of natural and relevant features from various data sources; integration of relevant technologies and data; extensive use of GIS software to solve real-world problems. Only one of the following will satisfy the requirements for a degree:",3,
AGSM 470,Agricultural Electronics and Control,AGSM,"2 Lecture Hours. 2 Lab Hours. Technology of electronic systems in agricultural production and processing, sensors, actuators, and controllers, controller hardware and computer bases. Prerequisite: AGSM 325 ; or approval of instructor.",3,
AGSM 473,Project Management for Agricultural Systems Technology,AGSM,"3 Lecture Hours. Development of fundamental skill set in project management; basic knowledge of project management methods, tools and techniques; includes organization and life cycle, management processes, integration management, time management, cost management, quality management, communications management, risk management, procurement management, stakeholder management. Prerequisites: Grade of C or better in AGSM 301 ; senior classification.",3,
AGSM 477,Air Pollution Control and Regulatory Compliance,AGSM,"3 Lecture Hours. Overview of federal and state environmental regulations focusing on permitting requirements for agricultural operations; operation of air pollution abatement systems to include cyclones, bag filters, and scrubbers; dispersion modeling; National Ambient Air Quality Standards. Prerequisite: Grade of C or better in AGSM 301 , or grade of C or better in MATH 140 and MATH 142 , or equivalent.",3,
AGSM 481,Seminar,AGSM,1 Lecture Hour. Professional development; ethics; career opportunities and topics of interest related to the practice of agricultural systems management. Prerequisite: Senior classification.,1,
AGSM 484,Internship,AGSM,Credits 0 to 6. 0 to 6 Other Hours. Practical experience working in a professional agricultural and/or food systems management setting. May be taken three times. Prerequisites: Junior or senior classification; approval of the instructor.,0,
AGSM 485,Directed Studies,AGSM,Credits 0 to 4. 0 to 4 Other Hours. Selected problems in any phase of agricultural systems management; credit and specific content depend on background and interest of student; individual consultations and reports required. Prerequisites: Junior classification; approval of department head; 2.0 GPR.,0,
AGSM 489,Special Topics in...,AGSM,Credits 1 to 4. 1 to 4 Lecture Hours. Special topics in an identified area of agricultural systems management. May be repeated for credit.,1,
AGSM 491,Research,AGSM,Credits 0 to 3. 0 to 3 Lecture Hours. Research conducted under the direction of faculty member in agricultural systems management. May be repeated 2 times for credit. Registration in multiple sections of this course are possible within a given semester provided that the per semester credit hour limit is not exceeded. Prerequisites: Junior or senior classification and approval of instructor.,0,
ALEC 285,Directed Studies,ALEC,"Credits 1 to 4. 1 to 4 Other Hours. Directed study of selected issue in field of agricultural leadership, education, and communications with emphasis on collection, synthesis and interpretation of information. May be taken four times for credit. Prerequisite: Approval of department advisor.",1,
ALEC 289,Special Topics in...,ALEC,Credits 1 to 4. 1 to 4 Lecture Hours. 0 to 4 Lab Hours. Special topics in an identified area of agricultural development. May be repeated for credit. Prerequisite: Approval of department advisor.,1,
ALEC 291,Research,ALEC,Credits 1 to 4. 1 to 4 Lecture Hours. Research conducted under the direction of faculty member in agricultural communications and journalism. May be taken two times for credit. Prerequisites: Freshman or sophomore classification and approval of department advisor.,1,
ALEC 350,Global Agricultural Issues,ALEC,"3 Lecture Hours. Review of global agricultural issues (products, environment, people, and culture) affecting international agricultural development; concepts and principles underlying the processes of teaching, research, and service opportunities in international agricultural development and education situations. Prerequisites: Junior or senior classification or approval of instructor.",3,
ALEC 370,Principles of Positive Youth Development,ALEC,"3 Lecture Hours. Fundamental concepts of youth development practices, programs, organizations and services; development of a critical understanding of the changing views of adolescence and youth culture; overview of youth development theories and principles of positive youth development; aspects of youth development programs; developmental outcomes associated with participation in youth development programs. Prerequisite: Junior or senior classification.",3,
ALEC 371,Skills and Techniques for Youth Development Professionals,ALEC,"3 Lecture Hours. Development of skills for effective activity leadership to meet the needs of diverse youth populations; focus on applying experiential learning approaches, multiple activity styles, the role of intentionality, specificity, and application in activity selection, activity sequencing, and activity debriefing. Prerequisite: Junior or senior classification.",3,
ALEC 372,Designing and Delivering Effective Youth Programs,ALEC,"3 Lecture Hours. Comprehensive concepts of program design for youth programs; focuses on key programming issues; development of implementation plans; overview of equipment and facilities; focus on program flexibility, risk management and evaluation (formative and summative). Prerequisites: Junior or senior classification.",3,
ALEC 375,Youth Development Programming in Sport and Physical Activities,ALEC,"3 Lecture Hours. Role of community-based sports in developing healthy youth; ways in which sport programs can be designed to maximize physical, intellectual, emotional, and social outcomes; role of key adults and institutions in the delivery of youth sport experiences. Prerequisites: Junior or senior classification.",3,
ALEC 377,Camp Management and Administration,ALEC,"3 Lecture Hours. Structure and organization, administration and leadership, and challenges and opportunities facing professionals interested in careers in residential camping for youth. Prerequisites: Junior or senior classification.",3,
ALEC 380,"Workshop in Agricultural Leadership, Education, and Communications",ALEC,"Credits 1 to 4. 1 to 4 Lecture Hours. The study, understanding and solution of human-agricultural problems based on theory learned in the classroom, library, laboratory and fieldwork completed by individuals and teams. May be taken three times for credit. Prerequisite: Junior or senior classification.",1,
ALEC 399,High-Impact Experience,ALEC,0 Lecture Hours. Participation in an approved high-impact learning practice; documentation and self-assessment of learning experience. Prerequisites: Junior or senior classification; or approval of instructor.,0,
ALEC 412,Technology-Enhanced Instructional Design Strategies for Agriculture,ALEC,"3 Lecture Hours. Techniques and applications of technology to enhance instruction of agricultural topics; instructional design principles, instructional strategies, technological tools; the design, development and delivery of technology-enhanced instruction for agriculture and the life sciences. Not intended for majors in education. Prerequisite: Junior or senior classification.",3,
ALEC 425,Principles of Program Evaluation,ALEC,"3 Lecture Hours. Evaluation principles applied to educational programs in agriculture and life science; basic understanding of skills in program evaluation processes, concepts, and theories; develop expertise needed to design and conduct evaluations of youth and adults in extension, community, and school-based programs. Prerequisite: Junior or senior classification.",3,
ALEC 450,Global Social Justice Issues in Agriculture,ALEC,"3 Lecture Hours. An in-depth evaluation of global social justice issues and leadership skills necessary to effectively solve and manage issues in agricultural development; topics include awareness, knowledge and understanding of teaching, research and service opportunities for those seeking careers in global social justice and agricultural leadership. Prerequisite: Junior or senior classification or approval of instructor.",3,
ALEC 460,Applying International Development Theories in Agriculture,ALEC,"2 Lecture Hours. 2 Lab Hours. Practical application of agricultural development theories (geographical, communal, societal, etc.) in real-world settings; high-impact learning, research skill development, international travel or participation in a service-learning project with an international organization. Prerequisites: Junior or senior classification or approval of instructor.",3,
ALEC 472,Grant Writing and Program Evaluation for Youth Development Organizations,ALEC,"3 Lecture Hours. Development of knowledge and skills to successfully write grant proposals and design program evaluation plans for youth development organizations; appropriate funding opportunities and considerations; grant guidelines; budget, timeline, and personnel; program evaluation plan development; evaluating grant proposals. Prerequisites: Grade of C or better in ALEC 370 or RPTS 370; or approval of instructor; junior or senior classification.",3,
ALEC 473,"Diversity, Equity, and Inclusion in Youth Development Organizations",ALEC,"3 Lecture Hours. 0 Lab Hours. Understanding of youth diversity (e.g., ability and disability, socio-economic background, race, ethnicity, and cultural background, beliefs and religion, and gender characteristics); implementation of inclusive and equitable programming; development of cultural competencies. Prerequisites: Grade of C or better in ALEC 370 .",3,
ALEC 474,Positive Youth Development in the Age of Artificial Intelligence,ALEC,3 Lecture Hours. Understanding the intersection of positive youth development and artificial intelligence; exploration of data science and machine learning techniques and how they can be leveraged to support and enhance the well-being and potential of young people. Prerequisites: Grade of C or better in ALEC 370 ; junior or senior classification.,3,
ALEC 478,Youth Development Practice,ALEC,3 Lecture Hours. Application of youth development philosophy in community settings; principles and practices of community youth development and existing youth development models; local efforts related to community youth development. Prerequisite: Grade of C or better in ALEC 370 and ALEC 371 and junior or senior classification.,3,
ALEC 485,Directed Studies,ALEC,"Credits 0 to 4. 0 to 4 Other Hours. Directed individual study of selected problems in international agriculture leadership, education and communications. Prerequisites: Junior or senior classification; approval of department advisor.",0,
ALEC 489,Special Topics in...,ALEC,"Credits 1 to 4. 1 to 4 Lecture Hours. 0 to 4 Lab Hours. Special topics in an identified area of international agriculture leadership, education, and communications. May be taken four times for credit. Prerequisite: Junior or senior classification.",1,
ALEC 491,Research,ALEC,"Credits 1 to 4. 1 to 4 Lecture Hours. Research conducted under the direction of faculty member in international agricultural leadership, education, and communications. May be taken three times for credit. Prerequisites: Junior or senior classification; approval of department advisor.",1,
ALEC 494,Internship,ALEC,Credits 1 to 6. 1 to 6 Other Hours. Supervised internship and independent study related to the student's professional interest. May be taken six times for credit. Prerequisites: Junior or senior classification; approval of departmental advisor.,1,
ANSC 101,Introductory Seminar for Animal Science,ANSC,"1 Lecture Hour. Orientation to programs and opportunities in the Department of Animal Science, to create an awareness of campus resources for financial aid and tutoring, to develop goals for college career and to initiate planning for internship and job opportunities.",1,
ANSC 107,General Animal Science,ANSC,"3 Lecture Hours. (AGRI 1319, 1419*) General Animal Science. General understanding of all aspects of the livestock industry; basic agriculture nomenclature of breeds, species and types of livestock; reproduction, nutrition, genetics, food safety, growth and development of beef cattle, sheep, horses, swine, dairy cattle and poultry; brief description of the companion animal industry.",3,
ANSC 108,General Animal Science Laboratory,ANSC,"2 Lab Hours. (AGRI 1119, AGRI 1419*) General Animal Science Laboratory. General overview of the beef cattle, dairy cattle, horse, sheep, swine and poultry industries; information on major breeds, anatomy, phenotypic and genotypic selection criteria and production practices for each species; major disciplines of the animal industry including breeding and genetics, nutrition, reproductive physiology and products; utilization of live animals, models and feedstuffs/equipment to enhance experiential ",1,
ANSC 111,Animal Production Systems,ANSC,"2 Lecture Hours. 2 Lab Hours. Transformative experiences related to beef cattle, dairy cattle, equine, sheep, swine, goats, companion animals, meats, food products and food safety; exposure to available animal science careers and potential areas of future/additional study. Prerequisites: Grade of C or better in ANSC 101 or AGLS 101 , ANSC 107 , and ANSC 108 .",3,
ANSC 113,Farm Animal Biosystems,ANSC,2 Lecture Hours. Information regarding the processes by which networks of cells are controlled and coordinated within the farm animal. Prerequisites: Grade of C or better in ANSC 107 and ANSC 108 .,2,
ANSC 117,Texas Barbecue,ANSC,"1 Lecture Hour. Survey, demonstration and participation in preparation techniques of Texas barbecue; comparison of regional and international barbecue methods. Prerequisite: First year students.",1,
ANSC 201,Introductory Equine Care and Use,ANSC,"2 Lecture Hours. Survey of basic equine care and use; breeds of horses and their use; care and maintenance of equines including feeding, health care, housing and equipment.",2,
ANSC 205,Animal Science Laboratory Preparation Methods,ANSC,"1 Lecture Hour. 2 Lab Hours. . Study of basic animal production systems knowledge and effective pedagogical techniques to prepare animal science laboratories and animal handling methods; includes high-impact learning opportunity to allow the practice of pedagogical techniques learned in a controlled and supported environment. Prerequisite: Grade of C or better in ANSC 107 , ANSC 108 , and ANSC 111 .",2,
ANSC 207,Art and Heritage of Livestock,ANSC,"3 Lecture Hours. Using art as a venue to understand the legacy and heritage of livestock production and livestock's contribution to civilization and society; from man as hunter, agriculturalist, and finally, as industrialist; from cave paintings to Russell and Remington; history of the effects of painting, poetry, architecture and sculpture on agriculture.",3,
ANSC 210,Companion Animal Science,ANSC,"3 Lecture Hours. Types, care, physiology, common diseases and common treatments of companion animals (dogs, cats, exotic pets); careers including biomedical research; solutions for problems such as behavior and overpopulation.",3,
ANSC 211,Equine Industry and Career Preparation,ANSC,"2 Lecture Hours. Identify opportunities and skill sets required to pursue a career in the equine industry; development of resume, communication, professional etiquette and interview skills.",2,
ANSC 215,Introduction to Livestock Evaluation,ANSC,1 Lecture Hour. 3 Lab Hours. (AGRI 2321) Introduction to Livestock Evaluation. Live market animal appraisal in relation to carcass and composition; criteria for selection of breeding livestock; techniques for preparation and delivery of oral reason.,2,
ANSC 221,Equine Handling and Safety,ANSC,"2 Lecture Hours. 2 Lab Hours. Working around horses safely and effectively; includes equine behavior, proper handling techniques, controlling movement of horses, health assessment and basic management. Prerequisite: ANSC 201 .",3,
ANSC 235,Animal Welfare Judging,ANSC,1 Lecture Hour. 3 Lab Hours. . Preparation for competition in Intercollegiate Animal Welfare Judging/Assessment competition; use of primary literature to strengthen knowledge of welfare issue present in the species chosen for competition scenario; required for participation on the Animal Welfare Judging Team. Prerequisites: ANSC 107 .,2,
ANSC 242,Growth and Development of Livestock,ANSC,"2 Lecture Hours. 2 Lab Hours. Evaluation of slaughter livestock as related to growth and development, production efficiency, carcass value; selection of breeding animals based on performance, production records, visual appraisal; principles of growth biology; biotechnological tools used to manage growth and development. Prerequisites: ANSC 107 and ANSC 108 .",3,
ANSC 289,Special Topics in…,ANSC,Credits 1 to 4. 1 to 4 Lecture Hours. 0 to 4 Lab Hours. Selected topics in an indentified area of animal science. May be repeated for credit. Prerequisite: Approval of instructor.,1,
ANSC 291,Research,ANSC,Credits 0 to 4. 0 to 4 Other Hours. Research conducted under the direction of faculty member in animal science. May be repeated 2 times for credit. Prerequisites: Freshman or sophomore classification and approval of instructor; 2.0 GPR in major and overall.,0,
ANSC 302,Basic Beef Cattle Production,ANSC,3 Lecture Hours. Fundamental concepts of beef management and production principles; service course recommended for non-animal science majors. Prerequisites: ANSC 107 and ANSC 108 .,3,
ANSC 303,Principles of Animal Nutrition,ANSC,"3 Lecture Hours. Scientific approach to nutritional roles of water, carbohydrates, proteins, lipids, minerals, vitamins, and other dietary components; emphasis on the comparative aspects of gastrointestinal tracts and on digestion, absorption, and metabolism of nutrients. Prerequisites: CHEM 119 and a grade of C or better in ANSC 113 , or CHEM 222 , CHEM 227 or CHEM 257 ; junior classification or approval of instructor. Cross Listing: NUTR 303/ANSC 303 .",3,
ANSC 305,Animal Breeding,ANSC,"2 Lecture Hours. 2 Lab Hours. A systems approach to selection and mating of livestock; gene frequency, heritability, relationship, inbreeding, linebreeding, heterosis, crossbreeding, direct and correlated response to selection, and use of pedigree, family, progeny testing and indices for selection. Prerequisites: Grade of C or better in ANSC 111 and ANSC 113 ; GENE 301 ; STAT 301 , STAT 302 , STAT 303 , or ANSC 309 ; junior classification or approval of instructor.",3,
ANSC 307,Meats,ANSC,2 Lecture Hours. 3 Lab Hours. Integrated studies of the meat animal processing sequence regarding the production of meat-type animals and the science and technology of their conversion to human food. Prerequisites: Grade of C or better in ANSC 113 ; junior classification or approval of instructor.,3,
ANSC 309,Applied Animal Record Keeping,ANSC,"2 Lecture Hours. 2 Lab Hours. Keeping, analyzing and interpreting records to make fully-informed decisions on a day-to-day basis for production and management scenarios; practical application unique to animal science and meat processing. Prerequisite: Junior or senior classification.",3,
ANSC 311,Equine Behavior and Training,ANSC,1 Lecture Hour. 3 Lab Hours. Equine behavior and application of principles of psychology to training horses; systematic approaches to horse training emphasizing principles of learning; equipment and its use; stable management and preparation of horses for competition; separate laboratory sections for students with varying backgrounds. Prerequisite: Junior or senior classification.,2,
ANSC 314,Wool Evaluation and Grading,ANSC,"1 Lecture Hour. 3 Lab Hours. Evaluation of U.S.D.A. grades for wool and mohair; steps involved in processing raw wool into finished fabric; genetic and environmental factors affecting quality characteristics of wool and mohair; grading, evaluation and selection of fleeces for economic value; oral and written defense of judgments.",2,
ANSC 315,Livestock Judging,ANSC,"1 Lecture Hour. 3 Lab Hours. Selection and evaluation of beef cattle, swine, sheep and horses. Ability to present accurate, clear and concise oral and written reasons stressed. Prerequisites: ANSC 107 and ANSC 108 ; junior or senior classification.",2,
ANSC 316,Equine Selection and Judging,ANSC,1 Lecture Hour. 3 Lab Hours. Detailed evaluation and comparison of horses; selection and critique of athleticism and performance in horses; industry trends addressed; oral and written defense of judgments also explained and expected; required for participation on the Horse Judging Team. Prerequisite: Junior or senior classification or approval of instructor.,2,
ANSC 317,"Meat Selection, Evaluation and Grading",ANSC,"1 Lecture Hour. 3 Lab Hours. Selection and grading of carcasses and wholesale cuts of beef, pork and lamb; principles of evaluation included in carcass contests and progeny testing. Prerequisites: ANSC 107 and ANSC 108 .",2,
ANSC 318,Animal Feeds and Feeding,ANSC,"2 Lecture Hours. 3 Lab Hours. Scientific approaches associated with precision feeding and diet formulation to match nutrient availabilities of feedstuffs with requirements of various classes of livestock species; emphasis on cost-effective feeding strategies to optimize animal productivity, and end-product quality and safety, while mitigating environmental impacts and enhancing animal health and welfare. Prerequisite: Grade of C or better in ANSC 111 , ANSC 113 and ANSC 303/NUTR 303 ; junior cla",3,
ANSC 320,Animal Nutrition and Feeding,ANSC,"3 Lecture Hours. Nutritional functions of water, protein, carbohydrates, fats, minerals and vitamins and their digestion, absorption, use and excretion; energy, protein and forage feedstuff characteristics and processing; nutritional requirements, ration formulation and feeding methods for farm animals; general course for non-animal science majors. Prerequisite: Junior or senior classification or approval of instructor; restricted to students in the college of agriculture and life sciences.",3,
ANSC 325,Advanced Livestock and Product Evaluation,ANSC,"1 Lecture Hour. 3 Lab Hours. Advanced evaluation of cattle, swine, sheep and equine; products produced or associated with each species; advanced oral or written defense of judgments associated with changing trends in these industries. May be repeated three times for credit. Prerequisite: Junior or senior classification.",2,
ANSC 326,Food Bacteriology,ANSC,"3 Lecture Hours. Microbiology of human foods and accessory substances; raw and processed foods; physical, chemical and biological phases of spoilage; standard industry techniques of inspection and control. Prerequisite: Junior or senior classification or approval of instructor. Cross Listing: FSTC 326/ANSC 326 .",3,
ANSC 327,Food Bacteriology Lab,ANSC,3 Lab Hours. Laboratory to accompany ANSC 326/FSTC 326 or FSTC 326/ANSC 326 . Cross Listing: FSTC 327/ANSC 327 .,1,
ANSC 333,Reproduction in Farm Animals,ANSC,"2 Lecture Hours. Physiological principles of reproductive processes in cattle, sheep, swine, and horses including sperm and ova production, estrus, fertilization, gestation and parturition. Prerequisites: Grade of C or better in ANSC 113 or ANSC 303/NUTR 303 .",2,
ANSC 334,Reproduction in Farm Animals Laboratory,ANSC,"0 Lecture Hours. 2 Lab Hours. . Laboratory techniques relevant to reproductive processes in cattle, sheep, swine, and horses including sperm and ova production, estrus, fertilization, gestation, and parturition. Prerequisite: Grade of C or better in ANSC 333 or concurrent enrollment.",1,
ANSC 337,Meat Merchandising,ANSC,"1 Lecture Hour. 3 Lab Hours. Steps of meat processing and merchandising of retail and foodservice; merchandising practices such as selection, identification, fabrication, pricing, packaging and distribution. Prerequisites: ANSC 307 ; junior or senior classification.",2,
ANSC 360,System Dynamics for Animal Sciences,ANSC,"2 Lecture Hours. . System dynamics modeling for the analysis of business policy and strategy; study of visualization of a business organization in terms of structures and policies that create dynamics and regulate performance; emphasis on animal production. Prerequisite: Grade of C or better in ANSC 303/NUTR 303 or ANSC 320 , or approval of the instructor.",2,
ANSC 380,Animal Science for Agricultural Science,ANSC,"3 Lecture Hours. . Preparation to become agriculture, food and natural resources (AFNR) teachers with an opportunity for the expansion of knowledge of the primary livestock species; information relating to breeding and genetics, reproduction, physiology, nutrition, management systems, products and disease; a brief exploration of companion animals. Prerequisite: ANSC 107 and Agricultural Science major.",3,
ANSC 399,Animal Science Experience,ANSC,0 Lecture Hours. Participation in an approved high-impact learning practice; reflection on professional outcomes from animal science body of knowledge; documentation and self-assessment of learning experience at mid and final curriculum points. Prerequisite: Junior or senior classification.,0,
ANSC 404,Behavior and Management of Domestic Animals,ANSC,"3 Lecture Hours. 2 Lab Hours. Application of behavior of cattle, horses, sheep, goats and swine to their management; basic principles, physiology of behavior, perception, training, predators, use of dogs in livestock production, stress and animal welfare. Prerequisites: Grade of C or better in ANSC 305 , ANSC 307 , ANSC 318 and ANSC 333 ; junior or senior classification or approval of instructor.",4,
ANSC 406,Beef Cattle Production and Management,ANSC,"3 Lecture Hours. 2 Lab Hours. Principles involved for profitable and sustainable, integrated beef cattle production as considered from the perspective of the U.S. cow-calf sector and from an overall systems-based approach. Prerequisites: Grade of C or better in ANSC 305 , ANSC 307 , ANSC 318 , and ANSC 333 ; junior or senior classification or approval of instructor.",4,
ANSC 408,Management of Stocker and Feedlot Cattle,ANSC,"3 Lecture Hours. 2 Lab Hours. Basic principles involved in feeding, management, marketing and disease control of stocker and feeder cattle from weaning through slaughter for economical production of beef. Prerequisites: Grade of C or better in ANSC 305 , ANSC 307 , ANSC 318 , and ANSC 333 ; STAT 301 , STAT 302 , STAT 303 , or ANSC 309 ; junior or senior classification.",4,
ANSC 411,Equine Nutrition and Health,ANSC,"3 Lecture Hours. Designed to provide knowledge of nutrition and health in the horse; gastrointestinal anatomy, nutrient utilization, feeding management and nutritional requirements; metabolic diseases, infectious diseases, internal and external parasites, and herd health management. Prerequisite: Junior or senior classification.",3,
ANSC 412,Swine Production and Management,ANSC,"3 Lecture Hours. 2 Lab Hours. Basic principles and their practical application in efficient, economical pork production; all areas of production--breeding and selection, nutrition, housing and equipment, marketing, herd health and economic management. Prerequisites: Grade of C or better in ANSC 305 , ANSC 307 , ANSC 318 , and ANSC 333 ; junior or senior classification or approval of instructor.",4,
ANSC 414,Sheep and Goat Production and Management,ANSC,"3 Lecture Hours. 2 Lab Hours. In-depth hands-on experiences related to sheep and goat production and management providing an advanced understanding of small ruminant production. Prerequisites: Grade of C or better in ANSC 305 , ANSC 307 , ANSC 318 , and ANSC 333 ; junior or senior classification or approval of instructor.",4,
ANSC 415,Brazil: Comparative Ruminant Production,ANSC,3 Lecture Hours. Contrast two scenarios of ruminant production in Brazil; the effects of globalization on the two different production systems. Prerequisites: ANSC 303/NUTR 303 or ANSC 320 or approval of instructor.,3,
ANSC 418,Equine Exercise Physiology,ANSC,"2 Lecture Hours. 2 Lab Hours. Changes within the systems of the horse resulting from the physical stresses of exercise, adaptations of systems in response to a training regimen; methodology for measuring improvement in physical condition; foundation for development of training programs for horses in moderate, intense or prolonged performance activities. Prerequisites: Junior or senior classification and approval of instructor.",3,
ANSC 420,Equine Production and Management,ANSC,"3 Lecture Hours. 2 Lab Hours. Application of biological and biotechnological principles and concepts in areas including genetics, breeding, nutrition, reproduction, immunology, parasitology, anatomy and exercise physiology to efficient production of horses for market; management of equine enterprises. Prerequisite: Grade of C or better in ANSC 305 , ANSC 307 , ANSC 318 , and ANSC 333 ; junior or senior classification or approval of instructor.",4,
ANSC 423,Issues in the Equine Industry,ANSC,1 Lecture Hour. Integration of cumulative knowledge acquired in the equine science curriculum to demonstrate critical thinking and communication skills to address critical issues in the equine industry. Prerequisite: Junior or senior classification; approval of instructor.,1,
ANSC 429,Dairy Production Management,ANSC,"3 Lecture Hours. 2 Lab Hours. Major principles for profitable and sustainable dairy production for a commercial dairy operation; provides hands-on experiences in dairy cattle management; develops critical thinking skills to make dairy cattle management decisions. Prerequisite: Grade of C or better in ANSC 305 , ANSC 307 , ANSC 318 and ANSC 333 ; junior or senior classification or approval of instructor.",4,
ANSC 432,Equine Industry Tour,ANSC,"2 Lecture Hours. . All facets of the Texas Equine Industry, including breed associations, large events, breeding and production operations, large ranches, performance horse training barns, media, history, veterinary medicine, retail, sports medicine, and nutrition; network and gain a holistic perspective on the inner workings of the equine industry. Prerequisites: Junior or senior classification; approval of instructor.",2,
ANSC 434,Animal Reproduction Management,ANSC,"3 Lecture Hours. 2 Lab Hours. Available and emerging technologies including control of ovulation, artificial insemination, embryo manipulation and transfer, in vitro fertilization and animal cloning for managing reproduction of farm animals; hands-on sessions using available technologies including artificial insemination of cattle. Prerequisites: Grade of C or better in ANSC 305 , ANSC 307 , ANSC 318 and ANSC 333 ; junior or senior classification or approval of instructor.",4,
ANSC 436,Texas Panhandle Beef Production Tour,ANSC,2 Lecture Hours. Facets of beef production from cow/calf operations to retail product; experiential knowledge of technologies and practices to enhance efficiency to enlighten students regarding the array of career opportunities in the beef production industry. Prerequisites: Junior or senior classification or approval of instructor.,2,
ANSC 437,Marketing and Grading of Livestock and Meat,ANSC,"3 Lecture Hours. 2 Lab Hours. Study of USDA livestock and carcass grades; understanding current market trends for beef, pork, lamb and goat; review of branded and certified programs; principles applied in contracting, breakeven determination, hedging, and grid or formula pricing. Prerequisite: Junior or senior classification or approval of instructor.",4,
ANSC 439,Feedlot Risk Management,ANSC,"2 Lecture Hours. Advanced study of livestock marketing techniques; cash sales, video sales, futures and options markets, forward contracting; problem solving in real-time livestock marketing situations; risk of ownership of hypothetical livestock operations. Prerequisites: junior or senior classification or approval of instructor.",2,
ANSC 447,Advanced Meat Science and Technology,ANSC,"3 Lecture Hours. 3 Lab Hours. Advanced basic and applied studies of meat science and/or technology utilizing the underlying physiological and structural components for conversion to human food; understanding the influence of pre- and post-harvest factors on meat quality, composition, color, packaging, sensory and preparation factors; applying scientific and business principles to manufacturing and process flow of commercial meat food products and demonstrating knowledge of these principles throu",4,
ANSC 451,Current Issues in Animal Agriculture,ANSC,3 Lecture Hours. 2 Lab Hours. Preparation to project a professional image and the use of communication skills to describe animal agriculture; converse about the strengths and weaknesses of animal agriculture. Prerequisites: Junior or senior classification or approval of instructor.,4,
ANSC 455,System Dynamics for Animal Science,ANSC,"2 Lecture Hours. Exploration of system dynamics modeling emphasizing animal science; mapping of complex system structures; development and testing of computer-based models of animal science. Prerequisites: Grade of C or better in ANSC 303/NUTR 303 or ANSC 320 , or approval of instructor.",2,
ANSC 457,Hazard Analysis and Critical Control Point System,ANSC,"3 Lecture Hours. Hazard Analysis and Critical Control Point (HACCP) principles specifically related to meat and poultry; microbiological and process overviews; good manufacturing practices and standard operating procedures development. Prerequisite: FSTC 326/ANSC 326 or ANSC 326/FSTC 326 , or approval of instructor. Cross Listing: FSTC 457/ANSC 457 .",3,
ANSC 467,Processed Meat Food Operations,ANSC,2 Lecture Hours. 2 Lab Hours. Application of scientific and business principles to manufacturing and process flow of commercial meat food products. Prerequisites: ANSC 307 or FSTC 307 or approval of department head.,3,
ANSC 470,Quality Assurance for the Food Industry,ANSC,3 Lecture Hours. Principles of food system process control including statistical process control (SPC) and the tools required to assure uniform communication and understanding of quality assurance systems. Prerequisite: Junior or senior classification. Cross Listing: FSTC 470/ANSC 470 .,3,
ANSC 481,Seminar,ANSC,1 Lecture Hour. Review of literature and research problems related to the livestock and food industries; preparation of a technical report including an oral presentation supported by a written technical paper. Prerequisite: Senior classification.,1,
ANSC 484,Livestock Practicum,ANSC,2 Other Hours. Provides an opportunity to learn skills required in livestock production; planned for students who have had limited farm and ranch experience in one or more species. Prerequisite: Junior or senior classification in animal science or approval of instructor.,1,
ANSC 485,Directed Studies,ANSC,Credits 0 to 4. 0 to 4 Other Hours. Directed individual study of selected problem in field of animal science. Prerequisites: Junior or senior classification; written approval of professor supervising the activity; 2.0 GPR in major and overall.,0,
ANSC 487,Sensory Evaluation of Foods,ANSC,"2 Lecture Hours. 2 Lab Hours. Application of sensory science principles and practices to food systems including an understanding of discriminative, descriptive and consumer sensory techniques. Prerequisites: CHEM 222 or CHEM 228 ; junior or senior classification. Cross Listing: FSTC 487/ANSC 487 .",3,
ANSC 489,Special Topics in...,ANSC,Credits 1 to 4. 1 to 4 Lecture Hours. 0 to 8 Lab Hours. Selected topics in an identified area of animal science. May be repeated for credit. Prerequisite: Junior or senior classification.,1,
ANSC 491,Research,ANSC,Credits 0 to 4. 0 to 4 Other Hours. Research conducted under the direction of faculty member in animal science. May be repeated 3 times for credit. Registration in multiple sections of this course is possible within a given semester provided that the per semester credit hour limit is not exceeded. Prerequisite: Junior or senior classification and approval of instructor; 2.0 GPR in major and overall.,0,
ANSC 494,Animal Science Internship,ANSC,Credits 0 to 5. 0 to 5 Other Hours. Independent study and supervised field experience related to the student's professional interest. Prerequisites: Junior or senior classification or approval of instructor; 2.0 GPR in major and overall.,0,
ANSC 495,International Agriculture and Animal Production,ANSC,3 Lecture Hours. Study of international agriculture and animal production in the world market; impact on foreign economies and culture; considerations of import and export marketing on products to and from the U.S. to provide students the exposure to international economies and cultures; study abroad. Prerequisites: Grade of C or better in ANSC 107 or approval of instructor.,3,
ANSC 498,Animal Science Capstone,ANSC,"4 Lecture Hours. Senior capstone project for students preparing to enter a career related to animal science or a professional school; individual projects based on a self-selected topic in animal science; includes a paper containing both translational and technical descriptions plus statements regarding the expected financial and social impacts of selected topic. Prerequisites: Grade of C or better in ANSC 303/NUTR 303 , ANSC 307 , ANSC 333 , and ANSC 334 ; senior classification.",4,
ANTH 201,Introduction to Anthropology,ANTH,"3 Lecture Hours. (ANTH 2346, HUMA 2323) Introduction to Anthropology. An introduction to the discipline of anthropology through the examination of its four sub-fields: archaeology, physical anthropology, sociocultural anthropology and linguistics; also taught at Qatar campus.",3,
ANTH 202,Introduction to Archaeology,ANTH,"3 Lecture Hours. (ANTH 2302) Introduction to Archaeology. An introduction to the study of the human past through the retrieval, analysis, and interpretation of material remains; also taught at Galveston campus.",3,
ANTH 204,The Prehistoric World,ANTH,3 Lecture Hours. Exploration of the development of human societies and world prehistory from the beginnings of humanity more than two million years ago to emergence of complex civilizations.,3,
ANTH 205,Peoples and Cultures of the World,ANTH,3 Lecture Hours. Survey of human cultures around the world using case studies of customs and cultural organization; case studies exemplifying contrasting types of cultures and societies.,3,
ANTH 210,Social and Cultural Anthropology,ANTH,"3 Lecture Hours. (ANTH 2351) Social and Cultural Anthropology. Evolution of cultures; differences, similarities and effects of material and non-material culture on economic, social and political organization; also taught at Galveston campus.",3,
ANTH 222,Cross Cultural Competency,ANTH,"3 Lecture Hours. Development of skills vital for effective engagement in an increasingly diverse and interconnected world; personal awareness of biases, attitudes, values, beliefs and ways of knowing; exploration of the impact of culture on our ability to think critically and communicate effectively.",3,
ANTH 225,Introduction to Biological Anthropology,ANTH,"3 Lecture Hours. (ANTH 2301, 2401*) Introduction to Biological Anthropology. Study of human biology including an examination of evolutionary processes acting on human populations; human genetics; non-human primate anatomy, classification and ecology of primates; the primate paleontological record, and human variation and adaptation. Prerequisites: Concurrent registration in ANTH 226 recommended; also taught at Galveston campus.",3,
ANTH 226,Introduction to Biological Anthropology Laboratory,ANTH,"3 Lab Hours. (ANTH 2101, 2401*)Introduction to Biological Anthropology Laboratory. Exploration of basic evolutionary principles through population genetics; hands-on exposure to the fossils of primate and human evolution along with opportunity to measure, compare, contrast and observe trends that have occurred throughout the Cenozoic era. Prerequisites: Concurrent registration in ANTH 225 is recommended; also taught at Galveston campus.",1,
ANTH 229,Introduction to Folklore,ANTH,"3 Lecture Hours. Study of folklore through selected examples of traditional cultures, their beliefs, customs and art forms such as: tales, folksongs, proverbs, riddles and material culture.",3,
ANTH 285,Directed Studies,ANTH,Credits 0 to 3. 0 to 3 Other Hours. For individual research in anthropology on subjects not included in established courses. May be taken two times for credit. Prerequisites: Freshman or sophomore classification and approval of instructor.,0,
ANTH 289,Special Topics In...,ANTH,Credits 1 to 4. 1 to 4 Lecture Hours. 0 to 4 Lab Hours. Selected topics in an identified area of anthropology. May be repeated for credit.,1,
ANTH 291,Research,ANTH,Credits 0 to 3. 0 to 3 Other Hours. Research conducted under the direction of a faculty member in Anthropology. May be taken two times for credit. Prerequisites: Freshman or sophomore classification and approval of instructor.,0,
ANTH 300,Cultural Change and Development,ANTH,3 Lecture Hours. Anthropological strategies for the study of cultural change and the implication of these strategies for the development of Western and non-Western societies.,3,
ANTH 301,Indians of North America,ANTH,"3 Lecture Hours. Native North American cultures from the Arctic to Mesoamerica; their origins, cultures prior to extensive acculturation and their contemporary situations.",3,
ANTH 302,Archaeology of North America,ANTH,"3 Lecture Hours. Overview of archaeology and prehistory of North America from the arrival of humankind through the development of agriculture to Euro-American contact. Prerequisite: ANTH 201 , ANTH 202 , ANTH 204 , ANTH 205 , or ANTH 210 .",3,
ANTH 304,Archaeology Roadshow,ANTH,"3 Lecture Hours. Interdisciplinary field-trip in the archaeology and paleoecology of a specific region; high-impact learning experiences in a field setting. May be repeated two times for credit. Prerequisites: ANTH 201 , ANTH 202 , ANTH 204 , ANTH 205 , or ANTH 225 ; approval of instructor.",3,
ANTH 305,Fundamentals of Anthropological Writing,ANTH,1 Lecture Hour. Basic types of writing expected of anthropology students; emphasis on the subject matter of an upper-division anthropology course in which the student is currently enrolled. Prerequisites: Junior or senior classification and co-enrollment in another upper-division anthropology course (the &quot;companion course&quot;).,1,
ANTH 308,Archaeology of Mesoamerica,ANTH,"3 Lecture Hours. Development of Indian civilizations in Mexico and Guatemala, including prehistory of the Olmec, Maya, Aztec and other regional cultures to the time of the Spanish conquest.",3,
ANTH 312,Fossil Evidence of Human Evolution,ANTH,3 Lecture Hours. Detailed review of fossil antecedents of humans including theoretical implications for an understanding of human evolution. Prerequisite: ANTH 225 or approval of instructor.,3,
ANTH 313,Historical Archaeology,ANTH,"3 Lecture Hours. Use and methods of historical archaeology in locating, documenting, restoring and preserving our historical resources; also taught at Galveston campus.",3,
ANTH 316,Nautical Archaeology,ANTH,"3 Lecture Hours. Nautical Archaelogy Underwater shipwrecks, sunken harbors, and other submerged evidence of human activities; relationship to cultural geography in general; problems of diving technology, surveying and preservation; relevance to modern problems. Prerequisite: Junior or senior classification; also taught at Galveston campus.",3,
ANTH 317,Introduction to Biblical Archaeology,ANTH,3 Lecture Hours. Application of archaeology in biblical research; basic overview of the material cultures that are the setting for the biblical narratives. Cross Listing: RELS 317/ANTH 317 .,3,
ANTH 318,Nautical Archaeology of the Americas,ANTH,"3 Lecture Hours. Seafaring in the Americas from the 16th to the 20th centuries based on shipwreck archaeology; ship construction, exploration, commerce, naval warfare and related activity; influence of seafaring on the cultures, economics and history of the Western Hemisphere; also taught at Galveston campus.",3,
ANTH 323,Nautical Archaeology of the Mediterranean,ANTH,3 Lecture Hours. The archaeology of ancient seafaring in the Mediterranean from the Stone Age through the Roman Empire. Prerequisite: Junior or senior classification.,3,
ANTH 324,Music in World Cultures,ANTH,"3 Lecture Hours. Examination of music from an ethnomusicological perspective focusing on musical performance and the complex interrelationship of music to culture, society and daily life; examination of music from a variety of cultures through a series of case studies. Prerequisite: Junior or senior classification or approval of instructor. Cross Listing: MUSC 324/ANTH 324 .",3,
ANTH 330,Field Research in Anthropology,ANTH,"Credits 1 to 9. 1 to 9 Other Hours. Training for students in formulating and solving anthropological problems through field research; problem oriented field research under supervision. Prerequisites: Grade of C or better in ANTH 201 , ANTH 202 , ANTH 204 , ANTH 205 , ANTH 210 , or ANTH 225 ; approval by instructor.",1,
ANTH 335,Cultures of Central Asia,ANTH,3 Lecture Hours. Study of anthropological research in Central Asia: ecological adaptations; colonialism and post-colonialism; ethnic politics and ethnic conflict; religion and identity; gender and family; globalization and modernization. Prerequisite: Junior or senior classification.,3,
ANTH 340,Folklore and the Supernatural,ANTH,"3 Lecture Hours. Traditional expressions of the supernatural such as superstition, belief tale and divination classified as folklore genres and their relationships to the cultures in which they develop; theories drawn from anthropology, folklore and related social sciences. Prerequisite: Junior or senior classification or approval of instructor. Cross Listing: RELS 340/ANTH 340 .",3,
ANTH 350,European Archaeology,ANTH,3 Lecture Hours. Overview of archaeology and prehistory of Europe from the evolution of the hominids to the development of agriculture and the rise of civilization; also taught at Galveston campus.,3,
ANTH 351,Classical Archaeology,ANTH,"3 Lecture Hours. Origins and spread of Western civilization through the material remains of Minoan, Mycenaen, Etruscan, and early Greek and Roman cultures. Prerequisite: Junior or senior classification or approval of instructor; Galveston campus.",3,
ANTH 353,Archaeology of Ancient Greece,ANTH,"3 Lecture Hours. Archaeology of ancient Greece from the Stone Age until the ascent of Rome in the Hellenistic Period; remains of ancient Greek art (sculpture, mosaic, painting), architecture (temples, homes, civic structures), religion (figurines, votive offerings), and social history (coins, inscriptions). Prerequisite: Junior or senior classification. Cross Listing: CLAS 353/ANTH 353 .",3,
ANTH 354,Archaeology of Ancient Italy,ANTH,"3 Lecture Hours. Archaeology of ancient Italy from the Stone Age until the collapse of the Roman Empire in the fourth century; remains of ancient Etruscan and Roman art (sculpture, mosaic, painting), architecture (temples, homes, civic structures), religion (figurines, votive offerings), and social history (coins, inscriptions). Prerequisite: Junior or senior classification. Cross Listing: CLAS 354/ANTH 354 .",3,
ANTH 360,Ancient Civilizations of the World,ANTH,"3 Lecture Hours. Explores recent discoveries and efforts by archaeologists to understand the rise and fall of states and civilizations that emerged in the Near East, Africa, India, Europe, China, Mesoamerica, and Peru between 3500 BCE and 1500 CE. Prerequisite: Junior or senior classification.",3,
ANTH 370,Cultural Diversity and Ethics,ANTH,"3 Lecture Hours. Examination of the cultural construction of ethical values and how cultural diversity, including beliefs, values and ways of doing business, impacts human technological innovation; focuses on developing a holistic, social-science mindset and application of critical thinking skills.",3,
ANTH 382,Conflict Archaeology and Military History,ANTH,"3 Lecture Hours. Military history; conflict archaeology; human conflict; diplomacy, ethics, and leadership in conflicts; warfare; modern global issues; public service. Prerequisites: Junior or senior classification or approval of instructor. Cross Listing: HIST 382/ANTH 382 .",3,
ANTH 401,Ice Age Humans in North America,ANTH,"3 Lecture Hours. Archaeological, environmental and geological evidence related to the timing of human entry into the Americas and megafaunal extinctions at the end of thePleistocene. Prerequisite: ANTH 202 or equivalent.",3,
ANTH 402,Archaeological Artifact Conservation,ANTH,"3 Lecture Hours. 3 Lab Hours. Analysis of the treatments for artifacts of clay, stone, glass, wood, shell, bone, fiber and metal from archaeological excavations or ethnographic, and historic collections presented in an integrated series of lectures and hands-on laboratory experience. Prerequisite: Junior or senior classification or approval of instructor.",4,
ANTH 403,Anthropology of Religion,ANTH,"3 Lecture Hours. Cross-cultural, theoretical analysis of religion as a cultural phenomenon; exploring the relationships between religion, culture, society and the individual; also taught at Galveston campus. Cross Listing: RELS 403/ANTH 403 .",3,
ANTH 404,Women and Culture,ANTH,"3 Lecture Hours. Examines women's lives in evolutionary and cross-cultural perspective; women's roles in subsistence, politics, religion and economics in traditional cultures; women's roles in international development; the cultural and social construction of women's biology cross-culturally including circumcision, menstruation, pregnancy, childbirth and motherhood. Prerequisite: Junior or senior classification; approval of instructor. Cross Listing: WGST 404/ANTH 404 .",3,
ANTH 405,Introduction to the Primates,ANTH,3 Lecture Hours. Survey of nonhuman primates from ecological and evolutionary perspectives covering numerous topics including: taxonomy; primate evolution; behavioral observation; reproductive strategies; diet; and conservation. Prerequisite: Junior or senior classification.,3,
ANTH 409,"Science, Pseudoscience and Critical Thinking in Anthropology",ANTH,"3 Lecture Hours. Close scrutiny of fantastic claims made across a broad spectrum of media regarding anthropology, biological anthropology and archaeology; distinction of science from pseudoscience; critical evaluation of scientific and pseudoscientific research; evaluation of media portrayal of science; development of critical thinking skills for skeptical investigation of extraordinary claims. Prerequisite: Junior or senior classification or approval of instructor; also taught at Galveston camp",3,
ANTH 410,Anthropological Theory,ANTH,3 Lecture Hours. A systematic examination of the basic principles of anthropology. Prerequisite: ANTH 210 or ANTH 205 .,3,
ANTH 412,Archaeological Theory,ANTH,"3 Lecture Hours. History of scientific archaeological exploration; major theoretical paradigms and movements in archaeological theory; current trends in archaeology; intellectual developments from other disciplines that influenced archaeological thought. Prerequisites: Junior or senior classification, ANTH 202 or approval of instructor.",3,
ANTH 415,Anthropological Writing,ANTH,"3 Lecture Hours. Reading and discussion of the classic genres of anthropological literature; instruction in writing styles and techniques appropriate to each genre, followed by guided writing assignments. Prerequisite: Junior or senior classification.",3,
ANTH 417,Naval Warfare and Warships in Ancient Greece and Rome,ANTH,"3 Lecture Hours. Extensive survey of Greek and Roman warships, naval warfare, naval strategy and tactics drawing upon archaeological evidence, literary documentation and iconographic material, from the Bronze Age (Ancient Egypt and the mythical Trojan War) to the Imperial Roman Navy. Prerequisite: Junior or senior classification. Cross Listing: CLAS 417/ANTH 417 .",3,
ANTH 418,"Romans, Arabs, and Vikings--Seafaring in the Mediterranean during the early Christian Era",ANTH,"3 Lecture Hours. Examination of seafaring, maritime commerce, naval affairs, and shipbuilding in the Mediterranean from the late Roman Period until the fall of Constantinople in 1453. Prerequisite: Junior or senior classification.",3,
ANTH 419,Indians of Texas,ANTH,"3 Lecture Hours. Study of diverse native/immigrant Texas Indian lifeways/cultures from late pre-European to contemporary times; exploration of historical underpinnings, traditional cultures, especially land-use patterns; assessment of tribal relationships with colonial powers, U.S., and Texas governments as evidenced in ethnographic, ethnohistoric, and historical materials; application toward anthropological, archaeological, and human ecology research. Prerequisites: Junior or senior classificat",3,
ANTH 420,"Pirates, Privateers, and Sea Raiders",ANTH,"3 Lecture Hours. History and archaeology of piracy, privateering, and sea raiding from ancient times in the Mediterranean, through the Viking Era in the Northern Atlantic, and the advent of piracy in the New World and Caribbean; sociology of contemporary piracy in Africa and the Indian Ocean; sensationalism of pirate legend and the cultural responses to the influences of the pirate phenomenon, both cinematographic and literary. Prerequisites: Junior or senior classification.",3,
ANTH 421,Advanced Museum Studies,ANTH,"2 Lecture Hours. 3 Lab Hours. Exploration of advanced topics in museum programs; preservation, research, education, outreach; development and implementation; emphasis on historical contexts, disciplinary intersections, ethical obligations and professional responsibilities; service to community, state and national interest and advancement of sciences. Prerequisite: Grade of C or better in MUST 221/ARCH 221 , ARCH 221/MUST 221 , or MAST 220 ; junior or senior classification. Cross Listing: MUST 42",3,
ANTH 423,Bioarchaeology,ANTH,"3 Lecture Hours. Role of human skeletal studies in reconstructing the biological and cultural past of humans; evidence gleaned from human skeletal remains recovered from archaeological sites such as data regarding diet, health, genetics and migration. Prerequisites: ANTH 225 ; junior or senior classification; also taught at Galveston campus.",3,
ANTH 424,Human Evolutionary Ecology: Culture and Cooperation,ANTH,"3 Lecture Hours. Examination of evolutionary perspective to explore culture, cooperation and sociality and subsistence behaviors across a wide variety of human cultures; part of the Human Evolutionary Ecology series along with ANTH 434 . Prerequisite: Junior or senior classification.",3,
ANTH 425,Human Osteology,ANTH,"2 Lecture Hours. 3 Lab Hours. Concepts and methods used by anthropologists to identify, describe and analyze human skeletal remains from forensic and archaeological contexts. Prerequisites: ANTH 225 and ANTH 226 , or VIBS 305 ; junior or senior classification.",3,
ANTH 426,Anthropology of Food and Nutrition,ANTH,"3 Lecture Hours. Anthropological study of human foodways and their nutritional consequences; how environmental, biological and cultural factors interact to produce patternsof food intake, and the effects of such patterns on health, growth and fertility; examples drawn primarily from non-Western societies. Prerequisite: ANTH 201 or ANTH 210 or ANTH 225 or NUTR 202 or approval of instructor.",3,
ANTH 427,Human Biological Variation,ANTH,"3 Lecture Hours. Biological basis of variation in the physical features of modern humans; details of anatomical and physiological differences of living populations to understand their adaptive and historical significance; history of human variation studies rooted in the historical notion of &quot;race.&quot; Prerequisites: ANTH 225 and ANTH 226 , or BIOL 214 or BIOL 225; junior or senior classification.",3,
ANTH 430,Applied Anthropology,ANTH,"3 Lecture Hours. Theory, ethics and practical applications of anthropological methods and concepts as they relate to planned programs of sociocultural change. Prerequisites: ANTH 210 ; junior or senior classification.",3,
ANTH 434,Human Evolutionary Ecology: Reproduction and Parenting,ANTH,"3 Lecture Hours. Evolutionary ecology perspective on family-formation patterns, sexuality, reproduction and parenting of humans throughout the life course and across different cultures; part of a Human Evolutionary Ecology series along with ANTH 424 . Prerequisites: Junior or senior classification.",3,
ANTH 435,Medical Anthropology,ANTH,"3 Lecture Hours. Overview of medical anthropology, a subfield in anthropology which examines the biological and cultural basis of health and disease in order to understand the influence of culture on the illness experience and treatment. Prerequisite: Junior or senior classification or approval of instructor.",3,
ANTH 436,Ancient Egypt I,ANTH,3 Lecture Hours. Archaeology and history of ancient Egypt from earliest times to the end of the New Kingdom period. Prerequisites: Junior or senior classification or approval of instructor. Cross Listing: RELS 436/ANTH 436 .,3,
ANTH 437,Ethnobotany,ANTH,3 Lecture Hours. Interdisciplinary study of the complex and dynamic relationships that exist between people and plants. Prerequisite: Junior or senior classification or approval of instructor.,3,
ANTH 438,Ancient Egypt II,ANTH,3 Lecture Hours. Archaeology and history of ancient Egypt from the end of the New Kingdom to the end of the Graeco-Roman period. Prerequisites: Completion of ANTH 436/RELS 436 or RELS 436/ANTH 436 recommended but not required; junior or senior classification or approval of instructor. Cross Listing: RELS 438/ANTH 438 .,3,
ANTH 440,Studies in Globalization,ANTH,"3 Lecture Hours. Selected issues on the anthropology of globalization such as the impact of global circulations of media, money and people on local cultures, identities and politics, migration and political economy. May be taken three times for credit. Prerequisites: Junior or senior classification or approval of instructor.",3,
ANTH 444,Classical Archaeology,ANTH,"3 Lecture Hours. History of the discipline through the individuals, organizations, excavations, theoretical models and ethical issues that have shaped it. Prerequisites: Junior or senior classification. Cross Listing: CLAS 444/ANTH 444 .",3,
ANTH 445,Studies in African Diaspora,ANTH,"3 Lecture Hours. Examination of topics related to global African diaspora including African descent populations outside of Africa wherever found (the Americas, the Caribbean, Europe, Asia, etc.); construction of blackness in Latin America; diversity of past and present African descent populations in the Old World; social and political mobilization; religion; popular culture; cultural politics; politics of identity. May be taken three times for credit. Prerequisite: Junior or senior classificatio",3,
ANTH 447,Lithic Artifact Analysis,ANTH,"2 Lecture Hours. 3 Lab Hours. Laboratory-based course reviewing methods archaeologists use to analyze stone tools and debitage, including identification of tool-stone sources, reconstruction of technology, explanation of assemblage variability, and microscopic use-wear analysis. Prerequisite: ANTH 202 and approval of instructor; junior or senior classification.",3,
ANTH 448,Quantitative Methods in Anthropology,ANTH,"3 Lecture Hours. Quantitative analytical methods employed by anthropologists; includes statistical analyses, statistical software and sampling theory commonly used in anthropological research. Prerequisites: Junior or senior classification; STAT 302 or STAT 303 .",3,
ANTH 458,Quantitative Ethnographic Methods,ANTH,"3 Lecture Hours. Quantitative data collection and analytical methods employed by anthropologists; includes standardized observation, structured interviews, demography and network analysis; hands-on assignments involving data collection among local community. Prerequisite: Junior or senior classification.",3,
ANTH 461,Environmental Archaeology,ANTH,"2 Lecture Hours. 3 Lab Hours. Exploration of the paleoecological context in which past humans interacted with the natural environment encompassing plants, animals and landscape; advanced method, theory and applications in paleoenvironmental reconstruction. Prerequisites: ANTH 202 or approval of instructor; junior or senior classification.",3,
ANTH 464,Cultural Heritage and Resource Management,ANTH,"3 Lecture Hours. Evaluation of modern ideas about how and why archaeological, architectural, ethnographic, and natural resources should be preserved and presented to current and future societies; critical examination of the theories, methods, regulations, and ethics that guide efforts to preserve and protect cultural heritage within a context of past endeavors and future directions. Prerequisites: Junior or senior classification or approval of instructor.",3,
ANTH 484,Anthropology Internship,ANTH,"Credits 0 to 3. 0 to 3 Other Hours. Provides students with the opportunity to gain practical experience in a variety of settings, including local, state or federal agencies; museums; non-profit organizations; non-governmental organizations; private firms. May be taken four times for credit. Prerequisite: Junior or senior classification.",0,
ANTH 485,Directed Studies,ANTH,Credits 0 to 9. 0 to 9 Other Hours. For individual research in anthropology on subjects not included in established courses. May be repeated for credit. Prerequisite: Junior or senior clasification or approval of instructor; also taught at Galveston campus.,0,
ANTH 489,Special Topics in...,ANTH,Credits 1 to 4. 1 to 4 Lecture Hours. Selected topics in an identified area of anthropology. May be repeated for credit.,1,
ANTH 491,Research,ANTH,Credits 0 to 3. 0 to 3 Other Hours. Research conducted under the direction of a faculty member in Anthropology. May be taken two times for credit. Prerequisites: Junior or senior classification and approval of instructor.,0,
ARCH 105,Design and Visual Communications Foundations I,ARCH,"2 Lecture Hours. 10 Lab Hours. Architectural design principles; development of skills in perception, thought and craft as they apply to the formation of two- and three-dimensional relationships; introduction to and practice of tools, methods, techniques available for graphic communication; graphic communication and the design process; observation and other forms of free-hand drawing and drawing systems that develop representational and descriptive capabilities. Prerequisites: BS in Architecture ",5,
ARCH 106,Design and Visual Communication Foundations II,ARCH,"2 Lecture Hours. 10 Lab Hours. Approaches to problem identification and problem solving emphasizing human, physical and cultural factors influencing architectural design; understanding of space, materiality and tectonics in a human body scale; development of drawing methods with emphasis on analytical drawing; reinforcement of visual and verbal communication as applied to design processes. Prerequisites: Grade of C or better in ARCH 105 ; major in BS in Architecture.",5,
ARCH 115,Visual Communication Foundations I,ARCH,"3 Lecture Hours. 0 Lab Hours. Introduction to and practice of tools, methods, techniques available for graphic communication; graphic communication and the design process; observation and other forms of free-hand drawing and drawing systems that develop representational and descriptive capabilities.",3,
ARCH 205,Architecture Design I,ARCH,"2 Lecture Hours. 10 Lab Hours. Issues and methods in designing environments for human habitation and well-being; projects addressing site, functional planning, spatial ordering, form generation through a recognition of the synthesis of space, structure, use and context; reinforcement of appropriate graphic and model building techniques. Prerequisites: Grade of C or better in ARCH 105 and ARCH 106 .",5,
ARCH 206,Architecture Design II,ARCH,"2 Lecture Hours. 10 Lab Hours. Fundamental issues of innovative design processes and creation explored through the creative use of past, present and future materials, tools, and technologies; with an emphasis upon the research of materials, methods, scale, craft and technique as instruments of design, fabrication, and production. Prerequisites: Grade of C or better in ARCH 205 .",5,
ARCH 212,Social and Behavioral Factors in Design,ARCH,"3 Lecture Hours. Social and behavioral factors in the built and natural environment; environmental perception and spatial cognition; social-environmental processes such as privacy and crowding; setting-oriented discussion on residences, education, and the workplace; the psychology of nature and natural resource management; social design and social science contribution to architectural design.",3,
ARCH 213,Sustainable Architecture,ARCH,"3 Lecture Hours. A comprehensive introduction to sustainability concepts, techniques and applications at all levels of the built environment, history of contemporary development of sustainable architecture from 1960 to the present; design strategies, environmental technologies and social factors for reducing building energy needs and carbon foot prints; global applications of sustainable approaches.",3,
ARCH 216,Computational Methods in Architecture,ARCH,"2 Lecture Hours. 2 Lab Hours. Software and processes for computation design in architecture; image editing and creation, vector drawing, 3D modeling, parametric modeling, rendering techniques and simulation.",3,
ARCH 221,Foundations of Museum Studies,ARCH,"3 Lecture Hours. Introduction to museums, cultural heritage and collections care; best practices for non-profit institutions, public engagement and the collection, preservation and exhibition of material culture; emphasis on archaeological, ethnographic, and historical collections, or other collections of cultural significance. Cross Listing: MUST 221/ARCH 221 .",3,
ARCH 246,Foundations of Historic Preservation,ARCH,3 Lecture Hours. Exploration and evaluation of the cross-disciplinary work of historic preservation; emphasis on the significance of historic places to societal well-being and conservation alternatives for historic and cultural environments; review of preservation projects and treatments; guest presentations and case studies from practicing professionals and researchers in a variety of fields.,3,
ARCH 249,Survey of World Architecture History I,ARCH,3 Lecture Hours. (ARCH 1301) Survey of World Architecture History I. A survey of world architecture and the human-designed and built environment from prehistory to the 13th century.,3,
ARCH 250,Survey of World Architecture History II,ARCH,3 Lecture Hours. (ARCH 1302) Survey of World Architecture History II. A survey of world architecture and the human-designed and built environment from the 13th to the 19th century.,3,
ARCH 260,Comparative Theory in the Built and Virtual Environments,ARCH,"3 Lecture Hours. Introduction of cultural theory and the environment; theories, special concepts and ideas relevant to the built and virtual environments with primary focus on the last fifty years; theory, theory building, and application to buildings and urban design; formation of ideas and critical ways of assessing the environment.",3,
ARCH 281,Seminar in Contemporary Architecture,ARCH,1 Lecture Hour. Presentations by and discussions with professionals representing specialty areas related to environmental design through the Department of Architecture Lecture Series. May be taken four times for credit. Must be taken on a satisfactory/unsatisfactory basis.,1,
ARCH 289,Special Topics in...,ARCH,Credits 1 to 5. 0 to 10 Lab Hours. 1 to 5 Other Hours. Selected topics in an identified area of Architecture. May be repeated for credit.,1,
ARCH 291,Research in Architecture Innovation,ARCH,Credits 0 to 4. 0 to 4 Other Hours. Research conducted under the direction of faculty member in the College of Architecture. May be repeated 2 times for credit. Prerequisite: Approval of instructor and department head.,0,
ARCH 305,Architecture Design III,ARCH,"2 Lecture Hours. 10 Lab Hours. Integration of architectural theories and philosophy with environmental design systems; study of theoretical approaches to graphic and analytical thinking, problem identification and design dissemination through various media, case studies and problem resolution; conditions and forces associated with a variety of building types and the generation design solutions. Prerequisites: Admission to upper level in BS in Architecture; ARCH 249 and ARCH 250 .",5,
ARCH 317,Digital Fabrication for Architecture,ARCH,"1 Lecture Hour. 4 Lab Hours. Digital fabrication for architecture including software, numerically controlled tools, translation applications and management strategies for digital fabrication workflows; production of building components from three dimensional datasets of virtual architecture proposals. Prerequisites: Junior or senior classification or approval of instructor; ARCH 216 or approval of instructor.",3,
ARCH 327,Conceptual Structural Analysis,ARCH,1 Lecture Hour. 4 Lab Hours. A non-mathematical investigation of structural systems and components with respect to behavior; selection of the most appropriate structural system for various building typologies. Prerequisite: Junior or senior classification or approval of instructor.,3,
ARCH 328,Architectural Envelopes,ARCH,"3 Lecture Hours. Study of roof, wall, glazing and screen systems of significant works in contemporary architecture and the strategies behind their making; focus on innovative materials, surface effects, and performance aspects. Prerequisite: Junior or senior classification in environmental design.",3,
ARCH 330,The Making of Architecture,ARCH,"3 Lecture Hours. Study of significant works of contemporary architecture and materials and strategies used in their making; focus on innovative materials, systems, and partnerships necessary to realize the design. Prerequisites: Junior or senior classification in environmental design or approval of instructor or ARCH classification.",3,
ARCH 331,Architectural Structures,ARCH,"2 Lecture Hours. 2 Lab Hours. Physical principles that govern statics and strength of materials through the design of architectural structures from a holistic view, in the context of architectural ideas and examples; introduction to construction, behavior of materials, and design considerations for simple and complex structural assemblies; computer applications. Prerequisites: Junior or senior classification in environmental design; MATH 142 or equivalent; PHYS 201 .",3,
ARCH 335,Architectural Systems,ARCH,"2 Lecture Hours. 2 Lab Hours. Theory and applications of building energy use, envelope design, shading analysis, heating and cooling systems, lighting design; building water supply, plumbing and drainage systems; electrical, acoustical, fire and lightning protection; life safety; transportation systems and construction materials; calculations, equipment selection, and component sizing as they relate to building design. Prerequisites: Junior or senior classification in environmental design; PHYS ",3,
ARCH 345,History of Building Technology,ARCH,"3 Lecture Hours. Chronological development of civilization and building technology from prehistoric cultures to present; classic and modern materials, structural devices past and present, machine-produced products, prefabrication, construction methodology and servicing.",3,
ARCH 346,"Architecture, Heritage and Culture",ARCH,3 Lecture Hours. Global exploration of how architecture and the built environment express culture and identity; theoretical and practical approaches to cultural heritage and conservation. Prerequisite: Junior or senior classification.,3,
ARCH 347,Documentation of Historic Buildings and Sites,ARCH,"1 Lecture Hour. 4 Lab Hours. Techniques for recording historic buildings and sites; measuring and drawing to Historic American Building Survey Standards; field experience in photography, laser scanning, photogrammetry, hand measuring, field notes and record drawing preparation. Prerequisites: Junior or senior classification or approval of instructor.",3,
ARCH 350,History and Theory of Modern and Contemporary Architecture,ARCH,"3 Lecture Hours. Development of modern and contemporary architecture in the 20th and 21st centuries; materials, structure, social and economic changes as well as architectural theory. Prerequisites: Junior or senior classification.",3,
ARCH 353,History of Product Design,ARCH,"3 Lecture Hours. History of product design in Europe and America including the relationship between designer and object, the relationship of design, industry and media over time and design criticism; focus on material/technical and typological approaches, comparative method and content analysis in context of original environment and social history. Prerequisite: Junior or senior classification or approval of instructor.",3,
ARCH 360,Topics in Design Build Community Service,ARCH,"1 Lecture Hour. 4 Lab Hours. Contemporary topics in architectural design-build practices including high impact interdisciplinary learning experiences developed through a project-based learning model with a focus on the planning, design, pre-construction, construction and project delivery; team-based approach with those outside of the architecture discipline to design, plan and complete project documents, estimates and undertake the construction activities necessary to make a fully functioning co",3,
ARCH 381,Design Seminar,ARCH,1 Lecture Hour. Presentations by and discussions with professionals representing specialty areas related to architectural fabrication and product design. May be taken three times for credit. Prerequisite: Junior or senior classification or approval of instructor.,1,
ARCH 401,Design Creativity,ARCH,3 Lecture Hours. Fundamental critical and creative thinking skills needed to participate in and create the future; study of how design can impact the physical environment and society. Prerequisites: Junior or senior classification or approval of instructor.,3,
ARCH 405,Architecture Design IV,ARCH,"2 Lecture Hours. 12 Lab Hours. A comprehensive design studio focused on the integration of design theory with functionally sustainable environmental and structural systems; consideration of a project from site analysis and programming through design detailing. Prerequisites: ARCH 305 , ARCH 331 , ARCH 335 ; CARC 301 or ARCH 494 ; concurrent enrollment in ARCH 431 and ARCH 435 .",6,
ARCH 406,Architecture Design V,ARCH,"2 Lecture Hours. 10 Lab Hours. Topical approaches to design, emphasizing theory and practice of architecture or related disciplines, such as urban design, interior design, health care design, etc. Prerequisites: Junior or senior classification; admission to upper level in BS in Architecture; grade of C or better in ARCH 305 , ARCH 331 and ARCH 335 ; grade of C or better in CARC 301 or ARCH 494 ; students may with approval of the department enroll in the course during the summer term prior to tak",5,
ARCH 413,Elements of Urban Design,ARCH,"3 Lecture Hours. Investigation of design elements shaping the urban environment; emphasis placed on contemporary precedents in architecture, landscape and urbanism to evaluate design complexity on multiple levels: social, political, environmental, economic, cultural and geographic. Prerequisite: Admission to upper level division in BED or BS-URPN.",3,
ARCH 421,Energy and Sustainable Architecture,ARCH,"3 Lecture Hours. Understanding the various design decisions impacting sustainability and energy efficiency; includes participation in an &quot;academic&quot; LEED-NC rating project; interdisciplinary team approach with a design studio architect to perform the LEED-NC rating on the architect's building; application of reference material, standards, and USGBC material. Prerequisite: Junior and senior classification or approval of instructor.",3,
ARCH 430,"History of Ancient Architecture in the Near East, Egypt, Greece and Rome",ARCH,"3 Lecture Hours. Examination of stylistic, structural and theoretical advancements in ancient architecture, with case studies from the Near East, Egypt, Greece and Rome. Prerequisite: ARCH 249 or ARTS 149 ; junior or senior classification or approval of degree coordinator or instructor.",3,
ARCH 431,Integrated Structures,ARCH,"1 Lecture Hour. 2 Lab Hours. Selection and economics of structural systems in the context of integrating structural systems into a building through good design; analysis and design of wood, steel, concrete, and composite systems and members in relation to building design. Prerequisites: Admission to upper level in environmental design; ARCH 305 , ARCH 331 , ARCH 335 ; concurrent enrollment in ARCH 405 and ARCH 435 .",2,
ARCH 433,Architectural Lighting,ARCH,3 Lecture Hours. Theory and practice of lighting design as an art and science; aperture design for sunlight control; selecting and locating luminaries to enhance interior and exterior surfaces and spaces. Prerequisite: ARCH 335 or junior or senior classification in EDAS.,3,
ARCH 434,The Role of Sculpture and Painting in Ancient Architecture,ARCH,"3 Lecture Hours. Interrelationships of architecture, painting and sculpture in the ancient world including Egypt, Mesopotamia, Crete, Greece and Rome. Prerequisite: ARCH 249 or ARTS 149 ; junior or senior classification or approval of degree coordinator or instructor.",3,
ARCH 435,Integrated Systems,ARCH,"1 Lecture Hour. 2 Lab Hours. Understanding how to integrate sustainable environmental systems into a building through good design; lectures support studio; systems faculty participate in studio critiques throughout the project. Prerequisites: Admission to upper level in environmental design; ARCH 305 , ARCH 331 , ARCH 335 ; concurrent enrollment in ARCH 405 and ARCH 431 .",2,
ARCH 437,The Gothic Cathedral,ARCH,"3 Lecture Hours. A critical study of monumental church-building in Europe during the later Middle Ages (ca. 1140–1500 C.E.); investigation of works of architecture, sculpture and painting in relation to issues of craft, ritual and power; exploration of the afterlives of the Gothic style in the Americas, Asia and Africa. Prerequisite: ARCH 250 or ARTS 150 ; junior or senior classification or approval of degree coordinator or instructor.",3,
ARCH 438,World Religious Architecture,ARCH,"3 Lecture Hours. Exploration of the diverse architectural traditions of the world’s major religions with an emphasis on issues of place-making, representation, ritual, identity, and culture, past and present. Prerequisite: Junior or senior classification.",3,
ARCH 441,Baroque and Rococo Architecture,ARCH,"3 Lecture Hours. The investigation of the history of architecture, the arts and society, and major creative individuals from the late sixteenth to the early eighteenth centuries. Prerequisite: ARCH 250 or ARTS 150 ; junior or senior classification or approval of degree coordinator or instructor.",3,
ARCH 443,Aegean Art and Architecture,ARCH,"3 Lecture Hours. Art and architecture of the prehistoric Aegean, ca. 6000-1100-B.C.E.; focus on the built environment, material culture and visual arts of early civilization in the Aegean basin; evidence for regional and vernacular architectural traditions; expressions of power, ideology and social identity through monumental architectural and elite arts of Minoan Crete and Mycenaean Greece. Prerequisites: Junior or senior classification; approval of instructor or degree coordinator.",3,
ARCH 444,American Architecture,ARCH,"3 Lecture Hours. Investigation of indigenous, vernacular and historical American architecture from 1500 to 1920; evolution of construction technologies, changing building forms and finish treatments; identification of historic architectural styles and their influence on 21st century American architecture. Prerequisites: ARCH 250 or ARCH 350 ; junior or senior classification, or approval of instructor.",3,
ARCH 451,Strategies in Architectural Management,ARCH,"3 Lecture Hours. Emerging strategies in the architecture and construction industry, with an emphasis on understanding the changing structure of the industry and the management of both firms and projects. Prerequisite: Senior classification or approval of degree coordinator.",3,
ARCH 452,Careers in Architecture,ARCH,"3 Lecture Hours. Career opportunities in the profession of architecture; investigations into the composition of architectural practice today and the wide range of specialties represented in architectural firms; interviews with select representative individuals. Prerequisite: Admission to upper level in environmental design, construction science or landscape architecture.",3,
ARCH 457,Ethics and Professional Practice,ARCH,"3 Lecture Hours. Issues and relationships within the business, legal and political environment; introduction to the concepts of architectural specifications and the AIA standard conditions of the construction contract; forms of construction, bidding and contract documents. For undergraduate students pursuing a professional degree and a career in architecture. Prerequisite: Senior classification in environmental design.",3,
ARCH 458,Cultural and Ethical Considerations for Global Practice,ARCH,"3 Lecture Hours. Issues and relationships within the cultural, business, legal and political environments of global practice; differences in the construction contract, bidding and various forms of construction. Prerequisite: Junior or senior classification.",3,
ARCH 463,Elements of Interior Architecture,ARCH,"3 Lecture Hours. Analysis and design of architectural interiors; historical and professional perspectives incorporating programming, space planning and organization; specification and selection of furnishings and materials to satisfy user needs in residential, commercial and institutional settings. Prerequisites: Admission to upper level in environmental design; concurrent enrollment in ARCH 405 , ARCH 431 and ARCH 435 not allowed.",3,
ARCH 468,Preservation Field Studies,ARCH,"Credits 1 to 6. 1 to 6 Other Hours. Fieldwork related to practice of historic preservation and cultural heritage management; methods of documentation, analysis, planning and treatment; emphasis on identification and evaluation of multidisciplinary approaches to historic preservation and heritage conservation in global contexts; topics vary each semester. May be taken for credit up to six hours. Prerequisites: ARCH 246 , ARCH 346 , or ARCH 347 ; junior or senior classification or approval of inst",1,
ARCH 481,Seminar,ARCH,1 Lecture Hour. Presentations by and discussions with professionals representing specialty areas related to environmental design; career and academic objectives. May be repeated for up to 4 credit hours. Must be taken on a satisfactory/unsatisfactory basis. Prerequisite: Junior or senior classification or approval of instructor.,1,
ARCH 484,Summer Internship,ARCH,12 Other Hours. Practical experience in an office of design allied professionals; 10- week internship with a minimum of 400 hours continuous employment; departmental pre-approval through the departmental internship coordinator required; post evaluation conducted following the internship. May not be repeated for credit. Prerequisites: Junior or senior classification or approval of instructor; approval of the environmental design internship coordinator.,6,
ARCH 485,Directed Studies,ARCH,Credits 1 to 5. 1 to 5 Other Hours. Special projects in architecture. May be repeated for credit. Prerequisites: Admission to upper level in environmental design; approval of instructor and degree coordinator.,1,
ARCH 489,Special Topics in...,ARCH,Credits 1 to 4. 1 to 4 Lecture Hours. 0 to 4 Lab Hours. Special topics in an identified area of architecture. May be repeated for credit. Prerequisite: Junior or senior classification; approval of instructor and degree coordinator.,1,
ARCH 491,Advanced Architecture Innovation Research,ARCH,Credits 0 to 6. 0 to 6 Other Hours. Research conducted under the direction of faculty member in the College of Architecture. May be repeated 2 times for credit. Prerequisite: Admission to upper level in environmental design; approval of instructor and department head.,0,
ARCH 494,Internship,ARCH,18 Other Hours. Practical experience in an office of design allied professionals; fifteen week internship with a minimum of 600 hours of continuous employment; departmental pre-approval through the departmental internship coordinator required; post evaluation conducted following the internship. To be taken only as a requirement for the study away semester. May not be repeated for credit. Prerequisites: Junior or senior classification; admission to upper level in environmental design; CARC 481 ; ,9,
ARTS 101,Lumiere - Paris The City of Lights,ARTS,"1 Lecture Hour. Overview of French art, culture and society in nineteenth-century Paris; focus on the movements of Academicism, Realism and Impressionism; the artists and artworks of the time; exploration of issues in early Modern society; and connections between art and society through the use of the strategy game ARTé: Lumière.",1,
ARTS 102,Mecenas - The World of the Medici,ARTS,"1 Lecture Hour. Survey of architecture, painting, sculpture and the minor arts from the Italian Renaissance of the 15th and 16th centuries surrounding the Medici family; the intersection with art patronage, economics and politics through the strategy game Arté Mecenas.",1,
ARTS 103,Design I,ARTS,"2 Lecture Hours. 4 Lab Hours. (ARTS 1311) Design I. Two-dimensional design; fundamentals of line, color, form, texture, shape, space and composition. Prerequisites: Graphic Design or Studio Art minor.",3,
ARTS 104,Introduction to Graphic Design,ARTS,"2 Lab Hours. Exploration of the concepts and techniques utilized in graphic design; layout, typography, use of color, design principles; integration of type and images. Prerequisites: Graphic Design or Studio Art minor.",1,
ARTS 111,Drawing I,ARTS,"2 Lecture Hours. 4 Lab Hours. (ARTS 1316) Drawing I. Principles of composition and form, media, techniques, and subjects; exploration of perceptual and descriptive drawing; mark making as a developmental process in art and design practice. Prerequisites: Graphic Design or Studio Art minor.",3,
ARTS 115,Drawing for Visualization,ARTS,"2 Lecture Hours. 4 Lab Hours. Investigation of and practice with media, methods and techniques in communication of design; observational drawing; proportion, form, line and value. Prerequisite: Lower division in Visualization.",3,
ARTS 116,Drawing II,ARTS,"2 Lecture Hours. 4 Lab Hours. Development and reinforcement of skills established in ARTS 111 ; measuring methods, composition, proportion, form, line, and value. Prerequisites: Grade C or better in ARTS 111 or ARTS 115 .",3,
ARTS 149,Art History Survey I,ARTS,"3 Lecture Hours. (ARTS 1303) Art History Survey I. Survey of architecture, painting, sculpture and the minor arts from prehistoric times to 14th century.",3,
ARTS 150,Art History Survey II,ARTS,"3 Lecture Hours. (ARTS 1304) Art History Survey II. Survey of architecture, painting, sculpture and the minor arts from the 14th century to the end of the 20th century; also taught at Galveston campus.",3,
ARTS 210,Introduction to Digital Photography,ARTS,"2 Lecture Hours. 3 Lab Hours. (ARTS 2356) Introduction to Digital Photography. Introduction to photography; digital camera controls; creation, manipulation and critique of the digital image; composition and aesthetics; exposure control; digital work-flow. Prerequisite: Non-visualization majors only.",3,
ARTS 212,Life Drawing,ARTS,"1 Lecture Hour. 6 Lab Hours. (ARTS 2323) Life Drawing. Study of the form, volume, structure and movement of the human figure; emphasis on proportion and anatomy. Prerequisite: Grade of C or better in ARTS 111 or ARTS 115 .",3,
ARTS 231,Digital Form and Fabrication,ARTS,2 Lecture Hours. 4 Lab Hours. Introduction to and development of three-dimensional modeling and prototyping skills for sculptural form. Prerequisites: Grade of C or better in VIST 106 or equivalent.,3,
ARTS 234,Body Art of Tattoos,ARTS,"3 Lecture Hours. History of body art from the Stone Age to present day; aesthetics, sign, symbol, social and cultural significance.",3,
ARTS 255,Typography,ARTS,"2 Lecture Hours. 4 Lab Hours. Introduction to the art and history of typography; basic understanding of typography; exploration of typography through reading, research, exercises, and design production; the history of typographic forms, principles of typographic composition, and the expressive potential of type. Prerequisites: Grade of C or better in VIST 105 or ARTS 104 .",3,
ARTS 289,Special Topics in...,ARTS,Credits 1 to 4. 1 to 4 Lecture Hours. 0 to 4 Lab Hours. Selected topics in an identified area of art history or visualization. May be repeated for credit.,1,
ARTS 301,Artificial Intelligence in Visual Arts,ARTS,"2 Lecture Hours. 4 Lab Hours. Examination of the role of AI in the visual arts; exploration of AI technologies including diffusion models, generative algorithms, machine learning; analyzes the impact of AI on creativity, workflow, authorship, and artistic expression. Prerequisites: PVFA 201 ; PVFA 301 or concurrent enrollment; junior or senior classification or approval of instructor.",3,
ARTS 303,Graphic Design I,ARTS,"2 Lecture Hours. 4 Lab Hours. Principles and elements of graphic design; composition problem solving, conceptual thinking and application to visual communication. Prerequisites: Grade of C or better in ARTS 104 or VIST 105 .",3,
ARTS 304,Graphic Design II,ARTS,2 Lecture Hours. 4 Lab Hours. Continuation of ARTS 303 ; concepts in advanced graphics as a tool for design solutions for publication and promotion; emphasis on creative thinking over technology. Prerequisites: ARTS 303 ; junior or senior classification.,3,
ARTS 305,Painting I,ARTS,"2 Lecture Hours. 4 Lab Hours. Traditional and contemporary painting approaches and media; emphasis on form, composition, observational representation. Prerequisite: Grade of C or better in ARTS 111 or ARTS 115 .",3,
ARTS 308,Sculpture,ARTS,1 Lecture Hour. 5 Lab Hours. Principles and processes of form making; space and materials; context and content of three-dimensional form. Prerequisite: Grade of C or better in ARTS 111 or ARTS 115 .,3,
ARTS 311,Traditional Photography,ARTS,2 Lecture Hours. 4 Lab Hours. Photographic image as a medium of visual expression; basic theory and practice of still photography; historic development and aesthetic concern for photographic imagery. Prerequisites: Grade of C or better in ARTS 103 or VIST 205 .,3,
ARTS 312,Advanced Photography,ARTS,"2 Lecture Hours. 3 Lab Hours. Advanced photographic image-making; development, control and presentation of the expressive photographic image; traditional and/or new media. Prerequisite: Grade of C or better in ARTS 210 , VIST 310 , or ARTS 311 .",3,
ARTS 315,Figure Drawing For Narrative and Concept Development,ARTS,"2 Lecture Hours. 4 Lab Hours. Exploration of contemporary drawing practices and theory; investigation into the relationship with digital media including animation, photography and other digital technologies; development of personal approaches to media, techniques and thematic content; creation of a creative workflow and visual vocabulary. Prerequisite: Grade of C or better in ARTS 212 .",3,
ARTS 325,Digital Painting,ARTS,2 Lecture Hours. 4 Lab Hours. Theory and practice of digital painting media; exploration of traditional and new forms of art making and creativity; emphasis on color theory; field trip required. Prerequisites: Grade of C or better in ARTS 111 or ARTS 115 .,3,
ARTS 328,Advanced Painting,ARTS,1 Lecture Hour. 5 Lab Hours. Experiments in spatial design; intermediate aspects of creative process; issues in contemporary art; modeling and construction techniques as they may facilitate the generation of new forms and compositions; formal visual analysis and critique. May be taken two times for credit. Prerequisites: ARTS 305 ; junior or senior classification; PVFA major or approval of instructor.,3,
ARTS 329,Texas Art History,ARTS,"3 Lecture Hours. The development of visual arts in Texas; an examination of art movements, artists and major works exhibiting a broad range of artistic techniques. Prerequisite: Grade of C or better in ARTS 149 , ARTS 150 , ARTS 349 , ARCH 249 , ARCH 250 , or ARCH 350 .",3,
ARTS 330,The Arts of America,ARTS,"3 Lecture Hours. Survey of painting, sculpture, crafts and architecture of prehistoric America to the present; emphasis on art as a record of cultural, economic and social evolution. Prerequisite: Grade of C or better in ARTS 149 , ARTS 150 , ARTS 349 , ARCH 249 , ARCH 250 , or ARCH 350 .",3,
ARTS 335,The Art and Architecture of Rome,ARTS,"3 Lecture Hours. Rome as a microcosm of western civilization; a survey of western architectural and art history from antiquity through the Baroque; a focus on the Eternal City's buildings, paintings, mosaics and sculptures exploring criteria, methods, goals and results of major architectural and artistic movements and the people involved. Prerequisite: Grade of C or better in ARTS 149 , ARTS 150 , ARTS 349 , ARCH 249 , ARCH 250 , or ARCH 350 .",3,
ARTS 339,Themes in Contemporary Art,ARTS,"3 Lecture Hours. Thematic survey of art since 1960; exploration of changing roles in art production, performance, presentation and criticism; art and artist in the global context; contemporary theory and criticism. Prerequisite: Admission to upper division.",3,
ARTS 340,History of the Photographic Image,ARTS,"3 Lecture Hours. History of photography; social, cultural, political, scientific and artistic contexts; important photographic themes and photographers. Prerequisite: ARTS 149 , ARTS 150 , ARTS 349 , ARCH 249 , ARCH 250 , or ARCH 350 .",3,
ARTS 341,History of Animation,ARTS,"3 Lecture Hours. History of the animated image in the nineteenth-century through the twenty-first century ; developments, theories and ideologies in computer animation. Prerequisites: Grade C or better in ARTS 149 , ARTS 150 , ARTS 349 , ARCH 249 , ARCH 250 , ARCH 350 , or FILM 299 .",3,
ARTS 342,History of Graphic Design,ARTS,"3 Lecture Hours. History of graphic design; understanding visual language, semiotic theory, technological developments associated with graphic design production, social, cultural, political and artistic influence on visual communication. Prerequisite: ARTS 149 , ARTS 150 , ARTS 349 , ARCH 249 , ARCH 250 , or ARCH 350 .",3,
ARTS 343,History of Illustration,ARTS,"3 Lecture Hours. History of illustration; early scrolls, codexes and manuscript illumination; print culture; commercial processes of the 19th and 20th centuries. Prerequisite: ARTS 149 , ARTS 150 , ARTS 349 , ARCH 249 , ARCH 250 , or ARCH 350 .",3,
ARTS 345,History of Gaming,ARTS,"3 Lecture Hours. Modern game creation and play; theory, history, and development. Prerequisites: ARTS 149 , ARTS 150 , ARTS 349 , ARCH 249 , ARCH 250 , or ARCH 350 .",3,
ARTS 349,The History of Modern Art,ARTS,"3 Lecture Hours. Chronological development of late 19th through 20th century art; emphasis on key artists, paintings, sculpture, photography and architecture. Prerequisite: Junior or senior classification or approval of instructor and undergraduate program coordinator.",3,
ARTS 350,The Arts and Civilization,ARTS,"3 Lecture Hours. Investigation of the image of work of selected periods in terms of criticism, aesthetic rationale, specific masters and social significance by going beyond historical chronology. Prerequisites: Grade of C or better in ARTS 149 , ARTS 150 , ARTS 349 , ARCH 249 , ARCH 250 , or ARCH 350 .",3,
ARTS 353,Color Theory,ARTS,"2 Lecture Hours. 4 Lab Hours. Examination of color and color theory including optical phenomena, color theory and perception; application and principles with respect to art and design; two-dimensional and three-dimensional projects examining color theories. Prerequisites: Junior classification in Visualization major; Graphic Design or Studio Art minor.",3,
ARTS 356,Motion Graphics,ARTS,"2 Lecture Hours. 4 Lab Hours. Investigation of visual communication and commercial art as time-based media; including skill development in the use of software to develop storyboards and animation including creating, importing, and sequencing media elements; focus on the effective use of graphic design elements in motion including type, logos, infographics, and color. Prerequisites: Grade of C or better in ARTS 104 or VIST 105 ; grade of C or better in ARTS 303 .",3,
ARTS 403,Graphic Design III,ARTS,"2 Lecture Hours. 4 Lab Hours. Advanced graphic design concepts and practices; development of unified graphic campaigns to promote a product, an organization, a publication, a service, or business; advanced problem-solving techniques based on the design process through research, analysis, and presentation; systematic approach to visual development. Prerequisites: ARTS 303 and ARTS 304 ; junior or senior classification or approval of instructor and undergraduate program coordinator; knowledge of i",3,
ARTS 435,Digital Sculpture,ARTS,2 Lecture Hours. 4 Lab Hours. Instruction in advanced digital workflows and aesthetic techniques for the creation of narrative and non-objective sculpture. Prerequisites: Junior or senior classification; grade of C or better in ARTS 231 and VIST 106 .,3,
ARTS 445,Byzantine Art and Architecture,ARTS,"3 Lecture Hours. A critical and historical investigation of Mediterranean art and architecture from the third century to the middle of the fifteenth century; emphasis on the artistic achievements from the late antique Mediterranean and the Byzantine Empire; investigation of architectural decoration, public monuments, cultural diversity and controversies over images. Prerequisite: Grade of C or better in ARTS 149 , ARTS 150 , ARTS 349 , ARCH 249 , ARCH 250 , or ARCH 350 .",3,
ARTS 455,Experimental Typography,ARTS,"1 Lecture Hour. 5 Lab Hours. Investigation of typography in three-dimensional space; exploration of typography in its traditional and experimental forms; exploration of how typography lives in public spaces and how typography can be an interactive and hands-on experience. May be taken for credit up to 6 hours. Prerequisites: Grade C or better in ARTS 255 , ARTS 303 and ARTS 304 .",3,
ARTS 485,Directed Studies,ARTS,Credits 1 to 4. 1 to 4 Other Hours. Special problems in the fine and applied visual and plastic arts. May be repeated for up to 12 credit hours. Prerequisite: Approval of instructor and undergraduate program coordinator.,1,
ARTS 489,Special Topics in...,ARTS,Credits 1 to 4. 1 to 4 Lecture Hours. 0 to 4 Lab Hours. Selected topics in an identified field of the fine or applied visual and plastic arts. May be repeated for up to 9 credit hours. Prerequisite: Approval of instructor and undergraduate program coordinator.,1,
ASTR 101,Basic Astronomy,ASTR,"3 Lecture Hours. (ASTR 1303 or PHYS 1303) Basic Astronomy. A qualitative approach to basic stellar astronomy; earth-moon-sun relationships then studies of distances to stars, stellar temperatures, and other physical properties; birth, life on the main sequence of the H-R diagram, and ultimate fates of stars; not open to students who have taken ASTR 111 or ASTR 314 .",3,
ASTR 102,Observational Astronomy,ASTR,3 Lab Hours. (ASTR 1103 or PHYS 1103) Observational Astronomy. Observational and laboratory course; use of techniques and instruments of classical and modern astronomy.,1,
ASTR 103,Introduction to Stars and Exoplanets,ASTR,"3 Lecture Hours. A qualitative study of stellar birth, stellar structure and evolution, stellar nucleosynthesis, the Hertzsprung-Russell Diagram, white dwarfs, neutron stars, supernovae, black holes, proto-planetary systems, origin of the solar system and the search for exoplanets; utilizes active learning methods that incorporate observations from the current generation of ground and space-based telescopes. Open to all majors.",3,
ASTR 104,Introduction to Galaxies and Cosmology,ASTR,"3 Lecture Hours. A qualitative study of properties of galaxies, galaxy evolution through cosmic time, galactic archaeology, active galactic nuclei, super-massive black holes, large-scale structure, the expansion history of the universe, cosmological parameters and Big Bang nucleosynthesis; utilizes active learning methods that incorporate observations from the current generation of ground and space-based telescopes. Open to all majors.",3,
ASTR 109,Big Bang and Black Holes,ASTR,"3 Lecture Hours. Designed to give an intuitive understanding of the Big Bang and Black Holes, without mathematics, and de-mystify them for the non-scientist. Cross Listing: PHYS 109/ASTR 109 .",3,
ASTR 111,Overview of Modern Astronomy,ASTR,"3 Lecture Hours. 2 Lab Hours. (ASTR 1303 and ASTR 1103, ASTR 1403, PHYS 1303 and PHYS 1103, PHYS 1403) Overview of Modern Astronomy. Roots of modern astronomy; the scientific method; fundamental physical laws; the formation of planets, stars, and galaxies; introduction to cosmology; includes an integrated laboratory that reinforces the lecture topics, including hands-on experience with telescopes and imaging of celestial objects; not open to students who have taken ASTR 101 or ASTR 314 .",4,
ASTR 119,Big Bang and Black Holes: Laboratory Methods,ASTR,"2 Lab Hours. Hands-on understanding of the concepts surrounding the Big Bang and Black Holes; emphasis on the evidence-based decision making process, methods and presentation; for non-scientists. Companion course for ASTR 109/PHYS 109 / PHYS 109/ASTR 109 . Prerequisite: ASTR/ PHYS 109/ASTR 109 or registration therein. Cross Listing: PHYS 119/ASTR 119 .",1,
ASTR 285,Directed Studies,ASTR,Credits 1 to 4. 1 to 4 Other Hours. Special work in laboratory or theory to meet individual requirements in cases not covered by regular curriculum; intended for use as lower-level credit. Prerequisite: Approval of department head.,1,
ASTR 289,Special Topics in…,ASTR,Credits 1 to 4. 1 to 4 Lecture Hours. 0 to 4 Lab Hours. Selected topics in an identified area of astronomy. May be repeated for credit. Prerequisite: Approval of instructor.,1,
ASTR 291,Research,ASTR,Credits 0 to 4. 0 to 4 Other Hours. Research conducted under the direction of faculty member in astronomy. May be repeated 2 times for credit. Prerequisites: Freshman or sophomore classification and approval of instructor.,0,
ASTR 314,Survey of Astronomy,ASTR,"3 Lecture Hours. Primarily for majors in science and engineering. Kepler's laws, law of gravitation, solar system, stars, stellar evolution, nucleosynthesis, cosmology, clusters, nebulae, pulsars, quasars, black holes. Prerequisite: PHYS 207 or PHYS 208.",3,
ASTR 320,Astrophysical Research Methods,ASTR,"3 Lecture Hours. Background and tools used in modern astrophysical research, including reduction of photometric and spectroscopic data, signal-to-noise and error calculations and order-of-magnitude estimates. Prerequisite: Grade of C or better in ASTR 314 or approval of instructor.",3,
ASTR 401,Stars and Extrasolar Planets,ASTR,"3 Lecture Hours. How stars are born, how internal structure changes, nuclear fuel burned and ultimate fate; extrasolar planet detection, formation, properties and habitability. Prerequisite: ASTR 314 .",3,
ASTR 403,Extragalactic Astronomy and Cosmology,ASTR,"3 Lecture Hours. Physical makeup of individual galaxies and large scale structure in the universe; origin and eventual fate of the universe; interpretation of observational data as it relates to baryonic matter, Dark Matter and cosmological models with Dark Energy. Prerequisite: ASTR 314 .",3,
ASTR 420,Advanced Astrophysical Research Methods,ASTR,"3 Lecture Hours. Advanced research techniques used by modern-day astronomers to obtain, process and analyze data from grounds and space-based telescopes. Prerequisites: Grade of C or better in ASTR 320 or approval of instructor.",3,
ASTR 485,Directed Studies,ASTR,Credits 1 to 12. 1 to 12 Other Hours. Special work in laboratory or theory to meet individual requirements in cases not covered by regular curriculum. Prerequisite: Approval of department head.,1,
ASTR 489,Special Topics in…,ASTR,Credits 1 to 4. 0 to 4 Lecture Hours. 0 to 4 Lab Hours. Selected topics in an identified topic of astronomy. May be repeated for credit. Prerequisite: Approval of instructor.,1,
ASTR 491,Research,ASTR,Credits 0 to 4. 0 to 4 Other Hours. Research conducted under the direction of faculty member in astronomy. May be repeated for credit. Registration in multiple sections of this course is possible within a given semester provided that the per semester credit hour limit is not exceeded. Prerequisites: Junior or senior classification and approval of instructor.,0,
ATMO 110,Disasters and Society,ATMO,"3 Lecture Hours. Exploration of the science behind disasters; how they occur, the choices society makes that create or affect disasters, how certain populations are privileged during disasters by the decisions society has made and how science informs preparation for and response to future disasters. Cross Listing: GEOL 110/ATMO 110 .",3,
ATMO 201,Weather and Climate,ATMO,"3 Lecture Hours. Structure, energy, and motions of the atmosphere; climate; fronts and cyclones; atmospheric stability; clouds and precipitation; severe storms.",3,
ATMO 202,Weather and Climate Laboratory,ATMO,"2 Lab Hours. Practical laboratory experiments and exercises, conducted in the meteorology and computer laboratories, concerning the fundamental physical processes underlying atmospheric phenomena, and the collection, display and interpretation of meteorological information. For non-majors only.",1,
ATMO 203,Weather Forecasting Laboratory,ATMO,2 Lab Hours. Short-range weather forecasting practice; numerical guidance; weather map analysis and discussions. Prerequisite: ATMO 201 or concurrent enrollment.,1,
ATMO 210,Climate Change,ATMO,3 Lecture Hours. Examination of the science of climate change; past and present causes of global-scale climate change; basis for projections of future climate change and its potential impacts; existing and proposed policy responses; critical evaluation of scientific information.,3,
ATMO 215,Climate Risk in the 21st Century,ATMO,"3 Lecture Hours. Exploration of the fundamental risk of climate change, including both physical and economic risks, and the complex challenges of energy transition; the political and social dynamics that shape climate policy and the debate over climate change; comprehensive understanding through analysis of historical and contemporary issues of the risks and opportunities of our rapidly changing climate and climate policy.",3,
ATMO 251,Weather Observation and Analysis,ATMO,"2 Lecture Hours. 2 Lab Hours. Standard and experimental weather observing techniques; subjective and objective analysis; application of conceptual models; simple kinematic and dynamic constraints. Prerequisite: ATMO 203 or concurrent enrollment; MATH 172 or MATH 152 , or concurrent enrollment.",3,
ATMO 285,Directed Studies,ATMO,Credits 1 to 4. 1 to 4 Other Hours. Offered to enable majors in meteorology to undertake and complete with credit in their particular fields of specialization limited investigations not covered by any other courses in established curriculum. Prerequisite: Freshman or sophomore classification.,1,
ATMO 289,Special Topics in...,ATMO,Credits 1 to 4. 1 to 4 Lecture Hours. Selected topics in an identified area of meteorology. May be repeated for credit. Prerequisite: Approval of instructor.,1,
ATMO 291,Research,ATMO,Credits 0 to 4. 0 to 4 Other Hours. Research conducted under the direction of faculty member in atmospheric sciences. May be repeated 2 times for credit. Registration in multiple sections of this course is possible within a given semester provided that the per semester credit hour limit is not exceeded. Prerequisites: Freshman or sophomore classification and approval of instructor.,0,
ATMO 321,Computer Applications in the Atmospheric Sciences,ATMO,2 Lecture Hours. 2 Lab Hours. Introduction to technical computing methods in the atmospheric sciences; use of specialized software and data analysis systems for meteorological applications.,3,
ATMO 324,Physical and Regional Climatology,ATMO,"2 Lecture Hours. 2 Lab Hours. Climate causes; global and surface energy balance; hydrologic cycle; general circulation; climate change; climate data analysis. Prerequisites: ATMO 201 ; MATH 251 or concurrent enrollment; ATMO 321 or equivalent, or concurrent enrollment; junior or senior classification.",3,
ATMO 326,Environmental Atmospheric Science,ATMO,"2 Lecture Hours. 2 Lab Hours. Basic concepts of meteorology as needed in environmental sciences; patterns of meteorological and climatic elements and their relevance in terrestrial ecology and urban sciences; solar and wind energy physics; practical experience in use of instruments to measure micro-climates as they relate to meteorological conditions and analysis of data. Prerequisites: ATMO 201 or GEOG 203 , or approval of instructor.",3,
ATMO 335,Atmospheric Thermodynamics,ATMO,3 Lecture Hours. Application of thermodynamics to Earth's atmosphere; phase changes of water; stability concepts; introduction to physical chemistry. Prerequisites: CHEM 120 ; MATH 251 ; PHYS 206 .,3,
ATMO 336,Atmospheric Dynamics,ATMO,"3 Lecture Hours. 2 Lab Hours. Kinematic concepts and relationships; equations of motion; geostrophic and accelerated motions; the vorticity equation and Rossby waves. Prerequisites: ATMO 321 , ATMO 335 , and MATH 308 , or concurrent enrollment; junior or senior classification.",4,
ATMO 352,Severe Weather and Mesoscale Forecasting,ATMO,"2 Lecture Hours. 2 Lab Hours. Parcel theory for dry and moist convection; sounding diagrams and their application to atmospheric convection; organization of midlatitude convection and severe weather; thunderstorm forecasting. Prerequisite: ATMO 251 , and MATH 152 or MATH 172 .",3,
ATMO 363,Introduction to Atmospheric Chemistry and Air Pollution,ATMO,"3 Lecture Hours. Descriptive introduction of the composition and chemistry of natural and pollutant compounds in the atmosphere; transport, cycling and reactivity of atmospheric material; atmospheric measurements, data processing, air quality and human health issues; air pollution trends and climate change. Prerequisites: CHEM 119 and CHEM 120 or approval of instructor.",3,
ATMO 370,Student High Impact Experiences in Meteorology,ATMO,"Credits 1 to 4. 1 to 4 Other Hours. Observation, study and analysis of meteorological phenomena and processes in the regional settings in which they occur; domestic and study-abroad high impact learning experiences. Prerequisite: ATMO 201 or concurrent enrollment.",1,
ATMO 435,Synoptic-Dynamic Meteorology,ATMO,"3 Lecture Hours. Dynamics and diagnosis of synoptic-scale systems; perturbation theory and baroclinic instability; wave energetics, frontogenises. Prerequisites: ATMO 336 or equivalent; MATH 308 .",3,
ATMO 441,Satellite Meteorology and Remote Sensing,ATMO,"2 Lecture Hours. 2 Lab Hours. Introduction to satellite orbit dynamics, atmospheric radiative transfer, atmospheric remote sensing methods, and analysis and application of remotelysensed meteorological data. Prerequisites: ATMO 324 and MATH 308 ; ATMO 446 or concurrent enrollment.",3,
ATMO 443,Radar Meteorology,ATMO,"2 Lecture Hours. 2 Lab Hours. Principles of radar theory, hardware, operations and analysis using real-time radar and computer-based case studies; conventional, Doppler and polarimetric weather radar; precipitation estimation, hydrometeor identification and air motion analysis; observations and analyses of thunderstorms, mesocyclones, tornadoes and gust fronts. Prerequisites: ATMO 352 ; PHYS 207 or PHYS 219.",3,
ATMO 444,The Science and Politics of Global Climate Change,ATMO,3 Lecture Hours. Examination of the policy and scientific debate over climate change; how scientific debates produce &quot;knowledge&quot;; how political debates produce policies; how policy debates use science; scientific evidence for climate change; impacts of climate change; possible responses to climate change; the political debate over climate change. Prerequisite: ATMO 210 ; junior or senior classification or approval of instructor.,3,
ATMO 446,Physical Meteorology,ATMO,3 Lecture Hours. Physics and meteorology of clouds and precipitation; atmospheric electricity; radiative transfer. Prerequisite: ATMO 335 .,3,
ATMO 455,Numerical and Machine Learning-Based Weather Prediction,ATMO,"2 Lecture Hours. 2 Lab Hours. Basic principles of computer models for weather prediction, critical evaluation of models and model outputs; data assimilation; atmospheric predictability; ensemble forecasting. Prerequisites: Junior or senior classification, approval of instructor.",3,
ATMO 456,Practical Weather Forecasting,ATMO,"1 Lecture Hour. 4 Lab Hours. Advanced weather forecasting techniques with application to a variety of forecasting problems, both public and private sector. Prerequisites: ATMO 435 or registration therein; junior or senior classification.",3,
ATMO 459,Tropical Meteorology,ATMO,"3 Lecture Hours. Tropical climatology; structure, evolution, and motion of tropical cyclones; tropical cyclone hazards; large-scale tropical phenomena. Prerequisites: ATMO 336 ; ATMO 352 or concurrent enrollment.",3,
ATMO 461,Broadcast Meteorology,ATMO,2 Lab Hours. Instruction in the practice of broadcast meteorology; practice in and preparation of weather forecast products and demonstration videotapes. May be taken two times for credit with faculty advisor approval. Prerequisites: ATMO 335 or registration therein; MATH 308 or registration therein; junior or senior classification.,1,
ATMO 463,Air Quality,ATMO,"3 Lecture Hours. Atmospheric pollution sources, transport, sinks, and effects; monitoring of air pollutant emissions and of ambient concentrations; use of models to simulate air pollution; regulation of emissions and ambient concentrations; greenhouse gas emissions regulations. Prerequisite: CHEM 119 or CHEM 107 or approval of instructor; junior or senior classification.",3,
ATMO 464,Laboratory Methods in Atmospheric Sciences,ATMO,2 Lecture Hours. 4 Lab Hours. Instruction in chemical techniques used to monitor the atmosphere and other earth systems; sampling strategies; survey of current literature focusing on development of new techniques. Prerequisites: CHEM 119 and one semester of calculus ( MATH 171 or equivalent).,3,
ATMO 484,Internship,ATMO,Credits 0 to 3. 0 to 3 Other Hours. Supervised internship at National Weather Service or in broadcast meteorology or elsewhere with faculty advisor approval; must complete a report and have a letter from supervisor for credit. May be taken three times for credit. Must be taken on a satisfactory/unsatisfactory basis. Prerequisites: ATMO 251 ; approval of faculty advisor.,0,
ATMO 485,Directed Studies,ATMO,Credits 1 to 23. 1 to 23 Other Hours. Offered to enable majors in meteorology to undertake and complete with credit in their particular fields of specialization limited investigations not covered by any other courses in established curriculum. Prerequisite: Junior or senior classification.,1,
ATMO 489,Special Topics in...,ATMO,Credits 1 to 4. 1 to 4 Lecture Hours. Selected topics in an identified area of meteorology. May be repeated for credit.,1,
ATMO 491,Research,ATMO,Credits 0 to 4. 0 to 4 Other Hours. Research conducted under the direction of faculty member in atmospheric sciences. May be repeated 2 times for credit. Registration in multiple sections of this course is possible within a given semester provided that the per semester credit hour limit is not exceeded. Prerequisites: Junior or senior classification and approval of instructor.,0,
BESC 201,Introduction to Bioenvironmental Sciences,BESC,"3 Lecture Hours. A broad survey of environmental science with an emphasis on scientific literacy, current events, global and international issues and historic context.",3,
BESC 203,Microbiomes and Their Environment,BESC,"3 Lecture Hours. Fundamentals of microbiomes; emphasis of interactions between microbiomes and their environments; assessment of impacts of microbiome functions on human, animals, plants and environmental processes; consideration of social and legal implications of microbiome engineering.",3,
BESC 204,Molds and Mushrooms: The Impact of Fungi on Society and the Environment,BESC,"3 Lecture Hours. Introduction to the fungi and the impact these organisms have on society and the environment; includes life cycles of fungi; classification schemes, pathogens of plants, animals and humans, fungi in food production; toxic fungi and the law, and others.",3,
BESC 285,Directed Studies,BESC,Credits 1 to 4. 1 to 4 Other Hours. Individually supervised research or advanced studies for lower-division undergraduate students to independently investigate special problems not available in existing courses. Prerequisite: Approval of instructor in consultation with departmental advisor.,1,
BESC 291,Research,BESC,Credits 1 to 4. 1 to 4 Other Hours. Research conducted under the direction of faculty member in bioenvironmental sciences. May be repeated 3 times for credit. Prerequisites: Freshman or sophomore classification and approval of instructor.,1,
BESC 311,International Perspectives on Environmental Issues,BESC,"3 Lecture Hours. Role of the United Nations and other institutions that promote international cooperation toward sustainable development goals; influence of cultural views on critical thinking about environmental issues, including population, water and agriculture, biodiversity and energy. Prerequisite: Junior classification or approval of instructor; must attend two mandatory pre-departure meetings.",3,
BESC 314,"Pathogens, the Environment and Society",BESC,"3 Lecture Hours. The impact of microorganisms (bacteria, fungi and viruses) on the development of modern culture and society; the role pathogens played in the history of mankind and the influence of the changing environment on emerging diseases. Prerequisite: Junior or senior classification.",3,
BESC 320,Water and the Bioenvironmental Sciences,BESC,3 Lecture Hours. Critical understanding of salient issues relating to fresh water as a limited and important bioenvironmental resource. Prerequisite: Junior or senior classification.,3,
BESC 357,Biotechnology for Biofuels and Bioproducts,BESC,"3 Lecture Hours. Biotechnology issues in developing bioenergy as a renewable energy source; emphasis on the three generations of bioenergy and enabling technologies; special topics include recent advances in bioenergy research, government policy, and industrial development. Prerequisite: BESC 201 and junior or senior classification.",3,
BESC 367,U.S. Environmental Regulations,BESC,"3 Lecture Hours. Investigation of the legal infrastructure of the U.S. associated with regulating environmental impacts; examination of major U.S. environmental statutes associated with air and water quality, toxic substances, waste and hazardous substance release, energy and natural resources; review the relationship between U.S. policy and international environmental regulations. Prerequisites: BESC 201 , ENSS 105 or RWFM 308 .",3,
BESC 401,Bioenvironmental Microbiology,BESC,"3 Lecture Hours. The interactions of microorganism in diverse environments; applied aspects of microbial interactions in the environment, their effects on the environment, and potential use to solve environmental problems. Prerequisites: CHEM 222 or CHEM 227 ; or approval of instructor.",3,
BESC 402,Microbial Processes in Bioremediation,BESC,3 Lecture Hours. Metabolic pathways of microbes involved in the biodegradation of hazardous materials; ecological requirements for biotreatability of contaminated sites; emphasis on factors affecting microbial growth; strategies for in situ bioaugmentation. Prerequisite: CHEM 222 or CHEM 227 .,3,
BESC 403,Sampling and Environmental Monitoring,BESC,"2 Lecture Hours. 3 Lab Hours. Introduction to environmental sampling and methodology; strategies and analyses of sampling data; overview of current applications of sampling and monitoring in the environmental sciences; emphasis on practical aspects of sampling from air, soil and water; detection and quantification of microbial and chemical unknowns in environmental media. Prerequisite: Junior or senior classification or approval of instructor.",3,
BESC 411,Environmental Health and Safety Compliance,BESC,"3 Lecture Hours. 1 Lab Hour. Investigation of various Environmental Health and Safety (EHS) practices necessary for compliance with state and federal regulations; reinforcement of real-world understanding; tour several regulated facilities on campus and learn about the particular TAMU-EHS compliance management strategies for each (utilities, underground storage tanks, wastewater treatment and hazardous waste facility). Prerequisite: BESC 367 or similar regulation intensive course and approval of",3,
BESC 421,Bioenvironmental Project Planning and Management,BESC,"3 Lecture Hours. Management processes for managing projects in academic, government or industry settings; exploration of projects that are hypothesis driven, exploratory and product-driven; critical communication planning, meeting stakeholders and sponsors expectations and ensuring regulatory compliance; emphasis on project management life cycle, managing change, communication planning and the work environment. Prerequisite: BESC 201 ; junior or senior classification or approval of instructor.",3,
BESC 431,Bioenvironmental Data Analysis,BESC,"3 Lecture Hours. Data management, analysis and interpretation specifically for bioenvironmental research purposes; development of skills required to draw conclusions from data, specifically the types of data relevant to studying the interface of biological and environmental processes; exploration of the challenges of bioenvironmental data analysis; exposure to and development of skills in presentations that highlight the challenges of successfully communicating results and conclusions that neces",3,
BESC 481,Seminar,BESC,1 Lecture Hour. Capstone course for topics in bioenvironmental sciences; critical analysis of environmental issues through written themes and presentations. May be taken three times for credit. Prerequisites: BESC 201 and senior classification in BESC major.,1,
BESC 484,Field Experience,BESC,Credits 1 to 4. 1 to 4 Other Hours. An on-the-job supervised experience program conducted in the area of the student's specialization. Prerequisite: Junior or senior classification or approval of department head.,1,
BESC 485,Directed Studies,BESC,Credits 1 to 4. 1 to 4 Other Hours. Special problems for advanced undergraduates to permit study of subject matter not available in existing courses. Prerequisite: BESC 201 or approval of instructor.,1,
BESC 489,Special Topics in...,BESC,Credits 1 to 4. 1 to 4 Lecture Hours. 1 to 4 Lab Hours. Selected topics in an identified area of bioenvironmental sciences. May be repeated for credit. Prerequisite: BESC 201 or approval of instructor.,1,
BESC 491,Research,BESC,Credits 1 to 4. 1 to 4 Other Hours. Research conducted under the direction of faculty member in bioenvironmental sciences. May be repeated 3 times for credit. Registration in multiple sections of this course are possible within a given semester provided that the per semester credit hour limit is not exceeded. Prerequisites: Junior or senior classification and approval of instructor.,1,
BICH 101,Introduction to Biochemical and Genetics Research Methods,BICH,"1 Lecture Hour. Foundational concepts for biochemistry and genetics research methods; topics include principles of the scientific method, experimental design, analytical tools, and logical thinking, with a special focus on the use of emerging technologies such as artificial intelligence (AI) in biochemical and genetics research. Prerequisites: Freshman classification in biochemistry or genetics. Cross Listing: GENE 101/BICH 101 .",1,
BICH 102,Introduction to Biochemical and Genetic Techniques,BICH,2 Lab Hours. Introduction to biochemistry and genetics essential techniques; concepts learned from BICH/ GENE 101/BICH 101 utilized in practical laboratory situations to understand the relevance and use of these techniques in real-world research settings. Prerequisites: Grade of C or better in BICH 101/GENE 101 or GENE 101/BICH 101 ; freshman classification in biochemistry or genetics. Cross Listing: GENE 102/BICH 102 .,1,
BICH 201,Introduction to Information Literacy and Artificial Intelligence Tools for Biochemistry and Genetics,BICH,"1 Lecture Hour. Introduction to essential skills and knowledge for effective learning, information retrieval, evaluation, and utilization of AI tools in the fields of biochemistry and genetics; developing critical thinking abilities, learning to navigate scientific literature, evaluating the credibility of information sources, and leveraging AI tools to enhance their research and problem-solving capabilities. Prerequisites: Grade of C or better in BICH 102/GENE 102 or GENE 102/BICH 102 ; sophomo",1,
BICH 202,Biochemical and Genetic Concepts in Medicine - Case Studies,BICH,"1 Lecture Hour. Exploration of the link between fundamental genetic and biochemical processes and disease states, using case studies of several human diseases; deeper comprehension and critical thinking about molecular causes of diseases and treatment strategies. Prerequisites: Grade of C or better in BICH 201/GENE 201 or GENE 201/BICH 201 ; sophomore classification in biochemistry or genetics. Cross Listing: GENE 202/BICH 202 .",1,
BICH 285,Directed Studies,BICH,Credits 1 to 4. 1 to 4 Other Hours. Introduction to laboratory research. Prerequisite: Freshman or sophomore classification in biochemistry or approval of instructor.,1,
BICH 303,Elements of Biological Chemistry,BICH,"3 Lecture Hours. Survey of the biochemical sciences designed for the non-biochemistry major; overview of the chemistry and metabolism of biologically important molecules, the biochemical basis of life processes, cellular metabolism and regulation. Students requiring biochemistry in greater depth should register for BICH 410 and BICH 411 . Prerequisites: CHEM 222 , CHEM 227 or CHEM 257 ; not open to biochemistry majors.",3,
BICH 403,Cellular Biophysics,BICH,3 Lecture Hours. Current topics in cellular biophysics and systems biology; quantitative and predictive perspectives of cellular life; basic tools of biophysics such as fluorescence imaging and data analysis. Prerequisites: BIOL 112 and MATH 152 ; BICH 440 or concurrent enrollment.,3,
BICH 404,Biochemical Calculations,BICH,2 Lecture Hours. Quantitative and computational approaches to biochemical problems. Prerequisites: Grade of C or better in BICH 440 or concurrent enrollment; junior or senior classification.,2,
BICH 406,Molecular Mechanisms of Cell Interactions,BICH,"3 Lecture Hours. Current topics in biomolecules, natural product antibiotics and application in infectious diseases, modern and historical approaches to antibiotic discovery, biomedical glycobiology, glycosylation in diseases and pathobiology. Prerequisites: BICH 441 .",3,
BICH 409,Principles of Biochemistry,BICH,"3 Lecture Hours. A rigorous, survey of topics in biochemistry; topics include structure and function of molecules within living cells, major metabolic pathways and their regulation and role in disease; provides preparation for advanced study in the health sciences. Prerequisites: CHEM 228 or CHEM 258 .",3,
BICH 410,Comprehensive Biochemistry I,BICH,"3 Lecture Hours. 1 Lab Hour. Structure, function and chemistry of proteins and carbohydrates; kinetics, mechanisms and regulation of enzymes; metabolism of carbohydrates. Not open to biochemistry or genetics majors. Prerequisites: CHEM 228 or CHEM 258 ; junior or senior classification.",3,
BICH 411,Comprehensive Biochemistry II,BICH,"3 Lecture Hours. 1 Lab Hour. A continuation of BICH 410 ; structure, function, chemistry and metabolism of lipids and nucleic acids; cellular metabolism viewed from the standpoint of energetics and control mechanisms; interrelationships of metabolic pathways. Prerequisite: BICH 410 ; not open to biochemistry or genetics majors.",3,
BICH 412,Biochemistry Laboratory I,BICH,"3 Lab Hours. Selected methods used to identify, isolate, purify and characterize biomolecules. Not open to biochemistry or genetics majors. Prerequisite: BICH 410 or registration therein.",1,
BICH 414,Biochemical Techniques I,BICH,"6 Lab Hours. Analysis of the effects of charge on protein function and stability; techniques include site-directed mutagenesis, protein purification, affinity chromatography, SDS-PAGE, enzyme kinetics, MALDI-TOF, molecular modeling, and protein folding. Prerequisites: BICH 440 , BICH 409 , or BICH 410 ; major in biochemistry, genetics, microbiology, and molecular and cell biology.",2,
BICH 416,Mechanisms of Cell Division,BICH,"1 Lecture Hour. Mitotic cell cycle; progression of biochemical and morphological phases and events; duplication of cellular constituents and segregation into daughter cells. Prerequisites: BICH 409 , BICH 410 , or BICH 440 ; junior or senior classification in biochemistry or genetics. Cross Listing: GENE 416/BICH 416 .",1,
BICH 419,Computational Techniques for Evolutionary Analysis,BICH,3 Lecture Hours. Computational techniques for studying evolution; algorithms for construction and analysis of evolutionary relationships. Prerequisite: Junior or senior classification or approval of instructor. Cross Listing: GENE 419/BICH 419 .,3,
BICH 420,Bioethics,BICH,"3 Lecture Hours. The application of ethical theory to the use of modern genetics and biochemistry stressing the social implications of genetic engineering, agricultural manipulation and biotechnology. Prerequisites: GENE 302 or GENE 303 ; BICH 409 , BICH 410 , or BICH 440 . Cross Listing: GENE 420/BICH 420 .",3,
BICH 431,Molecular Genetics,BICH,"3 Lecture Hours. Molecular basis for inheritance; gene structure and function, chromosomal organization, replication and repair of DNA, transcription and translation, the genetic code, regulation of gene expression, genetic differentiation and genetic manipulations. Prerequisite: BICH 409 , BICH 410 , or BICH 440 ; GENE 301 , GENE 302 , GENE 303 , GENE 320/BIMS 320 or BIMS 320/GENE 320 . Cross Listing: GENE 431/BICH 431 .",3,
BICH 432,Laboratory in Molecular Genetics,BICH,"6 Lab Hours. Laboratory for molecular genetics providing technical experience with tools of molecular biology. Prerequisite: GENE 301 , GENE 302 , GENE 303 , BIMS 320/GENE 320 or GENE 320/BIMS 320 ; BICH 431/GENE 431 or GENE 431/BICH 431 . Cross Listing: GENE 432/BICH 432 .",2,
BICH 440,Biochemistry I,BICH,"3 Lecture Hours. Rigorous treatment of the structure, function and chemistry of proteins and carbohydrates; kinetics, mechanisms and regulation of enzymes; metabolism of carbohydrates; designed for biochemistry and genetics majors. Prerequisites: Grade of C or better in CHEM 228 or CHEM 258 ; grade of C or better in BICH 404 or concurrent enrollment.",3,
BICH 441,Biochemistry II,BICH,"3 Lecture Hours. Continuation of BICH 440 ; structure, function, chemistry and metabolism of lipids and nucleic acids, cellular metabolism viewed from the standpoint of energetics and control mechanisms; interrelationships of metabolic pathways. Course designed for biochemistry and genetics majors and honors students only. Prerequisite: Grade of C or better in BICH 440 .",3,
BICH 450,Genomics,BICH,"3 Lecture Hours. 3 Lab Hours. The study of genomic data includes consideration of the logic behind the most important genomic approaches, as well as their capabilities and limitations in investigating biological processes; the science of accessing and manipulating genomic data; and practical applications, including development of an hypotheses-driven datamining experiment. Prerequisites: BIOL 213 , GENE 301 or GENE 302 , BICH 431/GENE 431 or GENE 431/BICH 431 , or BIOL 351 ; junior or senior cla",4,
BICH 456,Ribonucleic Acid World,BICH,"3 Lecture Hours. Emphasis on novel roles and mechanisms of newly discovered Ribonucleic Acid (RNA) species including non-coding RNA's; RNA silencing, circular RNA's, RNA guided epigenetic regulation, clustered regulary interspaced short palindromic repeats (CRISPR)-Cas immunity, genome editing, telomerase biogenesis, riboswitches, exosome, editosome and RNA remodeling. Prerequisites: GENE 301 , GENE 302 , or GENE 303 ; BICH 410 , BICH 440 , BIOL 351 , or BIOL 413 .",3,
BICH 460,Genome Annotation with Ontologies,BICH,2 Lab Hours. Use of ontologies as structured controlled vocabularies for the organization of biological data; annotation based on critical reading of the scientific literature. May be taken two times for credit. Prerequisite: Junior or senior classification or approval of instructor.,1,
BICH 464,Bacteriophage Genomics,BICH,1 Lecture Hour. 4 Lab Hours. Examination of the latest technologies in genomic analysis by sequencing and annotating the genomes of novel bacterial viruses (phage); generates real data which will be submitted to the NIH/NCBI public database; includes phage biology and potential uses. Prerequisites: GENE 302 or GENE 303 ; BIOL 351 or concurrent enrollment. Cross Listing: GENE 464/BICH 464 .,3,
BICH 485,Directed Studies,BICH,Credits 1 to 4. 1 to 4 Other Hours. Directed study in biochemistry not included in established courses. Prerequisites: Junior or senior classification; approval of instructor and department head.,1,
BICH 489,Special Topics in...,BICH,"Credits 1 to 4. 1 to 4 Lecture Hours. 0 to 4 Lab Hours. Selected topics in an identified area of biochemistry, biophysics or nutrition. May be repeated for credit. Prerequisite: Junior or senior classification in life or physical sciences.",1,
BICH 491,Research,BICH,Credits 0 to 4. 0 to 4 Other Hours. Laboratory research supervised by faculty in biochemistry or biophysics. Prerequisite: Biochemistry major.,0,
BIOL 100,Horizons in Biology,BIOL,"Credits 0-1. 0-1 Lecture Hours. Introduction to the study of biology at Texas A&amp;M University; gain knowledge of departmental and campus resources to assist and enhance the pursuit of a degree in biology, microbiology, molecular and cellular biology or zoology. Prerequisites: First-year and first-time-in-college freshman majoring in BIOL, MBIO, BMCB and ZOOL.",0,
BIOL 101,Botany,BIOL,"3 Lecture Hours. 3 Lab Hours. Structure, physiology and development of plants with an emphasis on seed plants. (Not open to students who have taken BIOL 111 and BIOL 112 or BIOL 113 .); includes laboratory that reinforces and provides supplemental information related to the lecture topics.",4,
BIOL 104,"Contemporary Issues in Science - Cosmos, Earth and Humanity",BIOL,"3 Lecture Hours. Science for citizens; interdisciplinary survey of contemporary issues in the science of our universe or cosmos, Earth and humanity, including the big bang, evolution, genetics, vaccines and drugs; future outlook on humanity, including artificial intelligence, cryptography and cybersecurity; critically analyze science presented in the news, on television and on social media; ethical implications of research. Cross Listing: ARSC 104 and PHYS 104 .",3,
BIOL 107,Zoology,BIOL,"3 Lecture Hours. 3 Lab Hours. (BIOL 1313 and 1113, 1413) Zoology. Survey of animal life with respect to cell organization, genetics, evolution, diversity of invertebrates/vertebrates, anatomy/physiology, and interaction of animals with their environment; includes laboratory that reinforces and provides supplemental information related to lecture topics. (Not open to students who have taken BIOL 111 and BIOL 112 or BIOL 113 ).",4,
BIOL 111,Introductory Biology I,BIOL,"3 Lecture Hours. 3 Lab Hours. (BIOL 1306 and 1106, 1406) Introductory Biology I. First half of an introdutory two-semester survey of contemporary biology that covers the chemical basis of life, structure and biology of the cell, molecular biology and genetics; includes laboratory that reinforces and provides supplemental information related to the lecture topics; also taught at Galveston campus.",4,
BIOL 112,Introductory Biology II,BIOL,"3 Lecture Hours. 3 Lab Hours. (BIOL 1307 and 1107, 1407) Introductory Biology II. The second half of an introductory two-semester survey of contemporary biology that covers evolution, history of life, diversity and form and function of organisms; includes laboratory that reinforces and provides supplemental information related to the lecture topics. Prerequisite: BIOL 111 ; also taught at Galveston campus.",4,
BIOL 113,Essentials in Biology,BIOL,"3 Lecture Hours. (BIOL 1308, BIOL 1408) Essentials in Biology. One-semester biology for non-majors; overview of essential biological concepts and their application to real world and contemporary issues; topics include evolution, biodiversity, cellular, molecular and forensic biology, genetics and heredity to scientific literacy, human impact on the environment, genetically modified organisms and emerging diseases.",3,
BIOL 206,Introductory Microbiology,BIOL,"3 Lecture Hours. 4 Lab Hours. (BIOL 2320 and 2120, BIOL 2321 and 2121, BIOL 2420, BIOL 2421) Introductory Microbiology. Basic microbiology of prokaryotes and eukaryotes; main topics include morphology, physiology, genetics, taxonomy, ecology, medically important species and immunology; mandatory laboratory designed to give hands-on experience and to reinforce basic principles. Prerequisites: BIOL 101 , BIOL 107 , BIOL 111 , or BIOL 113 ; CHEM 119 . May not be used for credit by biology, molecula",4,
BIOL 213,Molecular Cell Biology,BIOL,"3 Lecture Hours. Exploration of the molecular basis of cell structure, function and evolution; gene regulation, cell division cycle, cancer, immunity, differentiation, multicellularity and photosynthesis. Prerequisite: BIOL 112 and CHEM 120 .",3,
BIOL 214,"Genes, Ecology and Evolution",BIOL,3 Lecture Hours. A genetically-based introduction to the study of ecology and evolution; emphasis on the interactions of organisms with each other and with their environment. Prerequisite: BIOL 112 .,3,
BIOL 285,Directed Studies,BIOL,"Credits 1 to 4. 1 to 4 Other Hours. Problems in various phases of plant, animal and microbial science. Prerequisites: Freshman or sophomore classification; approval of ranking professor in field chosen and Undergraduate Advising Office.",1,
BIOL 289,Special Topics in...,BIOL,Credits 1 to 4. 1 to 4 Lecture Hours. Selected topics in an identified area of biology. May be repeated for credit. Prerequisite: Approval of instructor.,1,
BIOL 291,Research,BIOL,Credits 0 to 4. 0 to 4 Other Hours. Active research of basic nature under the supervision of a Department of Biology faculty member. May be repeated for credit. Prerequisites: Freshman or sophomore classification and approval of faculty member.,0,
BIOL 302,Careers in Biology,BIOL,1 Lecture Hour. Development of job search skills; utilization of career resources; self-assessment of career interests and career objectives; strategies for professional correspondence and networking; business etiquette and interviewing techniques; insight into life science career opportunities. Prerequisites: Junior or senior classification; department of biology majors only; or approval of instructor.,1,
BIOL 318,Chordate Anatomy,BIOL,"3 Lecture Hours. 3 Lab Hours. Classification, phylogeny, comparative anatomy, and biology of chordates; diversity, protochordates, vertebrate skeletons, shark and cat anatomy studied in laboratory. Prerequisite: BIOL 214 or approval of instructor.",4,
BIOL 319,Integrated Human Anatomy and Physiology I,BIOL,"3 Lecture Hours. 3 Lab Hours. Integrated approach to cellular, neural, skeletal, muscular anatomy and physiology; includes some histology, histopathology, radiology and clinical correlations. Prerequisite: BIOL 111 and BIOL 112 , or BIOL 107 .",4,
BIOL 320,Integrated Human Anatomy and Physiology II,BIOL,"3 Lecture Hours. 3 Lab Hours. Continuation of BIOL 319 . Integrated approach to endocrine, cardiovascular, respiratory, digestive, urinary, reproductive and developmental anatomy and physiology; includes some histology, histopathology, radiology and clinical correlations. Prerequisite: BIOL 319 or approval of instructor.",4,
BIOL 335,Invertebrate Zoology,BIOL,"3 Lecture Hours. 3 Lab Hours. Morphology, taxonomy, natual history and phylogeny of invertebrate animals, with emphasis on biodiversity; class includes both lecture and lab. Labs include study of preserved material and demonstration of living animals in aquaria and terraria. Prerequisite: BIOL 214 or approval of instructor.",4,
BIOL 349,Bioinformatics,BIOL,"3 Lecture Hours. Comprehensive analysis of bioinformatics tools applicable to eukaryotic organisms; theoretical background of computational algorithms, with an emphasis on application of computational tools related to modern molecular biological research. Prerequisites: BIOL 213 ; GENE 301 , GENE 302 , GENE 303 , BIMS 320/GENE 320 , or GENE 320/BIMS 320 recommended; or approval of instructor.",3,
BIOL 350,Computational Genomics,BIOL,"2 Lecture Hours. 2 Lab Hours. Hands-on approach to obtaining, organizing and analyzing genome-related data; emphasis on asking and answering biologically relevant questions by designing and performing experiments using computers; understanding biology from a computational perspective. Prerequisite: Junior or senior classification in life sciences, engineering, mathematics, chemistry.",3,
BIOL 351,Fundamentals of Microbiology,BIOL,"3 Lecture Hours. 4 Lab Hours. Introduction to modern microbiology with emphasis on prokaryotes; includes microbial cell structure, function, and physiology; genetics, evolution, and taxonomy; bacteriophage and viruses; pathogenesis and immunity; and ecology and biotechnology; includes laboratory experience with microbial growth and identification. Prerequisites: BIOL 112 ; CHEM 257 , or CHEM 227 and CHEM 237 , or CHEM 231 ; or approval of instructor; also taught at Galveston campus.",4,
BIOL 352,Diagnostic Bacteriology,BIOL,"2 Lecture Hours. 6 Lab Hours. Practical experience in handling, isolation and identification of pathogenic microorganisms using biochemical tests and rapid identification techniques. Prerequisite: BIOL 351 or approval of instructor.",4,
BIOL 357,Ecology,BIOL,"3 Lecture Hours. Analysis of ecosystems at organismal, population, interspecific and community levels. Prerequisite: BIOL 214 or approval of instructor.",3,
BIOL 388,Principles of Animal Physiology,BIOL,"3 Lecture Hours. 3 Lab Hours. Introduction to how animals function, including basics of neurophysiology, endocrinology, muscular, cardiovascular, respiratory, ormoregulatory, and metabolic physiology; broadly comparative in scope and encompassing adaptation of physiological systems to diverse environments; the laboratory stresses techniques used for monitoring and investigating physiological mechanisms and responses to environmental changes. Prerequisites: BIOL 214 , CHEM 228 , or CHEM 258 , or ",4,
BIOL 400,Tropical Ecology of Costa Rica,BIOL,"2 Lecture Hours. 12 Lab Hours. Advanced field-intensive course conducted at multiple biological field stations located throughout Costa Rica; exposure to a wide variety of tropical ecological principles using largely observational and some sampling techniques; experience with amazing diversity of wildlife and habitats from hot, humid low land rainforests to the high elevations of the Talamanca páramo; development of a variety of natural history skills needed to understand the complex interaction",6,
BIOL 401,Critical Writing in Biology,BIOL,1 Lecture Hour. Reading scientific papers and writing short synopses of papers with a focus on learning how to think and write like a scientist; fills the current Writing Intensive &quot;W&quot; course requirement for biology. Prerequisite: BIOL 213 or CHEM 228 ; junior or senior classification.,1,
BIOL 402,Communicating Biological Research to the Public,BIOL,1 Lecture Hour. Interpretation of scientific papers; analysis of how research findings are communicated to lay audiences; creation of synopses of research findings for the general public. Prerequisite: BIOL 213 or CHEM 228 ; junior or senior classification.,1,
BIOL 403,Medical Narratives,BIOL,1 Lecture Hour. Focus on reading and analyzing brief nonfiction stories about medicine; exploration of different perspectives and experiences with illness and medicine. Prerequisites: BIOL 213 or CHEM 228 ; junior or senior classification or approval of instructor.,1,
BIOL 405,Comparative Endocrinology,BIOL,"3 Lecture Hours. Basic principles of endocrinology including structure and functions of hormones in vertebrates; hormonal control of growth, metabolism, osmoregulation, and reproduction; endocrine techniques and mechanism of hormone action. Prerequisites: BIOL 214 ; CHEM 227 or CHEM 257 .",3,
BIOL 406,Bacterial Genetics,BIOL,"3 Lecture Hours. A problem oriented course surveying the manipulation and mechanisms of genetic systems in bacteria; recombination, structure and regulation of bacterial genes, plasmids and phages. Prerequisites: BIOL 351 ; GENE 302 . Cross Listing: GENE 406/BIOL 406 .",3,
BIOL 407,Biological Clocks,BIOL,"3 Lecture Hours. Examination of the basic mechanisms of biological timing; in depth study of clocks in model organisms and the relationship between clocks and human health and disease. Prerequisites: BICH 431/GENE 431 , BIOL 213 or GENE 431/BICH 431 .",3,
BIOL 411,Synthetic Biology of Microbes,BIOL,"3 Lecture Hours. Underlying technical basis for synthetic biology; tools used to generate recombinant molecules; genetic circuitry and modules applied to bacteria; design and fabrication of genes, biological components and entire organisms; survey actual and theoretical applications. Prerequisites: BIOL 351 or BICH 431/GENE 431 .",3,
BIOL 413,Cell Biology,BIOL,"3 Lecture Hours. Structure, function, and biogenesis of cells and their components; interpretation of dynamic processes of cells, including protein trafficking, motility, signaling and proliferation. Prerequisites: BIOL 213 , GENE 302 , or GENE 303 ; BICH 410 or BICH 440 .",3,
BIOL 414,Developmental Biology,BIOL,"3 Lecture Hours. Concepts of development in systems ranging from bacteriophage to the mammalian embryo; use of recombinant DNA technology and embryo engineering to unravel the relationships between growth and differentiation, morphogenesis and commitment, aging and cancer. Prerequisite: BIOL 213 or GENE 302 ; BICH 410 or BICH 440 .",3,
BIOL 423,Cell Biology Laboratory,BIOL,"1 Lecture Hour. 3 Lab Hours. Modern methods of study of cell structure and cell function. Prerequisites: BICH 410 and BIOL 413 , or concurrent enrollment or approval of instructor.",2,
BIOL 428,Cellular Neuroscience,BIOL,"3 Lecture Hours. Cell biology, molecular biology and biophysics of neurons as it pertains to their fundamental role in the physiological basis of behavior; study of how neurons create, maintain and exploit electrical signals for information coding and transmission; principles of electrical and chemical signaling between neurons, and the role of intracellular signaling for signal modulation and synaptic plasticity; exploration of a broad range of state-of-the-art molecular tools currently used to",3,
BIOL 430,Biological Imaging,BIOL,"3 Lecture Hours. 3 Lab Hours. Still and video photography and photomicrography, computerbased digital image analysis and processing of biological images; theory and principles of light and electron microscopy including transmission and scanning electron microscopy; optical contrast methods for light microscopy including phase contrast, DIC, polarizing light and confocal laser scanning microscopy. Prerequisite: Junior classification or approval of instructor.",4,
BIOL 434,Regulatory and Behavioral Neuroscience,BIOL,"3 Lecture Hours. Cell biology and biophysics of neurons; functional organization of the vertebrate nervous system; physiological basis of behavior. Prerequisites: BIOL 213 ; BIOL 319 , BIOL 320 , BIOL 388 , BIOL 413 , or PBSI 235 , or approval of instructor. Cross Listing: NRSC 434/BIOL 434 .",3,
BIOL 435,Laboratory for Regulatory and Behavioral Neuroscience,BIOL,"3 Lab Hours. Study of modern methods and tools used to investigate nervous system structure and function. Prerequisite: BIOL 213 ; BIOL 319 , BIOL 320 , BIOL 388 , BIOL 413 , BIOL 428 , BIOL 434/NRSC 434 , NRSC 235, NRSC 335, NRSC 428/BIOL 428 , NRSC 434/BIOL 434 , or PBSI 235 , or approval of instructor.",1,
BIOL 438,Bacterial Physiology,BIOL,"3 Lecture Hours. Structure and function of prokaryotic cells, with emphasis on evolutionary adaptations to different environmental, developmental, and pathogenic selections pressures; formation of teamsa and preparation of presentations on specific topics in microbiology. Prerequisites: BIOL 351 ; BIOL 406/GENE 406 or concurrent enrollment; BICH 410 , BICH 431/GENE 431 and GENE 302 strongly recommended.",3,
BIOL 440,Marine Biology,BIOL,"3 Lecture Hours. 3 Lab Hours. Introduction to biology of common organisms inhabiting bays, beaches and near-shore oceanic waters with special reference to Gulf of Mexico biota; emphasis on classification, distribution, history, ecology, physiology, mutualism, predation, major community types and economic aspects of marine organisms. Prerequisite: BIOL 214 or approval of instructor.",4,
BIOL 443,Early Stages of Animal Evolution,BIOL,"2 Lecture Hours. 2 Lab Hours. Analysis of the earliest stages of animal evolution by integrating various scientific fields such as genomics, paleontology, metabolism, morphology, environment, development and behavior; includes hands-on exploration of fossils and modern animals to understand how evolution shaped our world. Prerequisites: BIOL 214 ; junior or senior classification.",3,
BIOL 444,Neural Development,BIOL,"3 Lecture Hours. Cellular and molecular mechanisms of nervous system development including neural induction and the basis of complex behaviors; use of a wide range of model organisms with a specific emphasis on vertebrate nervous system development. Prerequisites: BIOL 213 , BIOL 319 , BIOL 320 , BIOL 413 , BIOL 388 , or PBSI 235 . Cross Listing: NRSC 444/BIOL 444 .",3,
BIOL 445,Biology of Viruses,BIOL,"3 Lecture Hours. Structure, composition and life cycles of viruses; methods used to study viruses; their interaction with host cells; mechanisms of pathogenicity and cellular transformation; responses of the host to viral infection, and vaccine applications; in-depth study of the life cycles of the major classes of viruses and discussion of emerging viruses. Prerequisite: BIOL 213 or BIOL 351 or approval of instructor.",3,
BIOL 450,Genomics,BIOL,"3 Lecture Hours. 3 Lab Hours. The study of genomic data includes consideration of the logic behind the most important genomic approaches, as well as their capabilities and limitations in investigating biological processes; the science of accessing and manipulating genomic data; and practical applications, including development of an hypotheses-driven datamining experiment. Prerequisites: BIOL 213 , GENE 301 or GENE 302 , BICH 431/GENE 431 or GENE 431/BICH 431 , or BIOL 351 ; junior or senior cla",4,
BIOL 454,Immunology,BIOL,3 Lecture Hours. Introduction to basic immunological concepts and principles of serology. Prerequisite: BIOL 351 or equivalent or approval of instructor.,3,
BIOL 455,Laboratory in Immunology,BIOL,"6 Lab Hours. Practical application of serological principles which include precipitation, agglutination and blood banking principles; techniques in tissue culture and hybridoma technology also included. Prerequisite: BIOL 454 or registration therein.",2,
BIOL 456,Medical Microbiology,BIOL,"3 Lecture Hours. Microbiology, epidemiology and pathology of human pathogens with an emphasis on bacterial agents. Prerequisite: BIOL 351 or approval of instructor.",3,
BIOL 461,Antimicrobial Agents,BIOL,"1 Lecture Hour. Understanding of antimicrobial agents, limitations of use, biosynthesis and regulation, and challenges in development as new therapeutics. Prerequisites: BICH 410 or BICH 440 and BIOL 351 or VTPB 405 .",1,
BIOL 466,Principles of Evolution,BIOL,"3 Lecture Hours. Evolutionary patterns, mechanisms and processes at the organismal, chromosomal and molecular levels; modes of adaptation and the behavior of genes in populations. Prerequisite: GENE 302 or approval of instructor.",3,
BIOL 467,Integrative Animal Behavior,BIOL,"3 Lecture Hours. Examines how behavior contributes to survival and reproduction, and how evolutionary history and ecological circumstance interact to shape the expression of behavior; focus on integrative nature of behavior; how the interaction of evolutionary processes, mechanistic constraints, and ecological demands determine behavioral strategies. Prerequisite: BIOL 214 , BIOL 357 , BIOL 388 , BIOL 405 , BIOL 434/NRSC 434 , or BIOL 466 , or approval of instructor.",3,
BIOL 480,Departmental Colloquium,BIOL,"1 Lecture Hour. Attend presentations given by renowned scientists from various fields of biology; learn about new developments in science; stay abreast of current and trending research topics. Prerequisites: Senior classification; majors in BIOL, MICRO, BMCB and ZOOL.",1,
BIOL 481,Seminar in Biology,BIOL,"1 Lecture Hour. Recent advances. Prerequisite: Senior undergraduate majors in biology, microbiology, botany or zoology.",1,
BIOL 484,Internship,BIOL,Credits 0 to 4. 0-1 Other Hours. Directed internship in a private firm or public agency to provide research experience appropriate to the student's degree program and career objectives. May be taken two times. Prerequisite: Approval of internship agency and advising office.,0,
BIOL 485,Directed Studies,BIOL,"Credits 1 to 12. 1 to 12 Other Hours. Problems in various phases of plant, animal and bacteriological science. Prerequisites: Junior classification; approval of ranking professor in field chosen and Undergraduate Advising Office.",1,
BIOL 489,Special Topics in...,BIOL,Credits 1 to 4. 1 to 4 Lecture Hours. 0 to 10 Lab Hours. Selected topics in an identified area of biology. May be repeated once for credit.,1,
BIOL 491,Research,BIOL,Credits 0 to 4. 0 to 4 Other Hours. Active research of basic nature under the supervision of a Department of Biology faculty member. May be taken two times. Registration in multiple sections of this course is possible within a given semester provided that the per semester credit hour limit is not exceeded. Prerequisite: Approval of departmental faculty member.,0,
BIOL 492,Biomedical Therapeutics Development,BIOL,"1 Lecture Hour. Basic aspects of the biotechnology business; includes key aspects of biotechnology patents, the main steps in preclinical drug development and company structure and funding. Prerequisites: BIOL 213 or equivalent; CHEM 227 and CHEM 228 .",1,
BIOL 495,Biology Capstone: Research Communication in the Life Sciences,BIOL,"2 Lecture Hours. Culmination of capstone research experience; formalization of research results in written and oral forms; introduction to primary genres or scientific writing; apply principles of rhetoric and composition to diverse methods of professional communication. Prerequisite: BIOL 452, BICH 464/GENE 464 , BIOL 400 , BIOL 493 or BIOL 491 or approval of instructor.",2,
BIOL 496,Ethics in Biological Research,BIOL,"1 Lecture Hour. Fraud in science, how to recognize it, and how to avoid committing fraud; includes the basis of ethics and plagiarism, negotiation techniques and conflict management, the regulations and ethics covering animal and human experiments, record-keeping, data management and peer review. Prerequisite: BIOL 491 , NRSC 491 , BICH 491 , GENE 491 , BIMS 491 , CHEM 491 , BIOL 351 , or BICH 410 , or approval of instructor.",1,
BMEN 153,Pathways in Biomedical Engineering,BMEN,"1 Lecture Hour. Overview of biomedical engineering and the biomedical engineering industry, including specialties, degree requirements and scholastic programs in the Department of Biomedical Engineering. Prerequisite: Biomedical Engineering major.",1,
BMEN 201,Professional Development Essentials,BMEN,"3 Lecture Hours. Examination of professional development essentials required to be a professional biomedical engineer; topics include academic, engineering, and medical ethics; critical thinking and problem-solving skills; and written, verbal, and mathematical communication skills. Prerequisites: Grade of C or better in MATH 152 ; Biomedical Engineering major.",3,
BMEN 207,Computing for Biomedical Engineering,BMEN,"2 Lecture Hours. 3 Lab Hours. Introduction to the principles of computer programming for biomedical applications including program design and development, programming techniques and documentation; introduction to and programming in the Python and LabVIEW environments, and computer-aided design application in SolidWorks environments. Prerequisite: Grade of C or better in MATH 152 and ENGR 102 ; Biomedical Engineering major.",3,
BMEN 211,Biomedical Applications of Signals and Systems,BMEN,3 Lecture Hours. Quantitative analysis of biomedical and physiological signals; Fourier and Laplace transforms; filtering of biomedical signals; electrical circuits an analog representations of physiological systems as model systems; A/D conversion and sampling. Prerequisites: Admitted to major degree sequence; PHYS 207 or PHYS 208; MATH 308 or concurrent enrollment.,3,
BMEN 250,Biostatistics and Data Visualization,BMEN,"3 Lecture Hours. Introduction to statistical thinking for biomedical engineering problem-solving and decision-making applied to the benchtop, laboratory, and clinical testing and to the quality engineering procedures of verification and validation; topics include descriptive statistics, estimation, hypothesis testing, regression and correlation, experimental design, data visualization, and ethics of statistical practice. Prerequisites: Grade of C or better in MATH 152 and ENGR 102 ; Biomedical E",3,
BMEN 253,Discovering Biomedical Engineering Design Thinking,BMEN,1 Lecture Hour. Identification and exploration of what constitutes a medical device and the unique aspects of medical device design that are imposed by medical device regulation. Prerequisite: Biomedical Engineering major.,1,
BMEN 254,Biomedical Engineering Design I,BMEN,1 Lecture Hour. Introduction into biomedical engineering design and relevant biomedical topics. Prerequisites: Grade of C or better in BMEN 253 ; Biomedical Engineering major.,1,
BMEN 285,Directed Studies,BMEN,Credits 0 to 4. 0 to 4 Other Hours. Allows students to undertake special projects in biomedical engineering at an earlier point in their studies than required for BMEN 485 . Prerequisite: Approval of Director of Undergraduate Programs.,0,
BMEN 289,Special Topics in...,BMEN,Credits 1 to 4. 1 to 4 Lecture Hours. 0 to 4 Lab Hours. Selected topics in an identified area of biomedical engineering. May be repeated for credit. Prerequisite: Approval of instructor.,1,
BMEN 291,Research,BMEN,Credits 0 to 4. 0 to 4 Other Hours. Research conducted under the direction of faculty member in biomedical engineering. May be repeated 2 times for credit. Prerequisites: Freshman or sophomore classification and approval of instructor.,0,
BMEN 305,Bioinstrumentation,BMEN,"3 Lab Hours. Introduction to biomedical instrumentation design; hands on acquisition of biomedical signals; design, building and testing of bioinstrumentation circuits including analog signal amplifiers and analog filter circuits. Prerequisite: Grade of C or better in BMEN 211 ; grade of C or better in BMEN 321 or concurrent enrollment.",1,
BMEN 311,Imaging Living Systems,BMEN,"3 Lecture Hours. Examination of microscopy and clinical imaging modalities in biomedical applications across intracellular to whole body length scales; microscopy topics include optical, electron, scanning probe, infrared, intravital, and other techniques; clinical imaging techniques to be covered include x-ray, ultrasound, magnetic resonance imaging, computed and positron emission tomography, and other specialized clinical imaging. Prerequisites: Grade of C or better in BMEN 207 or approval of ",3,
BMEN 321,"Circuits, Signals, and Systems",BMEN,"2 Lecture Hours. 3 Lab Hours. Examination of circuits and linear and nonlinear systems concepts required for quantitative analysis of biomedical and physiological signals and design of biomedical systems; topics include electrical circuit fundamentals, operational amplifiers, frequency response, electrical transients, impulse response, transfer functions, convolution, Fourier and Laplace transforms, filtering of biomedical signals, electrical circuits and analog representations of physiological ",3,
BMEN 322,Biosignal Analysis,BMEN,3 Lecture Hours. Design and application of analog and digital signal analysis in biomedical engineering; characteristics of biomedical signals; design considerations for analog-to-digital and digital-to-analog circuitry; biosignal transformation methods; analog and digital filter design for biomedical signals. Prerequisite: BMEN 321 .,3,
BMEN 341,Biotransport,BMEN,"3 Lecture Hours. Fundamentals of momentum, mass, and energy transport related to living or biomedical systems; examination of the basic principles and constitutive equations of a variety of biological transport phenomena, with length scales ranging from intracellular to organ level; topics include fluid mechanics; transport by diffusion, along with effects of convection, electrochemical potential, and chemical reactions; and energy-tissue interactions; emphases are given to fundamental principle",3,
BMEN 343,Biomedical Engineering Materials,BMEN,"2 Lecture Hours. 3 Lab Hours. Properties, preparation, and characterization of natural and man-made materials encountered in biomedical applications; topics include the chemical structure of metals, ceramics, and polymers; physical, mechanical, bulk, and surface properties of biomaterials; biomaterial degradation; and biomaterial processing; theoretical investigations and hands-on acquisition and interpretation of biomaterial preparation and characterization data. Prerequisites: Grade of C or be",3,
BMEN 344,Biological Interactions and Testing,BMEN,"2 Lecture Hours. 3 Lab Hours. Application of quantitative engineering principles and bioimaging, bioassay, and biomolecule activity testing to elucidate the interactions between materials and biological systems; topics include protein and cell interactions with biomaterials; biomaterial implantation; acute inflammation, wound healing and the presence of biomaterials immune responses to biomaterials; thrombosis; infection; tumorigenesis; and calcification of biomaterials; examination of theoretic",3,
BMEN 345,Biomaterials Lab,BMEN,"3 Lab Hours. Experimental methods used to prepare and characterize polymeric biomaterials used in biomedical engineering; related fundamental aspects of forming a hypothesis, experimental design, empirical observation, data collection, interpretation and presentation of data. Prerequisite: Grade of C or better in BMEN 343 ; grade of C or better and concurrent enrollment in BMEN 250 .",1,
BMEN 351,Biomedical and Health Data Science,BMEN,"3 Lecture Hours. Exploration of applications of data analytics, machine learning, and deep learning in health sciences and biomedical data; topics include theoretical foundations, algorithms and methods of deriving valuable insights from data, predictive health analysis, electronic health records, medical image analysis, computational drug discovery, and genome structure prediction using predictive modeling. Prerequisites: Grade of C or better in BMEN 207 and BMEN 250 or STAT 312 ; Biomedical En",3,
BMEN 353,Biomedical Engineering Device Design II,BMEN,"1 Lecture Hour. Identification of needs, concept ideation and selection, and creating an initial prototype for user testing within the biomedical engineering process. Prerequisites: Grade of C or better in BMEN 254 ; Biomedical Engineering major.",1,
BMEN 354,Biomedical Engineering Design III,BMEN,"2 Lecture Hours. Analysis of validation and verification testing for biomedical engineering design, along with manufacturing readiness, market-entry readiness, and post-market engineering activities. Prerequisites: Grade of C or better in BMEN 353 ; Biomedical Engineering major.",2,
BMEN 361,Biomedical Engineering Mechanics,BMEN,"2 Lecture Hours. 3 Lab Hours. Examination of biomedical engineering mechanics with a focus on biomedical devices, biomaterials, and hard and soft biological tissues; topics include fundamentals of static mechanics, motion biomechanics, and mechanics of materials supplemented with experimental design, simulation, and mechanical testing; exploration of theoretical investigations and hands-on acquisition; interpretation and application of biomechanical data. Prerequisites: Grade of C or better in B",3,
BMEN 399,Engineering Professional Development,BMEN,0 Other Hours. Participation in an approved high-impact learning practice; reflection on professional outcomes from engineering body of knowledge; documentation and self-assessment of learning experience at mid-curriculum point. Prerequisites: Admission to biomedical engineering; junior or senior classification or approval of instructor.,0,
BMEN 400,History of Human and Veterinary Medicine in Europe,BMEN,"4 Lecture Hours. Addresses the major developments in human and veterinary medicine in Europe from the Middle Ages to the present; explores key events and figures in medical history and analyzes issues of current biomedical concern in a historical context; for example, animal rights, ethics of humane experimentation, euthanasia. Prerequisites: Admitted to major degree sequence in biomedical engineering; VTPP 434 . Cross Listing: VTPP 401/BMEN 400 .",4,
BMEN 401,Principles and Analysis of Biological Control Systems,BMEN,3 Lecture Hours. Techniques for generating quantitative mathematical models of physiological control systems and devices; the behavior of physiological control systems using both time and frequency domain methods. Prerequisite: BMEN 321 .,3,
BMEN 402,Biomedical Optics Laboratory,BMEN,"2 Lecture Hours. 3 Lab Hours. Biomedical optics technology; basic engineering principles used in developing therapeutic and diagnostic devices; hands-on labs including optical monitoring, diagnostic and therapeutic experiments. Prerequisite: PHYS 207 or PHYS 208 or approval of instructor; Biomedical Engineering major or minor.",3,
BMEN 404,FDA Good Laboratory and Clinical Practices,BMEN,3 Lecture Hours. Implementation of Good Laboratory Practices (GLP) for the submission of preclinical studies and use of Good Clinical Practices (GCP) in clinical trials in accordance with Food and Drug Administration (FDA) regulations; includes similarities and differences in GLP and GCP critical for the introduction of new drugs and medical devices. Prerequisites: BMEN 253 ; junior or senior classification.,3,
BMEN 406,Medical Device Path to Market,BMEN,"3 Lecture Hours. Path to market for a medical device with specific attention to the regulatory affairs to enable the development of an appropriate regulatory strategy due to the highly regulated global environment. Prerequisites: BMEN 253 ; junior or senior classification, or approval of instructor.",3,
BMEN 420,Medical Imaging,BMEN,"3 Lecture Hours. Principles of major imaging modalities including x-ray radiography, x-ray computed tomography (CT), ultrasonography and magnetic resonance imaging; including a brief discussion on other emerging imaging technologies such as nuclear imaging (PET and SPECT). Prerequisites: Grade of C or better in BMEN 321 ; junior or senior classification.",3,
BMEN 422,Bioelectromagnetism,BMEN,"3 Lecture Hours. Electric, magnetic and electromagnetic phenomena associated with biological tissues; source modeling based on physiological current including line and volume conductor models as well as electromagnetic-based stimulation, sensing and imaging. Prerequisites: Admission into the degree sequence of the major and BMEN 321 or approval of instructor.",3,
BMEN 425,Biophotonics,BMEN,"3 Lecture Hours. Theory and application of optical instrumentation, including light sources, lasers, detectors, and optical fibers; instrumentation and engineering in biomedical applications of optics in therapeutics, diagnostics, and biosensing. Prerequisites: Grade of C or better in BMEN 311 ; Biomedical Engineering majors; junior or senior classification.",3,
BMEN 427,Magnetic Resonance Engineering,BMEN,"2 Lecture Hours. 3 Lab Hours. Design, construction and application of instrumentation for MR imaging; fundamentals of the architecture of an MR spectrometer and the gradient subsystem used for image localization; emphasis on the radiofrequency sensors and systems used for signal generation and reception. Prerequisites: Grade of C or better in ECEN 322 or BMEN 420 ; junior or senior classification.",3,
BMEN 428,Embedded Systems for Medical Applications,BMEN,"2 Lecture Hours. 3 Lab Hours. Principles of embedded system architecture and programming; fundamentals and theoretical foundations of wireless communication systems; hands-on experiences of how an embedded system could be used to solve problems in biomedical engineering; projects on wireless sensors and imaging for medical devices. Prerequisite: Grade of C or better in BMEN 321 , CSCE 350/ECEN 350 , or CSCE 315 , or approval of instructor. Cross Listing: CSCE 461/BMEN 428 .",3,
BMEN 431,Biomolecular Engineering,BMEN,"3 Lecture Hours. Foundations for understanding and experimental approaches for measuring and manipulating biomolecules; proteins, nucleic acids and carbohydrates; thermodynamics and kinetics of biomolecular reactions. Prerequisites: Grade of C or better in BMEN 344 or concurrent enrollment; junior or senior classification; Biomedical Engineering majors; or approval of instructor.",3,
BMEN 432,Molecular and Cellular Biomechanics,BMEN,"3 Lecture Hours. Introduces biomolecules and their assemblies that play structural and dynamical roles in subcellular to cellular level mechanics; emphasis on quantitative/theoretical descriptions; discussions of the relevant experiment approaches to probe these nano to micro-scale phenomena; includes topics in self-assembly of cytoskeleton and biomembranes, molecular motors, cell motility, and mechanotransduction. Prerequisite: BMEN 361 .",3,
BMEN 433,Biomolecular and Cellular Engineering Laboratory,BMEN,"2 Lecture Hours. 3 Lab Hours. Laboratory biosafety and biohazard awareness; cell culture protocols and standards for biocompatibility testing; setting protocols for cellular and biomolecular projects; bioimaging, bioassays and biomolecule activity testing. Prerequisites: VTPP 435 ; BMEN 431 or concurrent enrollment; majors in biomedical engineering; junior or senior classification; or approval of instructor.",3,
BMEN 448,Healthcare Technology in the Developing World,BMEN,1 Lecture Hour. 6 Lab Hours. Principles of operation for major types of medical equipment; physiology underlying the measurement; major functional (system) pieces for each instrument; typical problems/applications of each instrument. Prerequisite: Grade of C or better in MATH 152 and PHYS 207 ; approval of instructor.,3,
BMEN 450,Case Studies,BMEN,1 Lecture Hour. Examination of the process through which clinically defined problems are addressed from the perspective of biomedical engineering through the use of case studies; issues of technology transfer and clinical evaluation. Prerequisite: Admitted to major degree sequence; junior or senior classification.,1,
BMEN 452,Mass and Energy Transfer in Biosystems,BMEN,3 Lecture Hours. Transport phenomena associated with physiological systems and their interaction with medical devices; exchange processes in artificial life support systems and diagnostic equipment. Prerequisite: Grade of C or better in BMEN 341 ; Biomedical Engineering major or minor.,3,
BMEN 453,Analysis and Design Project I,BMEN,"2 Lecture Hours. 3 Lab Hours. Team-based biomedical engineering analysis and design project involving needs statement generation, ideation, technical specifications, subsystem analysis, and design of complete biomedical system to fit unique needs. Prerequisites: Grade of C or better in BMEN 321 , BMEN 344 , BMEN 354 , and BMEN 361 ; Biomedical Engineering major.",3,
BMEN 454,Analysis and Design Project II,BMEN,9 Lab Hours. Continuation of BMEN 453 . Prerequisite: Grade of C or better in BMEN 453 ; Biomedical Engineering major.,3,
BMEN 457,Orthopedic Biomechanics,BMEN,"3 Lecture Hours. Development of competencies in biomechanical principles using practical examples and clinical case studies; application of biomechanical knowledge to the evaluation of musculoskeletal tissues and structures, and treatment options for musculoskeletal dysfunction. Prerequisite: BMEN 361 or equivalent course approved by instructor.",3,
BMEN 458,Motion Biomechanics,BMEN,3 Lecture Hours. Skeletal anatomy and mechanics; muscle anatomy and mechanics; theory and application of electromyography; motion and force measuring equipment and techniques; inverse dynamics modeling of the human body; current topics in musculoskeletal biomechanics research. Prerequisites: BMEN 207 or approval of instructor; junior or senior classification.,3,
BMEN 461,Cardiac Mechanics,BMEN,3 Lecture Hours. Application of continuum mechanics and computational solid mechanics to the study of the mammalian heart; utilization of continuum mechanics and finite element analysis in solving non-linear boundary value problems in biomechanics. Prerequisites: BMEN 341 and BMEN 361 .,3,
BMEN 463,Soft Tissue Mechanics and Finite Element Methods,BMEN,3 Lecture Hours. Application of continuum mechanics and finite element methods to the study of the mechanical behavior of soft tissues and associative applications in biomedicine. Prerequisites: BMEN 341 and BMEN 361 .,3,
BMEN 464,Cancer Bioengineering,BMEN,"3 Lecture Hours. Examination of cancer from an engineering perspective focusing on cancer as a complex interaction of tumor cells, support cells, and immune cells; quantifying and engineering tumor microenvironments; engineering advances in cancer discovery and therapeutic interventions; emphasis on systems integration to address cancer challenges. Prerequisites: Grade of C or better in BMEN 343 and VTPP 435 ; grade of C or better in BMEN 480 or concurrent enrollment.",3,
BMEN 465,Biomechanics Experiential Learning Lab,BMEN,"3 Lab Hours. Applications in biomechanics (solid and fluid); includes experimental methods used to investigate biomechanical factors in the assessment of therapeutic interventions; mechanical testing load frames; motion capture systems, high speed imaging and flow systems; hypothesis forming, experimental design, empirical observation, data collection and interpretation, and presentation of results. Prerequisite: Grade of C or better in BMEN 361 .",1,
BMEN 469,Entrepreneurial Pathways in Medical Devices,BMEN,"3 Lecture Hours. Overview of fundamental elements and development steps for an effective strategy pathway including regulatory pathway for commercialization of medical product/medical device innovations; application of the basic regulations and associated requirements and enforcements for product market approval; exploration of product quality test method design requirements; understanding of the applicable regulations and standards pertaining to the design, testing, approval and marketing of me",3,
BMEN 471,Numerical Methods in Biomedical Engineering,BMEN,"3 Lecture Hours. Application of numerical analysis to analyze molecular, cellular and physiological systems, using general techniques including programming in MATLAB to analyze steady and dynamic systems. Prerequisites: BMEN 207 and VTPP 434 .",3,
BMEN 472,Computational Fluid Dynamics in Biomedical Engineering,BMEN,3 Lecture Hours. Fundamentals of computational fluid dynamics (CFD) for biomedical applications; topics include discretization of fundamental balance relations; modeling physiologic geometries; mesh generation; modeling physics; iterative solution approach; and analysis of simulation results; emphasis on the role of CFD in biomedical device design and patient-tailored medicine. Prerequisites: Grade of C or better in BMEN 341 ; junior or senior classification or approval of instructor.,3,
BMEN 480,Biomedical Engineering of Tissues,BMEN,"3 Lecture Hours. Introduction to aspects of tissue engineering with and emphasis placed on tissue level topics including tissue organization and biological processes, with insights from recent literature (state-of-the-art). Prerequisite: BMEN 343 .",3,
BMEN 481,Seminar,BMEN,0 Other Hours. Research based seminar focused on the identification and pursuit of research experiences within the local biomedical engineering community. Must be taken on a satisfactory/unsatisfactory basis. Prerequisites: BMEN major; junior or senior classification.,0,
BMEN 482,Polymeric Biomaterials,BMEN,"3 Lecture Hours. Preparation, properties, and biomedical applications of polymers including polymerization; structure-property relationships; molecular weight and measurement; morphology; thermal transitions; network formation; mechanical behavior; polymetric surface modification; polymer biocompatibility and bioadhesion; polymers in medicine, dentistry, and surgery; polymers for drug delivery; polymeric hydrogels; and biodegradable polymers. Prerequisite: BMEN 343 .",3,
BMEN 483,Polymeric Biomaterial Synthesis,BMEN,3 Lecture Hours. Overview of polymer synthetic routes and key structure-property relationships with emphasis on the design of polymeric systems to achieve specific properties; tissue engineering and drug delivery applications will be used as model systems to explore the process of biomaterial design from synthesis to device evaluation. Prerequisite: BMEN 343 or approval of instructor.,3,
BMEN 484,Internship,BMEN,Credits 0 to 3. 0 to 3 Other Hours. Industry experience from both an experiential perspective as well as networking; reflect upon the experience gained during an internship with an outside entity; learn what it takes to be successful in industry. Prerequisites: Admission to Biomedical Engineering major; BMEN 253 .,0,
BMEN 485,Directed Studies,BMEN,Credits 0 to 6. 0 to 6 Other Hours. Allows students to undertake special projects in biomedical engineering. Prerequisite: Approval of instructor or Director of Undergraduate Programs.,0,
BMEN 486,Biomedical Nanotechnology,BMEN,"3 Lecture Hours. Nanotechnology applications in biomedicine; concepts of scale; unique properties at the nanoscale; biological interaction, transport, and biocompatibility of nanomaterials; current research and development of nanotechnology for medical applications, including sensors, diagnostic tools, drug delivery systems, therapeutic devices, and interactions of cells and biomolecules with nanostructured surfaces. Prerequisite: BMEN 343 , senior classification or approval of instructor.",3,
BMEN 487,Drug Delivery,BMEN,"3 Lecture Hours. Mechanisms for controlled release of pharmaceutically active agents and the development of useful drug delivery systems; controlled release mechanisms including diffusive, convective, and erosive driving forces by using case studies related to oral, topical and parenteral release in a frontier interdisciplinary scientific research format. Prerequisites: BMEN 343 ; senior classification in biomedical engineering or approval of instructor.",3,
BMEN 489,Special Topics in...,BMEN,Credits 1 to 4. 1 to 4 Other Hours. New or unique areas of biomedical engineering which are of interest to biomedical engineering and other undergraduate students.,1,
BMEN 491,Research,BMEN,Credits 0 to 4. 0 to 4 Other Hours. Research conducted under the direction of faculty member in biomedical engineering. May be repeated for credit. Prerequisites: Junior or senior classification and approval of instructor.,0,
BUSN 101,Freshman Business Initiative,BUSN,"3 Lecture Hours. (BUSI 1301) Freshman Business Initiative. Freshman orientation to business and to Mays Business School; introduction to majors within the business school and associated career opportunities; introduction and development of personal and professional competencies, with emphasis on self-leadership, business communication, ethical decision making, and teamwork. Prerequisite: Freshmen admitted to Mays Business School; also taught at Galveston campus.",3,
BUSN 125,Business Learning Community I,BUSN,"3 Lecture Hours. Focuses on the base competencies that relate to effectively managing people, tasks and organizations, and change and innovation; develops skills in personal and professional competencies, analytical and critical thinking skills, written and oral communication skills, interpersonal skills and problem-solving skills; research emphasis. Prerequisite: Selection for Mays Business School Honors Program.",3,
BUSN 203,Statistical Methods for Business,BUSN,"3 Lecture Hours. (BUSI 2305) Statistical Methods for Business. Collection, tabulation and presentation of numerical data; sampling, estimation of averages and variation, probability and error, hypothesis testing and correlation. Only one of the following will satisfy the requirements for a degree: STAT 201 or BUSN 203 ; STAT 201 may not be used to satisfy the BUSN 203 requirement in BBA degree programs. Prerequisites: MATH 140 , MATH 142 , or equivalent; Business, Agribusiness, and Maritime Busi",3,
BUSN 204,Discover Consulting,BUSN,"3 Lecture Hours. Learning the basic of management consulting; consulting firm distinctions (MBB, Big Four, boutique); value-creation models; consulting offerings; organizational structures and roles; career paths; consulting frameworks, diagnostics, analytics, methodologies; consulting project life cycle; client dynamics and influence; critical thinking; mental math strategies; interviewing skills; resume writing; self-awareness (EQ &amp; CQ); personal presence. Prerequisites: Sophomore classifi",3,
BUSN 206,Emerging Business Technology Environment,BUSN,"3 Lecture Hours. Analysis, recording, and reviewing of impactful technology businesses; foundational business leadership and personal brand development; analysis of customer lifecycle choices and business opportunity identification. Prerequisites: Business of Technology certificate; approval of instructor.",3,
BUSN 207,New Product Development and Go-to-Market Strategies,BUSN,3 Lecture Hours. Analysis and review of impactful technology businesses; ideating new products and services; product development process; developing opportunity identification; A/B testing of new product ideas; mapping customer value. Prerequisites: Business of Technology certificate; approval of instructor.,3,
BUSN 208,Business Application Development,BUSN,3 Lecture Hours. Review and development of code-based business applications; foundations of user experience and user interface designs; analysis of code performance and tracking app experience in the iPhone Operating Systems (IOS) Database market. Prerequisites: Business of Technology certificate; approval of instructor; CSCE 110 or CSCE 120 .,3,
BUSN 209,Business in Technology Experience,BUSN,"3 Lecture Hours. Examination of global business and technology environment in the west coast; history, culture, politics, and innovation influencing innovation &amp; infrastructure; combination of classroom work and field trip. Prerequisites: Business of Technology certificate; approval of instructor.",3,
BUSN 213,Overview of the Energy Industry,BUSN,1 Lecture Hour. Overview of the business model of energy companies; study of how the different functional areas of an energy firm work together to create value Prerequisite: Admission to Mays Business school.,1,
BUSN 225,Business Competency,BUSN,"3 Lecture Hours. Application of core business competencies of leadership, communication, decision making, ethics and teamwork. Prerequisites: BUSN 101 or BUSN 125 ; selection for Mays Business School Honors Program.",3,
BUSN 232,Resource Development,BUSN,"3 Lecture Hours. Examination of resource development and the fundraising process in nonprofit organizations and social enterprises; introduction to the funding methods and interconnectedness of government, individuals, foundations and corporations as nonprofits seek to address societal challenges; overview of donor motivations, sources of support, staff/board roles in fundraising, earned income strategies and ethical practices. Prerequisites: Mays Business School majors only.",3,
BUSN 285,Directed Studies,BUSN,Credits 1 to 4. 1 to 4 Other Hours. Directed study of selected problem in business not covered in other courses. May be taken two times for credit. Prerequisites: Freshman or sophomore classification admitted to Mays Business School and approval of instructor.,1,
BUSN 289,Special Topics in...,BUSN,Credits 1 to 4. 1 to 4 Lecture Hours. Selected topics in an identified area of business and public service. May be repeated for credit. Prerequisite: Freshman or sophomore in business.,1,
BUSN 299,Professional and High Impact Experiences,BUSN,0 Other Hours. Participation in professional and/or high impact experiences. May be repeated for credit. Must be taken on a satisfactory/unsatisfactory basis.,0,
BUSN 302,Nonprofit Perspectives,BUSN,"1 Lecture Hour. Examination of the size, scope and distinctiveness of the nonprofit sector; development of a comprehensive view of the nonprofit sector by engaging with a diversity of perspectives from private, government or nonprofit organizations. Prerequisite: Mays Business School major; junior or senior classification or approval of instructor.",1,
BUSN 325,Business Honors Seminar I,BUSN,1 Other Hour. Development and analysis of professional skills for application in the workplace. Prerequisite: Grade of C or better in BUSN 125 and BUSN 225 ; Business Honors majors.,1,
BUSN 392,Cooperative Education in Business,BUSN,40 Other Hours. Educational work assignment in the field in which the student is interested. Supervision will be by employer with technical report required at semester's end. May be taken three times for credit.,2,
BUSN 401,Mays Business Fellows I,BUSN,3 Lecture Hours. A seminar for the development of leadership and management skills. Prerequisite: Selection for Mays Business Fellows Program.,3,
BUSN 403,Business Writing and Communication,BUSN,"3 Lecture Hours. Essential written communication skills for business; theory, hands-on practice, real-world scenarios; proficiency in written business communication; written documents, digital presence; effective communication strategies; career readiness, professional relationships; identifying, analyzing stakeholders; achieving communication objectives; self-reflection, peer review; understanding personal communication strengths, biases. Prerequisite: Junior or senior classification or approva",3,
BUSN 404,Career Design,BUSN,"3 Lecture Hours. Tools and insights to craft a life and career that aligns with values, aspirations, and educational experiences; emphasis on design thinking principles, guiding through self-discovery, exploration of passions, skills, and potential life trajectories; foundational framework for making intentional, informed decisions about life and careers. Prerequisites: Junior or senior classification; approval of instructor.",3,
BUSN 405,Consulting Interview Preparation,BUSN,"3 Lecture Hours. Case interviews preparation; behavioral fit interview practice; mastery of MECE categorization; managing a client; making data-based recommendations using the Pyramid Principle; developing and communicating stories demonstrating professional drive, and business competence; managing cross-examination and probing questions. Prerequisites: Grade of C or better in BUSN 204 or approval of instructor.",3,
BUSN 432,Strategic Philanthropy,BUSN,"3 Lecture Hours. Examination of historical trends in philanthropy; participation in grant making process through the lens of a private foundation; engagement with local and national philanthropic leaders; development of personal philanthropic ethic through a grant making simulation that includes due diligence, writing grants and reaching collective decisions. Prerequisites: Junior or senior classification or approval of instructor.",3,
BUSN 450,Business Transformation with Generative Artificial Intelligence,BUSN,"3 Lecture Hours. Leverage Generative Artificial Intelligence (AI) and Large Language Models (LLMs) across major business functions, including marketing, management, product development, operations, accounting, and finance; application of a variety of AI/LLM tools to enable business efficiency and effectiveness; focusing on practical business applications and ethical considerations; building custom AI tools for specific business needs. Prerequisites: Artificial Intelligence in Business minor only",3,
BUSN 455,Automating Business Story Telling Using Artificial Intelligence,BUSN,"3 Lecture Hours. Business data visualization principles and evaluation strategies; use of tools such as dashboards, Python, Tableau/PowerBI; effective storytelling using automated visualization enabled by artificial intelligence; connecting data analytics to business outcomes and communicating those outcomes to higher management and consumers. Prerequisites: Artificial Intelligence in Business minor only; junior or senior classification; BUSN 450 or concurrent enrollment.",3,
BUSN 460,"Machine Learning, Predictive Modeling, and Business Applications",BUSN,"3 Lecture Hours. Building knowledge needed for acquiring advanced machine learning (ML) skills useful in business; preparation for collaborative work on business applications using ML techniques; ML concepts; overview of ML algorithms/models; management of a ML project from a business perspective; real-world use cases of ML in various business functions and industries, using predictive analytics to transform business processes and functions. Prerequisites: Artificial Intelligence in Business min",3,
BUSN 465,Business Applications of Deep Learning - Image Audio and Video Data,BUSN,"3 Lecture Hours. Advanced skills for analyzing and extracting insights for business from image, unstructured audio and video data using deep learning; applying deep learning techniques to real-world business scenarios, including customer-driven applications; leveraging state-of-the-art AI tools and methodologies to process, analyze, and derive actionable insights from audio and video data; enhancing decision-making and operational efficiency across various business domains; tackling complex chal",3,
BUSN 470,Applied Natural Language Processing for Business Decisions,BUSN,"3 Lecture Hours. Application of natural language processing tools to derive business information from unstructured text; extraction of text and tables from documents and websites; increase effectiveness and efficiency when using business relevant textual data (ex., analyst reports, corporate filings, emails, political/regulatory comments, and business customer/transaction files). Prerequisites: Artificial Intelligence in Business minor only; junior or senior classification; BUSN 450 or concurren",3,
BUSN 481,Seminar,BUSN,Credits 0-1. 0-1 Other Hours. Exploration of current business topics or competencies. May be taken four times for credit. Prerequisites: Junior or senior classification or approval of instructor.,0,
BUSN 484,Internship,BUSN,"Credits 0 to 4. 0 to 4 Other Hours. Professional internship or practical experience in a field in which the student is interested, under the direction of the business honors director or a business school faculty member. May be taken two times for credit. Prerequisite: Business honors major or approval of instructor.",0,
BUSN 485,Directed Studies,BUSN,Credits 1 to 6. 1 to 6 Other Hours. Directed study on selected problems in the area of business administration not covered in other courses. May be repeated for credit. Prerequisites: Admission to upper division in Mays Business School; approval of instructor.,1,
BUSN 489,Special Topics in...,BUSN,Credits 1 to 4. 1 to 4 Other Hours. Selected topics in an identified area of business and public service. May be repeated for credit. Prerequisites: Junior or senior classification in business.,1,
BUSN 491,Research,BUSN,Credits 1 to 4. 1 to 4 Other Hours. Research conducted under the direction of faculty member in Mays Business School. May be repeated 1 times for credit. Prerequisites: Junior or senior classification admitted to Mays Business School and approval of instructor.,1,
CEHD 101,Learning Community Foundations of Leadership,CEHD,"1 Lecture Hour. Exploration of leadership identity, and reflection on lessons learned during the first year of college. Must be taken on a satisfactory/unsatisfactory basis.",1,
CEHD 289,Special Topics in...,CEHD,Credits 1 to 4. 1 to 4 Lecture Hours. Selected topics in an identified area of education and human development. May be repeated for credit. Prerequisite: Approval of instructor.,1,
CEHD 291,Research,CEHD,Credits 1 to 4. 1 to 4 Other Hours. Research conducted under the direction of faculty member in the College of Education and Human Development. May be repeated 2 times for credit. Prerequisites: Freshman or sophomore classification and approval of instructor.,1,
CEHD 300,Education and Human Development Study Abroad,CEHD,Credits 0 to 18. 0 to 18 Lecture Hours. For students in approved programs to study abroad. May be repeated for credit. Prerequisites: Approval of department head; junior or senior classification.,0,
CEHD 491,Research,CEHD,Credits 1 to 4. 1 to 4 Other Hours. Research conducted under the direction of faculty member in the College of Education and Human Development. May be repeated 2 times for credit. Prerequisites: Junior or senior classification and approval of instructor.,1,
CHEM 100,Horizons in Chemistry,CHEM,1 Lecture Hour. An introduction to chemistry and its relationship to and influence on society; emphasis on chemical demonstrations and the practical application of chemical phenomena. For chemistry majors. Prerequisite: Major in chemistry or approval of instructor.,1,
CHEM 105,Contemporary Issues in Science - The Environment,CHEM,"3 Lecture Hours. Science for citizens; interdisciplinary survey of contemporary issues in and future outlook on the science of our environment, including climate change, energy, plastics, agriculture, and food and water safety; future outlook on the health of our environment; critically analyze science presented in the news, on television and on social media. Cross Listing: ARSC 105/CHEM 105 .",3,
CHEM 106,Molecular Science for Citizens,CHEM,"3 Lecture Hours. (CHEM 1305, 1405*) Molecular Science for Citizens. Molecules that control daily life explored via a conceptual approach to molecular science; properties, synthesis, transformations and utility of important molecules and fuels, fibers, metals, pharmaceuticals, foods, biomolecules and structural materials; pollution, consumerism, energy production, disease, biotechnology and risk-benefit analysis considered; also taught at Galveston campus.",3,
CHEM 107,General Chemistry for Engineering Students,CHEM,"3 Lecture Hours. (CHEM 1309, 1409*) General Chemistry for Engineering Students. Introduction to important concepts and principles of chemistry; emphasis on areas considered most relevant in an engineering context; practical applications of chemical principles in engineering and technology. Students completing CHEM 107 and changing majors to curricula requiring CHEM 101 and CHEM 102 may substitute CHEM 107 for CHEM 101. Only one of the following will satisfy the requirements for a degree: CHEM 10",3,
CHEM 116,Molecular Science for Citizens Laboratory,CHEM,"3 Lab Hours. (CHEM 1105, 1405*) Molecular Science for Citizens Laboratory. The importance of molecular science to daily life illustrated by using experiments, demonstration and videos; designed to accompany CHEM 106 . Prerequisite: CHEM 106 or registration therein; also taught at Galveston campus.",1,
CHEM 117,General Chemistry for Engineering Students Laboratory,CHEM,"3 Lab Hours. (CHEM 1109, 1409*) General Chemistry for Engineering Students Laboratory. Introduction to important concepts and principles of chemistry in the laboratory; emphasis on areas considered most relevant in an engineering context; practical applications of chemical principles in engineering and technology. Students completing CHEM 117 and changing majors to curricula requiring CHEM 111 and CHEM 112 may substitute CHEM 117 for CHEM 111. Only one of the following will satisfy the requireme",1,
CHEM 119,Fundamentals of Chemistry I,CHEM,"3 Lecture Hours. 3 Lab Hours. (CHEM 1311 and 1111, 1411) Fundamentals of Chemistry I. Introduction to modern theories of atomic structure and chemical bonding; chemical reactions; stoichiometry; states of matter; solutions; equilibrium; acids and bases; coordination chemistry ; methods and techniques of chemical experimentation; qualitative and semiquantitative procedures applied to investigative situations; also taught at Galveston campus. Prerequisites: Completion of at least 90% of the ALEKS ",4,
CHEM 120,Fundamentals of Chemistry II,CHEM,"3 Lecture Hours. 3 Lab Hours. (CHEM 1312 and 1112, 1412) Fundamentals of Chemistry II. Theory and applications of oxidation-reductions systems; thermodynamics and kinetics; complex equilibria and solubility product; nuclear chemistry; descriptive inorganic and organic chemistry; introduction to analytical and synthetic methods and to quantitative techniques to both inorganic and organic compounds with emphasis on an investigative approach. Prerequisites: CHEM 119 , or CHEM 107 and CHEM 117 ; als",4,
CHEM 181,Peer-Assisted Learning Pedagogy for Chemistry,CHEM,"Credits 0-1. 0-1 Lecture Hours. Introduction and integration of current learning theory, evidence-based learning, and educational psychology into the daily operations and practice of the Chemistry Learning Laboratory; must be a peer-tutor for the Chemistry Learning Laboratory. Prerequisites: Grade of B or better in CHEM 107 , or CHEM 119 and CHEM 120 ; or grade of B or better in CHEM 257 and CHEM 258 ; approval of instructor.",0,
CHEM 220,Physics and Chemistry of Inorganic Materials,CHEM,"3 Lecture Hours. Structure, properties and function of materials developed from an atomistic and molecular perspective emphasizing quantum chemical descriptions; elements of solid-state chemistry and physics including bonding, crystal structure and symmetry, origin of electronic band structure, synthesis and characterization tools in materials chemistry and role of finite size effects. Prerequisite: CHEM 120 ; concurrent enrollment in PHYS 207 .",3,
CHEM 222,Elements of Organic and Biological Chemistry,CHEM,"3 Lecture Hours. Organic chemistry and its applications to biological and agricultural chemistry, including chemistry of functional groups, acid-base and redox chemistry, stereochemistry and chemistry of important biological compounds. Not to be used as the basis for further study in organic chemistry or biochemistry. Prerequisite: CHEM 101, CHEM 119 , or CHEM 107 .",3,
CHEM 227,Organic Chemistry I,CHEM,"3 Lecture Hours. (CHEM 2323, 2423*) Organic Chemistry I. Introduction to chemistry of compounds of carbon; general principles and their application to various industrial and biological processes. Prerequisite: CHEM 102 or CHEM 120 ; concurrent enrollment in CHEM 237 is suggested; also taught at Galveston and Qatar campuses.",3,
CHEM 228,Organic Chemistry II,CHEM,"3 Lecture Hours. (CHEM 2325, 2425*) Organic Chemistry II. Continuation of CHEM 227 . Prerequisite: CHEM 227 ; concurrent registration in CHEM 238 is suggested; also taught at Galveston and Qatar campuses.",3,
CHEM 231,Techniques of Organic Chemistry,CHEM,"1 Lecture Hour. 3 Lab Hours. Techniques of organic chemistry; preparation, properties of typical organic compounds; separation, purification, analysis, and characterization of organic compounds. Prerequisites: CHEM 112 or CHEM 120 ; concurrent enrollment in CHEM 227 .",2,
CHEM 234,Organic Synthesis and Analysis,CHEM,"1 Lecture Hour. 6 Lab Hours. The synthesis of significant types of organic compounds and study of their properties; laboratory separations of mixtures of organic substances, identification of compounds by functional group tests and preparation of derivatives; instrumental methods of separation, identification and analysis. Prerequisites: CHEM 228 or concurrent enrollment; CHEM 231 , CHEM 237 or CHEM 257 .",3,
CHEM 237,Organic Chemistry Laboratory,CHEM,"3 Lab Hours. (CHEM 2123, 2423*) Organic Chemistry Laboratory. Operations and techniques of elementary organic chemistry laboratory; preparation, reactions and properties of representative organic compounds. Prerequisites: CHEM 102 and CHEM 112, or CHEM 120 ; CHEM 227 or concurrent enrollment; also taught at Galveston and Qatar campuses.",1,
CHEM 238,Organic Chemistry Laboratory,CHEM,"3 Lab Hours. (CHEM 2125, 2425*) Organic Chemistry Laboratory. Continuation of CHEM 237 . Prerequisites: CHEM 228 or concurrent enrollment; CHEM 231 , CHEM 237 , or CHEM 257 ; also taught at Galveston and Qatar campuses.",1,
CHEM 242,Elementary Organic Chemistry Laboratory,CHEM,3 Lab Hours. Operations and techniques of elementary organic chemistry laboratory with emphasis on experiments for students of agriculture. Prerequisite: CHEM 222 or registration therein.,1,
CHEM 257,Organic Chemistry I - Structure and Function,CHEM,"3 Lecture Hours. 3 Lab Hours. Introduction to the chemistry of carbon-containing compounds, including general principles and application to various academic, industrial, and biological processes; includes elementary operations and techniques of organic chemistry laboratories. Prerequisites: CHEM 102 or CHEM 120 ; also taught at Galveston campus.",4,
CHEM 258,Organic Chemistry II - Reactivity and Applications,CHEM,"3 Lecture Hours. 3 Lab Hours. Continuation of CHEM 257 ; introduction to the chemistry of carbon-containing compounds, including general principles and application to various academic, industrial, and biological processes; includes elementary operations and techniques of organic chemistry laboratories. Prerequisites: CHEM 257 ; or CHEM 227 and CHEM 237 ; also taught at Galveston campus.",4,
CHEM 285,Directed Studies,CHEM,"Credits 1 to 4. 1 to 4 Other Hours. Introduction to research, library and laboratory work designed for the freshman or sophomore students. Prerequisite: Approval of department head.",1,
CHEM 289,Special Topics in...,CHEM,Credits 0 to 4. 0 to 4 Lecture Hours. Selected topics in an identified area of chemistry. May be repeated for credit. Prerequisite: Approval of instructor.,0,
CHEM 291,Research,CHEM,Credits 0 to 4. 0 to 4 Other Hours. Research conducted under the direction of faculty member in chemistry. May be repeated 2 times for credit. Prerequisites: Freshman or sophomore classification and approval of instructor.,0,
CHEM 310,Elements of Physical Chemistry,CHEM,"3 Lecture Hours. Thermodynamics, Quantum theory, spectroscopy, reaction kinetics, electrochemistry and macromolecules; may not be used by chemistry majors. Prerequisites: CHEM 102 or CHEM 120 ; MATH 151 and MATH 152 , MATH 140 and MATH 142 , MATH 168 and MATH 142 , or MATH 147 and MATH 148 , or equivalent; PHYS 201 or PHYS 218, or PHYS 206 and PHYS 226 ; Galveston campus.",3,
CHEM 311,Physical Chemistry Laboratory,CHEM,"3 Lab Hours. Quantitative experiments designed to illustrate some principles of thermodynamics, quantum theory, kinetics and spectroscopy; may not be used by chemistry majors. Prerequisites: CHEM 310 , CHEM 322 , or CHEM 327 , or concurrent enrollment; Galveston campus.",1,
CHEM 315,Fundamentals of Quantitative Analysis,CHEM,"3 Lecture Hours. Quantitative and statistical methods of analysis; solution chemistry; chemical equilibrium of analytically useful reactions; advanced analytical methods including electrochemistry, separations and kinetic methods. Prerequisite: CHEM 102 or CHEM 120 .",3,
CHEM 316,Quantitative Analysis,CHEM,"2 Lecture Hours. Introductory quantitative chemical analysis; error propagation and statistics; chemical equilibrium for titrations of weak acids, polyprotic acids, and EDTA; basic chemical instrumentation including spectrophotometry, electrochemistry, and chromatography. Prerequisite: CHEM 102 or CHEM 120 ; also taught at Galveston and Qatar campuses.",2,
CHEM 318,Quantitative Analysis Laboratory,CHEM,"3 Lab Hours. Laboratory work consists of selected experiments in quantitative analysis designed to typify operations of general analytical lab, including chemical analyses by volumetric and gravimetric methods; introduction to chemical measurements by spectroscopic and separations techniques and associated instrumentation. Prerequisites: CHEM 112 or CHEM 120 ; CHEM 315 or CHEM 316 , or concurrent enrollment; also taught at Galveston and Qatar campuses.",1,
CHEM 321,Physical Chemistry for Life Sciences,CHEM,"3 Lecture Hours. Physical chemistry for the description of biological processes and the structure and behavior of biological molecules and macromolecules; theory of thermodynamics, kinetics, quantum and statistical mechanics. Prerequisites: CHEM 107 or CHEM 120 ; PHYS 206 or PHYS 201 ; MATH 152 , MATH 172 , or MATH 148 , or equivalent.",3,
CHEM 322,Physical Chemistry for Engineers,CHEM,"3 Lecture Hours. Quantum theory, spectroscopy, statistical mechanics, kinetic theory, reaction kinetics, electrochemistry and macromolecules. Prerequisites: CHEM 102 or CHEM 120 ; CHEN 205 and CHEN 354 ; MATH 152 or equivalent; also taught at Galveston and Qatar campuses.",3,
CHEM 325,Physical Chemistry Laboratory I,CHEM,"3 Lab Hours. Quantitative experiments involving physical chemistry principles in areas such as thermodynamics, electrochemistry, molecular structure and equilibria using modern instrumentation. Prerequisite: CHEM 321 , or CHEM 327 or concurrent enrollment.",1,
CHEM 326,Physical Chemistry Laboratory II,CHEM,"3 Lab Hours. Quantitative experiments involving physical chemistry principles in such areas as kinetics, properties of gases, phase equilibria and macromolecules using modern instrumentation. Prerequisite: CHEM 321 , or CHEM 328 or concurrent enrollment.",1,
CHEM 327,Physical Chemistry I,CHEM,"3 Lecture Hours. Introduction to quantum mechanics, exactly solvable model problems; many electron systems and approximate methods; chemical bonding and the electronic structure of molecules; rotational, vibrational, and electronic spectroscopy; molecular symmetry. Prerequisite: MATH 152 or MATH 172 ; MATH 221 , MATH 251 or MATH 253 encouraged; PHYS 207 or equivalent.",3,
CHEM 328,Physical Chemistry II,CHEM,"3 Lecture Hours. A rigorous treatment of first, second, and third laws of thermodynamics; applications to gases (both ideal and real), liquids, solutions and phase equilibria; statistical thermodynamics; kinetic theory of gases; introduction to chemical kinetics. Prerequisite: CHEM 327 . Replaces CHEM 323 in previous catalogs.",3,
CHEM 362,Descriptive Inorganic Chemistry,CHEM,"3 Lecture Hours. Introduction to inorganic chemistry with a focus in descriptive inorganic chemistry, bonding theories in inorganic molecules and in the solid state, redox chemistry, descriptive main group and transition metal chemistry; ligand field theory, molecular magnetism and electronic spectra in transition metal complexes. Prerequisites: CHEM 102 or CHEM 120 .",3,
CHEM 383,Chemistry of Environmental Pollution,CHEM,"3 Lecture Hours. Chemical pollutants in the air, in water and on land; their generation, chemical reactivity, action on environment and disappearance through chemical mechanisms; chemistry of existing pollution abatement. Prerequisites: CHEM 120 ; junior or senior classification; also taught at Galveston campus.",3,
CHEM 415,Analytical Chemistry,CHEM,"3 Lecture Hours. Theory and practical aspects of modern instrumental methods of quantitative analysis; instrumental approaches to selectivity and sensitivity; examples of major, minor and trace component analysis. Prerequisite: CHEM 315 .",3,
CHEM 433,Advanced Inorganic Chemistry Laboratory,CHEM,"6 Lab Hours. Preparation, characterization and properties of bioinorganic, organometallic and macromolecular inorganic compounds; special techniques (glove box manipulations and double-manifold Schlenk lines) for handling air-sensitive materials. Prerequisite: CHEM 362 or registration therein.",2,
CHEM 434,Analytical Instrumentation Laboratory,CHEM,6 Lab Hours. Practical application of modern instrumental methods of quantitative analysis; atomic and molecular techniques to conduct chemical characterizations and analyses. Prerequisites: CHEM 318 ; CHEM 415 or concurrent enrollment.,2,
CHEM 446,Organic Chemistry III,CHEM,"3 Lecture Hours. Principles and applications of organic chemistry for students majoring in chemistry, chemical engineering, materials science, biological, and physical science: emphasis on chemical reactivity, mechanistic chemistry, and synthesis. Prerequisites: CHEM 228 or CHEM 258 ; or approval of instructor.",3,
CHEM 456,Chemical Biology,CHEM,"3 Lecture Hours. Application of chemical principles to biological phenomena; capstone course for advanced students, integrating organic or inorganic chemistry with biology. Prerequisites: CHEM 228 or CHEM 258 or equivalent; junior or senior classification.",3,
CHEM 458,The Chemistry of Drug Discovery,CHEM,"3 Lecture Hours. Application of organic chemistry concepts to drug design; emphasis on small molecule interaction with living systems; exploration of importance of molecular interactions in chemical biology of living systems. Prerequisites: CHEM 228 or CHEM 258 ; BICH 411 , BICH 441 , or BICH 409 .",3,
CHEM 462,Inorganic Chemistry,CHEM,"3 Lecture Hours. Periodic relationship of elements, their compounds, principles of their bonding and applications. Prerequisites: CHEM 328 and CHEM 362 .",3,
CHEM 464,Nuclear Chemistry,CHEM,3 Lecture Hours. Properties of the nucleus; radioactivity; decay kinetics; nuclear masses; theory of radioactive decay; nuclear reactions; radiochemistry; nuclear energy; hands-on demonstrations; applications to non-nuclear problems. Prerequisites: CHEM 322 or CHEM 327 ; CHEM 315 or CHEM 316 recommended; also taught at Galveston campus.,3,
CHEM 466,Polymer Chemistry,CHEM,"3 Lecture Hours. Mechanisms of polymerization reactions of monomers and molecular weight distributions of products; principles, limitations and advantages of most important methods of molecular weight determination; relationship of physical properties to structure and composition; correlations of applications with chemical constitution. Prerequisites: CHEM 228 or CHEM 258 ; also taught at Galveston and Qatar campuses.",3,
CHEM 468,Materials Chemistry of Inorganic Materials,CHEM,"3 Lecture Hours. Structure, bonding and reactivity of inorganic solids developed from a perspective emphasizing models of chemical bonding, symmetry and electronic structure; methods for characterizing extended periodic solids; descriptions of band structure and contrasts to molecular orbital theory; synthetic routes, quantum confinement and finite size effects of relevance to nanoscale materials. Prerequisites: Grade of C or better in CHEM 102 or CHEM 120 ; PHYS 207 or equivalent; junior or sen",3,
CHEM 470,Industrial Chemistry,CHEM,3 Lecture Hours. Applications of organic and inorganic chemical reactions in the manufacture of commercial products; chemistry of petroleum refining and petrochemical processing; industrial polymerization processes; commodity and fine chemical production; influence of kinetics and thermodynamics on economics of industrial chemical production; pollution abatement technology. Prerequisites: CHEM 228 or CHEM 258 ; junior or senior classification.,3,
CHEM 481,Seminar,CHEM,2 Lecture Hours. Preparation of oral and written reports on selected topics from recent technical publications.,2,
CHEM 483,Green Chemistry,CHEM,3 Lecture Hours. Environmentally benign chemistry; the design of chemical products and processes that reduce or eliminate the use and generation of hazardous substances; twelve principles of Green Chemistry; atom economy; use of renewable resources; catalysis for Green Chemistry; alternative solvents and reaction media; energy and the environment. Prerequisites: CHEM 228 or CHEM 258 ; junior or senior classification; also taught at Galveston campus.,3,
CHEM 484,Internship,CHEM,Credits 0 to 3. 0 to 3 Other Hours. Directed internship in a private firm or public agency to provide experience appropriate to the student's degree program and career objectives. May be repeated one time for credit. Must be taken on a satisfactory/unsatisfactory basis. Must be taken on a satisfactory/unsatisfactory basis. Prerequisite: Chemistry majors; approval of internship agency and advising office.,0,
CHEM 485,Directed Studies,CHEM,"Credits 1 to 16. 1 to 16 Other Hours. Introduction to research, library and laboratory work. Prerequisites: Senior classification and approval of chemistry advisor; also taught at Galveston campus.",1,
CHEM 489,Special Topics in...,CHEM,Credits 1 to 4. 1 to 4 Lecture Hours. Selected topics in an identified area of chemistry; also taught at Galveston campus. May be repeated for credit.,1,
CHEM 491,Research,CHEM,Credits 0 to 10. 0 to 10 Other Hours. Active research of basic nature under the supervision of Department of Chemistry faculty member. Registration in multiple sections of this course is possible within a given semester provided that the per semester credit hour limit is not exceeded. Prerequisites: Chemistry major; junior classification or approval of chemistry advisor.,0,
CHEN 201,Elementary Chemical Engineering Lab,CHEN,"3 Lab Hours. Introduction to engineering accounting, basic statistics, dynamic systems, Excel spreadsheets, problem solving, and engineering graphics. Prerequisites: Grade of C or better in ENGR 102 and MATH 151 or approval of department.",1,
CHEN 204,Elementary Chemical Engineering,CHEN,"3 Lecture Hours. Solution of elementary problems by application of mass balances, energy balances and equilibrium relationships. Prerequisite: Grade of C or better in CHEM 120 , ENGR 102 , and MATH 152 ; grade of C or better in CHEN 201 or concurrent enrollment; grade of C or better in PHYS 206 , and PHYS 216/ENGR 216 or ENGR 216/PHYS 216 ; admission to chemical engineering major or approval of department.",3,
CHEN 205,Chemical Engineering Thermodynamics I,CHEN,"3 Lecture Hours. First and second laws of thermodynamics; volumetric properties of pure fluids; heat effects; applications to flow processes, power cycles, refrigeration. Prerequisites: Grade of C or better in CHEN 201 and CHEN 204 .",3,
CHEN 285,Directed Studies,CHEN,"Credits 1 to 4. 1 to 4 Other Hours. Directed study of special projects or studies in chemical engineering processes or operations, for lower division students. Credit not applicable to degree requirements in chemical engineering. Prerequisites: Freshman or sophomore classification; approval of department head.",1,
CHEN 289,Special Topics in...,CHEN,Credits 1 to 4. 1 to 4 Lecture Hours. Selected topics in an identified area of chemical engineering for lower division students. May be repeated for credit. Credit not applicable to degree requirements in chemical engineering. Prerequisite: Approval of instructor.,1,
CHEN 291,Research,CHEN,Credits 0 to 3. 0 Lecture Hours. 0 Lab Hours. 0 to 3 Other Hours. Research conducted under the direction of faculty member in chemical engineering. May be repeated two times for credit. Prerequisites: Approval of instructor.,0,
CHEN 304,Chemical Engineering Fluid Operations,CHEN,3 Lecture Hours. Fundamentals of fluid mechanics with applications to design and analysis of process equipment. Prerequisites: CHEN 204 with a grade of C or better; CHEN 205 or concurrent enrollment; MATH 308 with a grade of C or better.,3,
CHEN 320,Numerical Analysis for Chemical Engineers,CHEN,3 Lecture Hours. Applications of numerical analysis techniques to mathematical models of processes common to chemical and associated industries; computational methods and software for analysis of chemical engineering processes. Prerequisites: CHEN 205 with a grade of C or better; MATH 308 with a grade of C or better; or approval of department.,3,
CHEN 322,Chemical Engineering Materials,CHEN,"3 Lecture Hours. Overview of materials science with particular emphasis on classes of materials relevant to chemical engineers. Prerequisite: Grade of C or better in CHEN 204 , MATH 251 or concurrent enrollment, and CHEN 205 or concurrent enrollment; or approval of department.",3,
CHEN 323,Chemical Engineering Heat Transfer Operations,CHEN,3 Lecture Hours. Heat transfer operations. Prerequisite: Grade of C or better in CHEN 205 and CHEN 304 .,3,
CHEN 324,Chemical Engineering Mass Transfer Operations,CHEN,3 Lecture Hours. Mass transfer operations with applications to design and analysis of process equipment. Prerequisites: Grade of C or better in CHEN 354 ; grade of C or better in CHEN 323 or concurrent enrollment; or approval of department.,3,
CHEN 354,Chemical Engineering Thermodynamics II,CHEN,3 Lecture Hours. Applications of thermodynamics to pure and mixed fluids; phase equilibria and chemical reaction equilibria. Prerequisites: CHEN 205 and MATH 308 with a grade of C or better; or approval of department.,3,
CHEN 364,Kinetics and Reactor Design,CHEN,"3 Lecture Hours. Kinetics of reactions and application of fundamental principles to design and operation of commercial reactors. Prerequisites: Grade of C or better in CHEN 320 ; grade of C or better in CHEN 323 and CHEN 324 , or concurrent enrollment, or approval of department.",3,
CHEN 374,Chemical Engineering Process Industries,CHEN,"2 Lecture Hours. Overview of the major chemical process and related industries including key sectors, history, operating principles, supply chains; focus on technical, market, sustainability, and safety aspects. Prerequisites: Grade of C or better in CHEN 304 and CHEN 354 .",2,
CHEN 399,Mid-Curriculum Professional Development,CHEN,0 Other Hours. Participation in an approved high-impact learning practice; reflection on professional outcomes from engineering body of knowledge; documentation and self-assessment of learning experience at mid-curriculum point. Prerequisites: CHEN 204 and ENGL 210 ; junior or senior classification or approval of instructor.,0,
CHEN 410,Humanitarian Engineering,CHEN,"3 Lecture Hours. Basic concepts of humanitarian engineering; application of engineering and technology for the benefit of humanity and especially disadvantaged communities; understanding the role of engineers in achieving sustainable development goals; identification, formulation and solution of related engineering and design problems considering historical, cultural, ethical and practical perspectives. Prerequisite: Junior or senior classification in the College of Engineering; approval of inst",3,
CHEN 422,Unit Operations in Food Processing,CHEN,"2 Lecture Hours. 2 Lab Hours. Design of food process engineering systems; basic concepts of rheology and physical properties of foods; fundamentals of heat and mass transfer and process control. Prerequisites: Grade of C or better in CHEN 205 and CHEN 304 , or MEEN 221 . Cross Listing: BAEN 422/CHEN 422 .",3,
CHEN 425,"Process Integration, Simulation and Economics",CHEN,"2 Lecture Hours. 3 Lab Hours. Integration, simulation, and economic methods involved in the design of chemical processes and equipment. Prerequisites: Grade of C or better in CHEN 320 , CHEN 323 , CHEN 354 , and CHEN 324 or concurrent enrollment.",3,
CHEN 426,Chemical Engineering Plant Design,CHEN,"1 Lecture Hour. 6 Lab Hours. Integration of material from other chemical engineering courses with applications to the design of plants and processes representative of the chemical and related process industries. Prerequisites: Grade of C or better in CHEN 322 , CHEN 364 , CHEN 374 and CHEN 425 .",3,
CHEN 430,Risk Engineering,CHEN,"3 Lecture Hours. Concepts of risk and risk assessment, including use of all available information to provide a foundation for risk-informed and cost-effective engineering practices; examples and exercises from a variety of engineering areas. Prerequisite: Junior or senior classification. Cross Listing: SENG 430/CHEN 430 .",3,
CHEN 432,Chemical Engineering Laboratory I,CHEN,1 Lecture Hour. 3 Lab Hours. Laboratory work based on CHEN 304 and CHEN 323 . Prerequisites: Grade of C or better in CHEN 323 and ENGL 210 .,2,
CHEN 433,Chemical Engineering Laboratory II,CHEN,"1 Lecture Hour. 3 Lab Hours. Laboratory work based on CHEN 324 , CHEN 364 , CHEN 432 , and CHEN 461 . Prerequisites: Grade of C or better in CHEN 324 , CHEN 364 , CHEN 432 , and CHEN 461 .",2,
CHEN 449,Nanomaterials for Energy Conversion,CHEN,"3 Lecture Hours. Instruction in ultra-small materials useful for fabricating next-generation energy conversion devices (e.g., thermoelectrics, and photovoltaics) synthesized in various forms including nanoparticles and quantum dots, nanowires and nanotubes, and thin films; exploration of the fabrication and assembly of these materials; involves the use of both traditional materials syntheses approaches (e.g., chemical vapor deposition) and newer syntheses approaches (e.g., template-assisted synt",3,
CHEN 450,Microfabrication and Microfluidics Technology,CHEN,"3 Lecture Hours. Micro Electro Mechanical Systems (MEMS) technology; study the fundamentals of fluidics, heat and mass transfer, surface chemistry, and electrochemical interactions. Prerequisite: Junior or senior classification.",3,
CHEN 451,Introduction to Polymer Engineering,CHEN,"3 Lecture Hours. Fundamentals of polymer reaction kinetics, morphology, chemical and rheological properties with applications to polymer synthesis, production and processing operations. Prerequisite: Senior classification in chemical engineering or approval of instructor.",3,
CHEN 455,Process Safety Engineering,CHEN,"3 Lecture Hours. Applications of engineering principles to process safety and hazards analysis, mitigation, and prevention, with special emphasis on the chemical process industries; includes source modeling for leakage rates, dispersion, analysis, relief valve sizing, fire and explosion damage analysis, hazards identification, risk analysis, accident investigations. Prerequisites: Grade of C or better in CHEN 322 ; senior classification; engineering majors. Cross Listing: SENG 455/CHEN 455 .",3,
CHEN 456,Advanced Chemical Process Optimization I,CHEN,"3 Lecture Hours. State-of-the-art optimization based techniques for process synthesis, process design and process operability; emphasis on mathematical modeling via mixed integer and continuous optimization formulations and application to heat integration problems; use modeling/optimization software systems. Prerequisites: Senior classification or approval of instructor.",3,
CHEN 457,Environmental Engineering,CHEN,"3 Lecture Hours. Overview of environmental engineering for chemical engineers; analyzing and solving environmental problems associated with engineered systems; emphasis on water/wastewater quality and treatment, air pollution control, and soil and hazardous waste management; includes guest lectures and field trips. Prerequisites: CHEN 304 and CHEN 354 or approval of instructor; junior or senior classification; Qatar campus.",3,
CHEN 459,Gas and Petroleum Processing,CHEN,"3 Lecture Hours. Design and operation of petroleum and gas processing facilities including hydrate suppression, dehydration, sweetening, sulfur recovery, LPG and liquid recovery, refining operations; analysis of the design and operations involving a large degree of process simulation. Prerequisites: Grade of C or better in CHEN 323 .",3,
CHEN 460,Quantitative Risk Analysis in Safety Engineering,CHEN,"3 Lecture Hours. Fundamental concepts, techniques, and applications of risk analysis and risk-informed decision making for engineering students; practical uses of probabilistic methods are demonstrated in exercises and case studies from diverse engineering areas. Prerequisite: Senior or graduate classification. Cross Listing: SENG 460/CHEN 460 .",3,
CHEN 461,Process Dynamics and Control,CHEN,3 Lecture Hours. Analysis of process dynamics and methods for the design of automatic control systems for chemical process plants. Prerequisite: Grade of C or better in CHEN 320 and CHEN 364 or concurrent enrollment.,3,
CHEN 463,Systems Biology,CHEN,"3 Lecture Hours. Experimental and computational techniques in systems biology; includes high throughput experiments, data analysis, modeling and simulation; discussed in the context to specific applications such as signal transduction. Prerequisite: CHEN 482 or approval of instructor.",3,
CHEN 465,Sustainable Design of Chemical Processes,CHEN,"3 Lecture Hours. Sustainability in chemical engineering; including sustainable approaches to design and development of processes, products, energy usage, renewable energy system and emission reduction; systems thinking, process performance and mathematical tools. Prerequisites: Grade of C or better in CHEN 425 .",3,
CHEN 468,Zymology,CHEN,"3 Lecture Hours. Zymology and the application of fundamental principles of chemical engineering in the production of fermented foods, specifically the beer brewing process; exploration of the basics of food fermentation and fermented beverage preparation technology as well as providing fundamental knowledge in beer production methods and processes. Prerequisites: Must be 21 years of age; junior or senior classification; chemical engineering major.",3,
CHEN 469,Chemical Engineering Car Design,CHEN,"1 Lecture Hour. Application of chemical, physical and engineering principles in design process, idea generation and development of design concepts, economic, safety and performance analysis. May be taken four times for credit. Prerequisites: CHEN 204 , CHEN 205 ; junior or senior classification or approval of instructor.",1,
CHEN 471,Bioreactor Engineering,CHEN,"3 Lecture Hours. Fundamentals of microbial and enzyme kinetics; basic biochemical reaction theory and reactor systems; heterogeneous reactions and transport considerations in enzyme and cell reactors, and immobilized systems; bioreactor design considerations in bioprocessing. Prerequisite: Grade of C or better in CHEN 282, CHEN 482 , or BAEN 302 ; junior or senior classification or approval of instructor. Cross Listing: BAEN 471/CHEN 471 .",3,
CHEN 473,Electrochemical Science and Engineering,CHEN,"3 Lecture Hours. Examination of basic principles of electrochemistry, electroanalytical characterization, and electrochemical devices; exploration of electrochemical processes in the context of kinetics, thermodynamics, and transport. Prerequisites: CHEN 205 ; junior or senior classification.",3,
CHEN 475,Microelectronics Process Engineering,CHEN,"3 Lecture Hours. State-of-the-art process engineering principles on microelectronics, especially for the fabrication of very large scale integrated circuits (VLSICs); fundamental unit processes, such as thin film deposition, thermal growth, lithography, etching and doping, material structures and properties, and basic device operation principles. Prerequisites: CHEN 354 and CHEN 364 or approval of instructor; CHEM 322 .",3,
CHEN 476,Applied Catalysis,CHEN,"3 Lecture Hours. Principles of catalysis and applications to industrial reactions; catalyst preparation, methods for catalyst characterization, deactivation mechanisms and regeneration techniques, catalyst testing (laboratory and industrial reactors), fundamentals of kinetics of heterogeneous reactions; applications to selected industrial processes. Prerequisites: Grade of C or better in CHEN 354 ; Grade of C or better in CHEN 364 or concurrent enrollment; junior or senior classification; Qatar ",3,
CHEN 478,Advanced Process Economics and Finance for Chemical Engineers,CHEN,"3 Lecture Hours. Application of economic principles and valuation techniques from projects to entire companies; background in debt, equity, cost of capital, and determination of a company-specific discount rate; development of financial models which include risk and uncertainty; foundation for consideration in a career in management with significant financial responsibility. Prerequisites: Grade of C or better in CHEN 425 or approval of instructor and Department Head.",3,
CHEN 479,"Process Synthesis, Integration and Intensification",CHEN,"3 Lecture Hours. Systematic methods for the synthesis, integration and intensification of chemical processes; special focus given to systematic process intensification for energy and the environment with applications to carbon capture and storage, energy systems, gas separation, and utility networks. Prerequisites: Grade of C or better in CHEN 425 or approval of instructor.",3,
CHEN 481,Seminar,CHEN,"2 Lab Hours. Preparation of oral and written reports on selected topics from recent technical publications, done in the context of consideration of the ethical ramifications of engineering decisions. Prerequisites: Grade of C or better in CHEN 205 and ENGL 210 ; grade of C or better in CHEN 304 or current enrollment; junior classification in chemical engineering.",1,
CHEN 482,Bioprocess Engineering,CHEN,"3 Lecture Hours. Application of engineering principles to design of biocatalysts and bioprocesses. Prerequisite: Grade of C or better in CHEN 205 , CHEN 324 , and CHEN 364 .",3,
CHEN 484,Internship,CHEN,"Credits 0-1. 0 Lecture Hours. 0-1 Other Hours. Professional internship in a private company, government agency or laboratory, university, or organization to provide work and research experience related to chemical engineering. Must be taken on a satisfactory/unsatisfactory basis. Prerequisite: CHEN 204 and ENGL 210 ; junior or senior classification or approval of instructor.",0,
CHEN 485,Directed Studies,CHEN,Credits 1 to 5. 1 to 5 Other Hours. Work covers one or more problems in chemical engineering processes or operations. Prerequisite: Approval of department head.,1,
CHEN 489,Special Topics in...,CHEN,Credits 1 to 4. 1 to 4 Lecture Hours. Selected topics in an identified area of chemical engineering. May be repeated for credit. Prerequisite: Senior classification in chemical engineering or approval of instructor.,1,
CHEN 491,Research,CHEN,Credits 0 to 4. 0 to 4 Other Hours. Research conducted under the direction of faculty member in chemical engineering. May be repeated 2 times for credit. Prerequisites: Junior or Senior classification and approval of instructor.,0,
CLAS 101,Beginning Classical Greek I,CLAS,4 Lecture Hours. Introduction to the language and culture of Greece; basic grammar and vocabulary; readings and slide lectures designed to place language study in its cultural and artistic context.,4,
CLAS 102,Beginning Classical Greek II,CLAS,4 Lecture Hours. Continuation of CLAS 101 ; basic grammar and vocabulary; readings and slide lectures designed to place language study in its cultural and artistic context. Prerequisite: CLAS 101 .,4,
CLAS 121,Beginning Latin I,CLAS,4 Lecture Hours. (LATI 1411) Beginning Latin I. Introduction to grammar and vocabulary with a contrastive approach; reading of graded material.,4,
CLAS 122,Beginning Latin II,CLAS,4 Lecture Hours. (LATI 1412) Beginning Latin II. Completion of elementary grammatical structures; introduction to Latin historians. Prerequisite: CLAS 121 .,4,
CLAS 211,Intermediate Greek,CLAS,3 Lecture Hours. Completion of study of grammar and syntax; introduction to reading ancient Greek authors in the original language. Prerequisite: CLAS 102 .,3,
CLAS 220,History of Christianity: Origins to the Reformation,CLAS,"3 Lecture Hours. History of Christian doctrine, ecclesiastical organization, and religious practice, origins through Reformation, with emphasis on religion and society; life and teachings of Jesus; apostolic church; patristic period; Christianization of Roman Empire and northern Europe; monasticism; medieval church; Gregorian reform; heresy; papal monarchy; schism and conciliarism; reformations of the sixteenth century. Cross Listing: HIST 220 and RELS 220 .",3,
CLAS 221,Intermediate Latin I,CLAS,"3 Lecture Hours. (LATI 2311) Intermediate Latin I. Practice in reading Latin prose writings, especially historical writings and letters. Prerequisite: CLAS 122 .",3,
CLAS 222,Intermediate Latin II,CLAS,"3 Lecture Hours. (LATI 2312) Intermediate Latin II. Practice in reading Latin poetry writings, especially Virgil, Horace and Ovid. Prerequisite: CLAS 221 .",3,
CLAS 236,War and Violence in the Ancient World,CLAS,"3 Lecture Hours. Equipment, organization, tactics and strategy on land and sea in the wars of the Ancient World, including the Near East, Greece and Rome; use of force and violence in the furtherance of political objectives and social control; winners, losers and survivors. Cross Listing: HIST 236/CLAS 236 .",3,
CLAS 250,Greek and Roman Civilization,CLAS,"3 Lecture Hours. Introduction to the civilizations of classical antiquity from Bronze Age Greece to the dissolution of the Roman Empire; examination of major social, intellectual, and political developments in ancient Greece and Rome.",3,
CLAS 251,Classical Mythology,CLAS,3 Lecture Hours. Introduction to the most important myths of the Greeks and Romans; ancient and modern methods of interpreting myths; the role of myths in ancient literature; readings in English. Cross Listing: RELS 251/CLAS 251 .,3,
CLAS 261,Great Books of the Classical Tradition,CLAS,"3 Lecture Hours. Survey of important and enduring works of literature, history and philosophy from Classical Antiquity (8th century BC to 2nd century AD), with emphasis on questions of morality and mentality.",3,
CLAS 262,Great Books of Christian Antiquity and the Latin Middle Ages,CLAS,"3 Lecture Hours. Survey of important and enduring works of literature, history, and philosophy from Christian Late Antiquity and the Latin Middle Ages (4th to 13th centuries AD) with emphasis on questions of morality, religion, and mentality.",3,
CLAS 285,Directed Studies,CLAS,"Credits 0 to 4. 0 to 4 Other Hours. Individual supervision of readings or assigned projects in Classical Languages, selected for each student individually. Prerequisite: Approval of instructor and department head.",0,
CLAS 289,Special Topics in...,CLAS,Credits 1 to 4. 1 to 4 Lecture Hours. Selected topics in an identified area of Classical Languages. May be repeated for credit. Prerequisite: Approval of instructor.,1,
CLAS 291,Research,CLAS,Credits 0 to 3. 0 to 3 Other Hours. Research conducted under the direction of faculty member in classical studies. May be taken three times for credit. Prerequisites: Freshman or sophomore classification and approval of department head.,0,
CLAS 311,Advanced Greek: New Testament,CLAS,"3 Lecture Hours. Readings of the New Testament and works contemporary with it in the original language; introduction to the linguistic, historical, literary and cultural background of the New Testament. May be repeated for credit with different readings. Prerequisite: CLAS 211 .",3,
CLAS 312,Advanced Classical Greek Poetry,CLAS,"3 Lecture Hours. Readings of selections from ancient Greek authors of poetry (lyric, epic, or drama) in the original language; discussion of the intellectual, historical, and literary background of the works, and of the lives and thought of the writers. May be repeated for credit with different readings. Prerequisite: CLAS 211 .",3,
CLAS 313,Advanced Classical Greek Prose,CLAS,"3 Lecture Hours. Readings of selections from ancient Greek authors of prose (history, oratory, letters, philosophy) in the original language; discussion of the intellectual, historical, and literary background of the works, and of the lives and thought of the writers. May be repeated for credit with different readings. Prerequisite: CLAS 211 .",3,
CLAS 320,Survey of Latin Literature,CLAS,"3 Lecture Hours. Latin literature from the republican through the imperial period; systematic overview of the development of literary genres and themes, to provide context for the intensive study of individual authors in other courses. Prerequisite: CLAS 222 or equivalent.",3,
CLAS 321,Advanced Latin Prose,CLAS,"3 Lecture Hours. Readings of selections from ancient Roman authors of prose (history, oratory, letters, philosophy) in the original language; discussion of the intellectual, historical and literary background of the works, and of the lives and thought of the writers. May be repeated for credit with different readings. Prerequisite: CLAS 222 or equivalent.",3,
CLAS 322,Advanced Latin Poetry,CLAS,"3 Lecture Hours. Readings of selections from ancient Roman authors of poetry (lyric, satire, epic, or drama) in the original language; discussion of the intellectual, historical, and literary background of the works, and the lives and thought of the writers. May be repeated for credit with different readings. Prerequisite: CLAS 222 or equivalent.",3,
CLAS 330,Women in Ancient Greece and Rome,CLAS,"3 Lecture Hours. Survey of women in classical Greece and Rome; emphases on female occupations and family relationships, legal and political status, traditional values, notorious women, how women were viewed and how they viewed themselves. Prerequisite: Junior or senior classification. Cross Listing: HIST 330 and WGST 330 .",3,
CLAS 352,Greek and Roman Drama,CLAS,3 Lecture Hours. Dramatic literature of Ancient Greece and Rome; works of the major classical playwrights; the origins of comedy and tragedy; visual and musical aspects of production; political and intellectual ideas as reflected in the plays; readings in English.,3,
CLAS 353,Archaeology of Ancient Greece,CLAS,"3 Lecture Hours. Archaeology of ancient Greece from the Stone Age until the ascent of Rome in the Hellenistic Period; remains of ancient Greek art (sculpture, mosaic, painting), architecture (temples, homes, civic structures), religion (figurines, votive offerings), and social history (coins, inscriptions). Prerequisite: Junior or senior classification. Cross Listing: ANTH 353/CLAS 353 .",3,
CLAS 354,Archaeology of Ancient Italy,CLAS,"3 Lecture Hours. Archaeology of ancient Italy from the Stone Age until the collapse of the Roman Empire in the fourth century; remains of ancient Etruscan and Roman art (sculpture, mosaic, painting), architecture (temples, homes, civic structures), religion (figurines, votive offerings), and social history (coins, inscriptions). Prerequisite: Junior or senior classification. Cross Listing: ANTH 354/CLAS 354 .",3,
CLAS 371,In Search of Homer and the Trojan War,CLAS,"3 Lecture Hours. The nature, background, authorship and historicity of the Iliad and the Odyssey; Aegean culture in the Stone, Bronze and early Iron ages; the value of Greek epics as historical documents; oral poetry; the Trojan War in Greek literature; readings in English; also taught at Galveston campus.",3,
CLAS 372,Greek and Roman Epic,CLAS,"3 Lecture Hours. Study of the ancient epic in its historical and cultural context; oral poetry; Homer, archaeology, and history; creation of Greek mythology; Alexandrian written epic; early Latin epic; Virgil's Aeneid as national epic; Virgil and the Homeric tradition; Silver Age Latin epics; readings in English. Prerequisite: Sophomore classification or approval of instructor.",3,
CLAS 410,Seminar in Classical Studies,CLAS,"3 Lecture Hours. Exploration of a significant topic, work, or period in Greek or Roman literature, culture, or history; emphasis on development of research skills in Classical Studies. May be taken three times for credit. Prerequisite: Junior or senior classification, or approval of instructor.",3,
CLAS 415,The Ancient World in Film,CLAS,"3 Lecture Hours. Study of modern films as they relate to ancient literary texts that inspired them or with which they share common themes; relationship between Greek epic, tragedy, and comedy and their cinematic adaptations; treatment of Rome as an idea or ideal in the work of both ancient Romans and modern filmmakers. Prerequisite: Junior or senior classification, or approval of instructor. Cross Listing: FILM 415/CLAS 415 .",3,
CLAS 417,Naval Warfare and Warships in Ancient Greece and Rome,CLAS,"3 Lecture Hours. Extensive survey of Greek and Roman warships, naval warfare, naval strategy and tactics drawing upon archaeological evidence, literary documentation and iconographic material, from the Bronze Age (Ancient Egypt and the mythical Trojan War) to the Imperial Roman Navy. Prerequisite: Junior or senior classification. Cross Listing: ANTH 417/CLAS 417 .",3,
CLAS 418,Intellectual History from the Ancient Near East to the Early Middle Ages,CLAS,"3 Lecture Hours. Political, social, cultural and religious histories of significant figures, groups, schools of thought and movements in western Afro-Eurasia from the Assyrian Empire to the later Roman Empire; developments in political theory, literature, sociology, arts, architecture, music, philosophy, law, sciences and education. Prerequisite: Junior or senior classification. Cross Listing: HIST 418 and RELS 418 .",3,
CLAS 426,The Ancient Greeks,CLAS,"3 Lecture Hours. Greek History and civilization from the Archaic Age to Alexander the Great (8th-late 4th century B.C.). Prerequisite: Junior or senior classification, or approval of instructor. Cross Listing: HIST 426/CLAS 426 .",3,
CLAS 427,The Roman Republic,CLAS,"3 Lecture Hours. Major events and issues in Roman history from the beginnings of the Republic to its incipient disintegration. Prerequisite: Junior or senior classification, or approval of instructor. Cross Listing: HIST 427/CLAS 427 .",3,
CLAS 428,The Roman Empire: Principate,CLAS,"3 Lecture Hours. Major events and issues in Roman history from the late Republic to the consolidation of the state of Late Antiquity. Prerequisite: Junior or senior classification, or approval of instructor. Cross Listing: HIST 428/CLAS 428 .",3,
CLAS 429,The Roman Empire: Transformations,CLAS,"3 Lecture Hours. Major events and issues in Roman history from the rise of Christianity as an imperial religion to the end of Late Antiquity. Prerequisite: Junior or senior classification, or approval of instructor. Cross Listing: HIST 429/CLAS 429 .",3,
CLAS 444,Classical Archaeology,CLAS,"3 Lecture Hours. History of the discipline through the individuals, organizations, excavations, theoretical models and ethical issues that have shaped it. Prerequisites: Junior or senior classification. Cross Listing: ANTH 444/CLAS 444 .",3,
CLAS 485,Directed Studies,CLAS,"Credits 0 to 4. 0 to 4 Other Hours. Individual supervision of readings or assigned projects, selected for each student individually. Prerequisite: Approval of instructor and department head.",0,
CLAS 489,Special Topics in...,CLAS,Credits 1 to 4. 1 to 4 Lecture Hours. Selected topics in an intensified area of classical languages and culture. May be repeated for credit. Prerequisite: Approval of instructor.,1,
CLAS 491,Research,CLAS,Credits 0 to 3. 0 to 3 Other Hours. Research conducted under the direction of faculty member in classical studies. May be taken three times for credit. Prerequisites: Junior or senior classification and approval of department head.,0,
COMM 101,Introduction to Communication,COMM,"3 Lecture Hours. (SPCH 1311) Introduction to Communication. Survey of communication topics, research, and contexts of communicative practice; overview of communication from both humanities and social science perspectives.",3,
COMM 107,Introduction to the Health Humanities,COMM,"3 Lecture Hours. Introduction to the methods and approaches of the health humanities; exposure to key scholarship in this field as well as major methods and approaches; application of such skills to the analysis of cultural case studies such as illness narratives or contemporary debates in scientific bioethics. Cross Listing: ENGL 107 , HHUM 107 , and PHIL 107 .",3,
COMM 203,Public Speaking,COMM,"3 Lecture Hours. (SPCH 1315) Public Speaking. Training in speeches of social and technical interest designed to teach students to develop and illustrate ideas and information and to inform, stimulate, and persuade their audiences; also taught at Galveston campus.",3,
COMM 204,Public Speaking for Digital Platforms,COMM,"3 Lecture Hours. . Training for composition, delivery, recording, and editing of speeches specifically designed for sharing and distribution on online platforms and social media.",3,
COMM 205,Communication for Technical Professions,COMM,3 Lecture Hours. Design and presentation of oral reports for technical professions; incorporation of visual and graphic materials into presentation required; written reports required; also taught at Galveston campus.,3,
COMM 210,Group Communication and Discussion,COMM,"3 Lecture Hours. (SPCH 2333) Group Communication and Discussion. Definition, structure, and functions of groups; group productivity, codes in verbal and nonverbal communication; problem-solving, role-playing, decision-making; leadership and organization; interview principles and techniques.",3,
COMM 215,Interviewing: Principles and Practice,COMM,"3 Lecture Hours. Theory and practice of methods in selected interview settings; emphasis on communication between two persons, questioning techniques, and the logical and psychological bases of interpersonal persuasion. Cross Listing: JOUR 215/COMM 215 .",3,
COMM 230,Communication Technology Skills,COMM,"3 Lecture Hours. Introduction to interactive media and media literacy skills in the digital domain; survey of technology histories, standards, and markets for industries such as multichannel TV, digital radio, video games, steaming media, epublishing, teleconferencing, and social networking. Prerequisite: Enrollment in communication or telecommunication media studies majors, USLA-BA-JNS concentration, or JOUR minor. Cross Listing: JOUR 230/COMM 230 .",3,
COMM 240,Rhetorical Criticism,COMM,"3 Lecture Hours. Principles and practice of the analysis of speeches and other forms of public discourse; compares systems of rhetorical criticism, such as neo-classical analysis, mythic analysis, rhetorical genres and close textual analysis.",3,
COMM 243,Argumentation and Debate,COMM,"3 Lecture Hours. (SPCH 2335) Argumentation and Debate. Principles of argumentation and skills of debate, including reasoning, evidence, refutation, and briefing.",3,
COMM 245,"Difficult Dialogues on Power, Privilege, and Difference",COMM,"3 Lecture Hours. Introduction to the practice of difficult dialogues; skills development in the use of the dialogical tools of active listening, perspective-taking, deliberation, collaborative decision-making, teamwork and collective problem-solving in the context of bias, prejudice, discrimination, power, equity and privilege.",3,
COMM 248,Podcasting and Audio Storytelling,COMM,"3 Lecture Hours. Basic audio storytelling techniques required for podcast production within the journalism and public media context; principles of podcast development, scripting, audio recording and editing, and promotion. Cross Listing: JOUR 248/COMM 248 .",3,
COMM 250,New Media and the Independent Voice,COMM,"3 Lecture Hours. Examination of new media as independent voices for cultural and political movements; principles governing the design, presentation, and evaluation of blogs as a persuasive medium in society. Cross Listing: JOUR 250/COMM 250 .",3,
COMM 255,Media Literacy in the Digital Age,COMM,"3 Lecture Hours. Criticism and analysis of the function, role, and responsibility of the mass media in contemporary society. Cross Listing: JOUR 255/COMM 255 .",3,
COMM 257,"Communication, Religion and the Arts",COMM,"3 Lecture Hours. Introduction to artistic, religious communication; survey of communication art and media art practices across religious contexts; consideration of communication aesthetics that mediate religious experience. Cross Listing: RELS 257/COMM 257 .",3,
COMM 260,Introduction to Communication and Sports,COMM,"3 Lecture Hours. Introduction to the process of communicating sports to the public via television, blogging, online sites and print articles; evaluation of sportscasts; writing about sporting events; examination of the types of communication used within sporting teams.",3,
COMM 265,Voices of Democracy - United States,COMM,"3 Lecture Hours. Survey of significant and diverse United States-American oratory pertaining to national identity; critical analysis of important speeches in their historical, political, social, and philosophical contexts.",3,
COMM 275,Introduction to Social Media,COMM,"3 Lecture Hours. Theoretical and practical approaches to social media; overview of social media, social media concepts and theories; social media applications and contexts. Cross Listing: JOUR 275/COMM 275 .",3,
COMM 280,Careers in Communication,COMM,"1 Lecture Hour. Introduction to careers in communication; emphasis on strengths and personality in selecting a profession, application letters, information interviews, mock interviews; must be taken on satisfactory/unsatisfactory basis. Prerequisites: Sophomore classification or approval of instructor; COMM and TCMS majors.",1,
COMM 285,Directed Studies,COMM,Credits 1 to 3. 1 to 3 Other Hours. Individual supervision of readings or assigned projects in communication. May be taken two times for credit. Prerequisites: Approval of instructor and department head.,1,
COMM 289,Special Topics in...,COMM,Credits 1 to 4. 1 to 4 Lecture Hours. Selected topics in an identified area of communication. May be repeated for credit. Prerequisite: Approval of instructor.,1,
COMM 291,Research,COMM,Credits 0 to 3. 0 to 3 Other Hours. Research conducted under the direction of faculty member in the department of communication. May be repeated 3 times for credit. Prerequisites: GPA 2.5 or higher; freshman or sophomore classification and approval of instructor and department head.,0,
COMM 301,Rhetoric in Western Thought,COMM,3 Lecture Hours. Historical and critical evaluation of rhetorical theory from the classical era to the contemporary period--from Aristotle to Kenneth Burke; major theories of communication and persuasion developed in Europe and America. Prerequisite: Junior or senior classification.,3,
COMM 302,The Mass Media and Politics,COMM,"3 Lecture Hours. Examination of mass media impact on politics and political behavior, and governmental impact on the mass media. Prerequisite: POLS 206 or approval of department head; junior or senior classification. Cross Listing: JOUR 302 and POLS 302 .",3,
COMM 303,Communication Data Applications,COMM,"3 Lecture Hours. Overview of communication using big data; data management, extraction and visualization; message construction, message critique; uses and applications in the field of communication and media for evidence-based arguments, persuasion, education and digital storytelling. Prerequisite: Junior or senior classification. Cross Listing: JOUR 305/COMM 303 .",3,
COMM 304,Digital Communication Analytics and Metrics,COMM,"3 Lecture Hours. . Digital communication analytics; extraction of information and knowledge from digital communication data; application of data-analytics to social media marketing, demographic analyses of web users, optimization and connection of results across digital tactics; applications of special interest to fields of strategic communication, public relations, advertising, integrated marketing communication, social media strategy and journalism. Prerequisite: Grade of B or better in COMM 2",3,
COMM 305,Theories of Communication,COMM,"3 Lecture Hours. Theoretical approaches to human communication, including selected theories of language behavior, interpersonal, small group and organizational interaction, persuasion, technology and mass communication. Prerequisite: Junior or senior classification, or approval of instructor.",3,
COMM 307,Communication Law and Policy,COMM,"3 Lecture Hours. Law and policy that create the context and consequences for communication via mass media, social media, organizational, group and interpersonal communication, free speech, free press, libel, privacy, copyright, cybersecurity, constitutional principles, international law and human rights, fairness, equity and diversity in communication. Prerequisite: Junior or senior classification, or approval of instructor; COMM-307 also taught at Galveston campus. Cross Listing: JOUR 301/COMM ",3,
COMM 308,Research Methods in Communication,COMM,"3 Lecture Hours. Survey of methods used in communication research including quantitative, interpretive and rhetorical methods; formulating research questions, determining the appropriate method, planning and designing the research, data collection, and data analysis and interpretation. Prerequisite: 6 hours of MATH 140 , 142, 151, 152, PHIL 240 , or STAT 201 .",3,
COMM 309,Research Method Projects,COMM,"3 Lecture Hours. Research methods in communication including experimental, survey, interpretive and critical methods; emphasis on research design, data collection, analysis, interpretation and presentation; project based. Prerequisites: Grade of C or better in COMM 308 ; STAT 201 or 303; junior or senior classification.",3,
COMM 310,Communication Intervention,COMM,"3 Lecture Hours. Communication interventions for personal, organizational, and institutional change; survey of major communication intervention theories in contexts such as voting, purchasing, joining, or adopting; individual-level, interpersonal level, and community-level models of change; application of social science-based models to guide communication intervention strategies effectively. Prerequisite: Junior or senior classification.",3,
COMM 315,Interpersonal Communication,COMM,"3 Lecture Hours. Speech interaction in person-to-person settings; concepts of perception, attraction, self-disclosure, listening, and conflict management through communication; speech interaction patterns and stages in the development of interpersonal communication. Prerequisite: Junior or senior classification.",3,
COMM 316,Media Psychology,COMM,"3 Lecture Hours. Examine the role of media and its impact on human behavior, emotions and thoughts; topics include mass media, social media and how they influence individual and societal functioning across a range of important psychological topics; e.g., self-image, sexual behavior, mental health, violence. Prerequisites: PBSI 107 . Cross Listing: PSYC 316.",3,
COMM 317,Social Media Law,COMM,"3 Lecture Hours. Laws and regulations applied to social media, including communication law applied to enduring issues in the social media context; legal problems unique to social media; free speech, commercial speech and employment law as they affect individual users of social media as well as groups and organizations promoting points of view or products via social media, and employers. Prerequisite: Junior or senior classification or approval of instructor. Cross Listing: JOUR 317/COMM 317 .",3,
COMM 320,Organizational Communication,COMM,"3 Lecture Hours. Speech communication behavior and networks within organizations; recent research on speech communication systems, communication climate, and communication barriers in organizational settings. Prerequisite: Junior or senior classification.",3,
COMM 321,Strategic Communication Case Studies,COMM,"3 Lecture Hours. Strategic communication practice; application of skills including communication research, media writing and advanced media writing, visual media and public speaking; service-learning as not-for-fee consultant to a community organization. Prerequisites: Grade of C or better in COMM 323 and COMM 322 ; junior or senior classification or approval of instructor.",3,
COMM 322,Communication Tactics,COMM,"3 Lecture Hours. Examination of strategic use of communication tactics; analysis of new and digital media in organizational and public communication; skill development in strategic use of communication tactics including writing for new media, researching, planning, integrating and evaluation effectiveness of traditional and new media tactics in strategic public communication. Prerequisite: Grade of C or better in COMM 323 , junior or senior classification.",3,
COMM 323,Strategic Communication,COMM,"3 Lecture Hours. Application of strategic communication tools to create and influence policy, to improve profit and non-profit strategic communication planning. Prerequisite: Junior or senior classification.",3,
COMM 324,Communication Leadership and Conflict Management,COMM,"3 Lecture Hours. Communication perspective of leadership, of conflict, of management of conflict in interpersonal, group and societal contexts; models of leadership as communication phenomenon; use of symbols by leaders to foster collaboration, systemic constructionist approach. Prerequisite: Junior or senior classification.",3,
COMM 325,Persuasion,COMM,"3 Lecture Hours. Theory of effective persuasive communication in interpersonal, small group, and public settings; audience analysis, ethics of persuasion, motivational factors, psychological and rhetorical principles, source credibility, and theories of attitude change. Prerequisite: Junior or senior classification.",3,
COMM 326,Event and Communication Planning,COMM,"3 Lecture Hours. Role of integrated communication in event planning; approaches for implementation in specific contexts such as conferences, professional meetings, celebratory events and programs for community outreach; professional, interpersonal and organizational coordination of information, people and budget; theory-informed action (praxis) approach. Prerequisites: Junior or senior classification, or approval of instructor.",3,
COMM 330,Technology and Human Communication,COMM,"3 Lecture Hours. Nontechnical survey of how modern technologies influence human communication including an introduction to communication technologies; the influence of technology on interpersonal communication, group decision-making and public communication; an analysis of argumentation and persuasion in technological issues. Prerequisite: Grade of C or better in COMM 230/JOUR 230 .",3,
COMM 335,Intercultural Communication,COMM,"3 Lecture Hours. Communication variables in intercultural contexts including culture and meaning, nonverbal styles across cultures, patterns of symbolic transfer, culture shock and communication, values in intercultural dialogue. Prerequisite: Junior or senior classification; also taught at Qatar campus.",3,
COMM 338,Critical Race Discourse,COMM,3 Lecture Hours. Critical analysis of communication and dialogue on race; causes and symptoms of structural racism; social/racial hierarchies as they influence and are influenced by communication and dialogue. Prerequisites: Junior or senior classification or approval of instructor. Cross Listing: AFST 338/COMM 338 .,3,
COMM 340,Communication and Popular Culture,COMM,"3 Lecture Hours. Survey of theories and concepts of popular culture; dynamic relationships between pop culture and television, film, sports, politics and leisure. Prerequisite: Junior or senior classification or approval of instructor; also taught at Qatar campus.",3,
COMM 342,The Rhetoric of Gender and Health,COMM,"3 Lecture Hours. Study of field of rhetoric of health and medicine with specific attention to the study of gender, including issues in reproduction, expertise and illness; range of methods and methodological approaches within the field. Prerequisite: Junior or senior classification. Cross Listing: ENGL 342 and WGST 342 .",3,
COMM 343,Communication in a Diverse World,COMM,"3 Lecture Hours. Examination of key concepts and theories relevant to communicating in an increasingly diverse world; consideration of the mutual constitution of culture and communication; investigation of multiple axes of identity; critical and cultural approach; critical investigation of topics concerning communication, diversity, equity and inclusion; public advocacy project. Prerequisite: Junior or senior classification or approval of instructor.",3,
COMM 345,Media Industries,COMM,"3 Lecture Hours. Survey of the business organization, economic structures and processes, and regulations of the media industry. Prerequisite: Junior or senior classification or approval of instructor. Cross Listing: FILM 345 and JOUR 345 .",3,
COMM 346,"Media, Culture and Identity",COMM,"3 Lecture Hours. Media representations relating to power, privilege and difference; communication theories and concepts centered on how media and technology-use shape, and are shaped by, identity; critical analysis of media as sites for negotiation and construction of identities such as gender, race, ethnicity, sexuality, social class, physical/mental ability, nationality and religion; reflection on and analysis of bias, prejudice, discrimination, power, equity and privilege. Prerequisites: Juni",3,
COMM 350,Theories of Mediated Communication,COMM,3 Lecture Hours. Survey of different theories of mediated communication processes and effects; functions of theories in social scientific research on media and mediated processes. Prerequisite: Junior or senior classification or approval of instructor.,3,
COMM 354,"Money, Power and Communication",COMM,"3 Lecture Hours. Interrelationships between money and power and communication; the influence of media and communication on power and money; communication law and policy; the political economy of local, national, and global communication networks. Prerequisite: Junior or senior classification or approval of instructor.",3,
COMM 360,Cultural History of the Media,COMM,"3 Lecture Hours. Origins and development of the mass media; their influence on social, political, and cultural change; history of mass communication from historical, sociological, and cultural perspectives. Prerequisite: Junior or senior classification or approval of instructor.",3,
COMM 365,International Communication,COMM,"3 Lecture Hours. Mass media, international, and cross-cultural audiences; theoretical, pragmatic, political and ethical issues; including cultural differences, comparative media systems, development communication, patterns of world news flow, political propaganda, impact of international advertising and other issues. Prerequisite: Junior or senior classification; COMM-365 also taught at Qatar campus. Cross Listing: JOUR 365/COMM 365 .",3,
COMM 370,Health Communication,COMM,"3 Lecture Hours. Survey of theory and research in health communication, including interaction between patients and providers, communication in health care organizations, health care campaigns, and cultural meanings of health and illness. Prerequisite: Junior or senior classification or approval of instructor.",3,
COMM 375,Media Audiences,COMM,"3 Lecture Hours. Media audiences; research and theory; processes and effects of mass communication; audience members' uses and interpretations of media; topics including political media, news, and entertainment, health and information campaigns, children and other special audiences. Prerequisite: Junior or senior classification or approval of instructor.",3,
COMM 377,Entrepreneurship and New Media,COMM,3 Lecture Hours. Communicative principles and skills necessary to launch future multimedia entrepreneurial endeavors in a saturated digital environment; exploration of shift in the entrepreneurial landscape; emphasis on collaborative communication methods as a means to free market success. Prerequisite: Grade of C or better in COMM 275/JOUR 275 ; junior or senior classification or approval of instructor.,3,
COMM 403,"Media, Children and Adolescents",COMM,"3 Lecture Hours. Critical analysis of popular culture and mass media issues related to children and adolescents; deconstruction of media created by, for and about children and youth. Prerequisite: Junior or senior classification or approval of instructor.",3,
COMM 407,"Gender, Race and Media",COMM,3 Lecture Hours. The contributions of women and ethnic groups to the evolution of the media; the portrayal of women and ethnic groups in the mass media; issues resulting from the recognition of women and ethnic groups as media audiences. Prerequisites: Junior or senior classification and approval of instructor. Cross Listing: WGST 407/COMM 407 .,3,
COMM 410,"Radio, Records, and Popular Music",COMM,"3 Lecture Hours. History of radio and record industries; communication technology and media industries related to American popular music; interaction of communication technologies, media industries, social and cultural processes in evolution of popular music. Prerequisite: Junior or senior classification or approval of instructor.",3,
COMM 411,Representations of Motherhood,COMM,"3 Lecture Hours. Examination of understandings of motherhood from a humanities perspective and over a variety of cultures and time periods, as reflected in written, media and/or oral texts. Prerequisite: Junior or senior classification or approval of instructor. Cross Listing: WGST 411/COMM 411 .",3,
COMM 415,New Media and Civil Society,COMM,"3 Lecture Hours. Critical analysis of new media technologies, civic participation, and social capital in democratic, non-democratic, and nascent civil societies around the world. Prerequisite: Junior or senior classification or approval of instructor.",3,
COMM 420,Gender and Communication,COMM,"3 Lecture Hours. Survey of the role of gender in communication processes; focus on communication differences between men and women in contexts such as the family, school and work organizations; discussion of media influence in gender stereotypes. Cross Listing: WGST 420/COMM 420 .",3,
COMM 423,Communicating Latinidad,COMM,"3 Lecture Hours. Examination of communication by and about Latinos; analysis of critical and historical orientation; topics include social movements, organizational and institutional discourse, and media. Prerequisite: Junior or senior classification or approval of instructor. Cross Listing: LMAS 423/COMM 423 .",3,
COMM 425,Communication and Black Freedom Dreams,COMM,"3 Lecture Hours. Examination of historical and contemporary communication practices of Black freedom activities, movements, and organizations in the United States and around the globe. Prerequisite: Junior or senior classification. Cross Listing: AFST 425/COMM 425 .",3,
COMM 428,Women’s Rhetoric,COMM,"3 Lecture Hours. Examination of the historical imbrication of masculinity and rhetoric in relation to women’s participation in political life, reception of women’s rhetoric in the public sphere, and remembrance and representation of women as rhetorical agents throughout history; consideration of women’s rhetoric in various cultural arenas. Prerequisite: Junior or senior classification. Cross Listing: WGST 428/COMM 428 .",3,
COMM 431,Rhetoric of Social Movements,COMM,"3 Lecture Hours. Survey of events and rhetorical documents of major U.S. social movements, including abolitionist, labor, socialist, women's rights, civil rights, pro-life, gay and lesbian, and student movements. Prerequisites: Junior or senior classification.",3,
COMM 434,Topics in Rhetorical Theory,COMM,3 Lecture Hours. Application of rhetorical theories and concepts to rhetorical problems and methods; emphasis on the relationship between theory and practice. Prerequisite: Junior or senior classification.,3,
COMM 435,Rhetoric of Television and Film,COMM,3 Lecture Hours. Critical analysis of television and film; close readings of such mediated texts; special attention to writing television and film criticism. Prerequisite: Junior or senior classification. Cross Listing: FILM 445/COMM 435 .,3,
COMM 437,Visual Communication,COMM,"3 Lecture Hours. Critical analysis of visual communication including photographs, advertising, memorials, tattoos, comics, public protest. Prerequisite: Junior or senior classification.",3,
COMM 438,Propaganda,COMM,3 Lecture Hours. Examination of common propaganda strategies in contemporary mass mediated environments. Prerequisite: Junior or senior classification.,3,
COMM 440,Political Communication,COMM,"3 Lecture Hours. Rhetorical analysis of messages, media and speakers in political campaigns, institutions and movements.",3,
COMM 443,Communication and Conflict,COMM,"3 Lecture Hours. Communication principles for addressing conflict situations through such practices as negotiation, mediation and arbitration; the study of strategies, influence and language in conflict management approaches. Prerequisite: Junior or senior classification or approval of instructor.",3,
COMM 446,"Communication, Organizations and Society",COMM,3 Lecture Hours. Communicative processes through which organizations influence and are influenced by the societies from which they draw their members. Prerequisites: Junior or senior classification or approval of instructor.,3,
COMM 447,"Communication, Group Processes and Collaboration",COMM,"3 Lecture Hours. Communication processes in teamwork including collaboration in dyads, teams, and group processes that contribute to or detract from team effectiveness. Prerequisites: COMM 210 ; junior or senior classification.",3,
COMM 450,Media Campaigns,COMM,"3 Lecture Hours. Principles of designing media campaigns as applied to commercial advertising, political advertising and health campaigns; processes that drive the planning and execution of these campaigns. Prerequisite: Junior or senior classification or approval of instructor.",3,
COMM 452,Cultural Studies of Communication Technology,COMM,3 Lecture Hours. Exploration of theories concerning technology; emphasis on technological culture; examination of the emergence of and societal reactions to technologies during modern era; consideration of utopian/dystopian discourse of technology in popular media narratives; contemplation of technology as constitutive of power and knowledge. Prerequisite: Junior or senior classification.,3,
COMM 453,Communication and Video Games,COMM,3 Lecture Hours. Business and industry aspects of video games; cultural and social aspects of gaming. Prerequisite: Junior or senior classification.,3,
COMM 458,Global Media,COMM,"3 Lecture Hours. Study of globalization through media ownership; content, flow, cultural values, political power and technological impact; implications of globalization for local economies and audiences. Prerequisite: Junior or senior classification or approval of instructor. Cross Listing: JOUR 458/COMM 458 .",3,
COMM 460,Communication and Contemporary Issues,COMM,"3 Lecture Hours. Rhetorical, critical or other approaches to study how communication practices influence the construction of social issues. Prerequisites: Junior or senior classification.",3,
COMM 470,Communication in Health Care Contexts,COMM,"3 Lecture Hours. Principles of health communication applied in situations ranging from physician-patient communication to public health campaign theory, design, implementation and evaluation. Prerequisites: Junior or senior classification.",3,
COMM 471,"Media, Health and Medicine",COMM,"3 Lecture Hours. Analysis and evaluation of representations of health in media; examination of gender, class and race as they intersect with health issues. Prerequisite: Junior or senior classification.",3,
COMM 476,Advanced Social Media,COMM,"3 Lecture Hours. Analysis of social media platforms and social media accounts used by organizations and individuals in professional contexts; production of individual posts for various purposes and goals; production of photos, videos and graphics for social sharing. Prerequisites: Grade of B or better in COMM 275/JOUR 275 ; junior or senior classification.",3,
COMM 480,Religious Communication,COMM,"3 Lecture Hours. The role of religious communication as manifested in speeches, sermons, debates, campaigns, and social movements throughout history. Prerequisite: Junior or senior classification or approval of instructor. Cross Listing: RELS 480/COMM 480 .",3,
COMM 483,Health Communication Practicum,COMM,Credits 0-1. 0-1 Other Hours. Directed individual health communication practicum. Prerequisites: Junior or senior classification and approval of instructor.,0,
COMM 484,Internship in Communication,COMM,Credits 0 to 23. 0 to 23 Other Hours. Directed internship in a public or private organization to provide students with on-the-job training and applied research experience; application of communication theory and practice in career settings; designed to enhance and clarify students' career objectives. May be repeated for credit. Must be taken on a satisfactory/unsatisfactory basis. Prerequisites: Cumulative GPR of 2.5 or higher for credits taken in residence; approval of department head.,0,
COMM 485,Directed Studies,COMM,"Credits 0 to 3. 0 to 3 Other Hours. Directed individual study of identified topics in communication; may include specific research, readings or other approved project in any area of communication; written report is required. May be repeated for credit. Prerequisites: Cumulative GPR of 2.5 or higher; approval of instructor and department head.",0,
COMM 487,"Communication, Diversity and Social Justice Capstone Experience",COMM,"Credits 0-1. 0-1 Other Hours. Directed individual communication, diversity, social justice capstone experience. Prerequisites: Junior or senior classification and approval of capstone director.",0,
COMM 488,Global Media Practicum,COMM,Credits 0-1. 0-1 Other Hours. Directed global media experience. Prerequisites: Junior or senior classification and approval of instructor.,0,
COMM 489,Special Topics in...,COMM,Credits 1 to 4. 1 to 4 Lecture Hours. Selected topics in an identified area of communication. May be repeated for credit.,1,
COMM 491,Research,COMM,Credits 0 to 3. 0 to 3 Other Hours. Research conducted under the direction of faculty member in the department of communication. May be taken four times for credit. Prerequisites: GPA 2.5 or higher; junior or senior classification and approval of instructor and department head.,0,
COMM 497,Independent Honors Studies,COMM,"Credits 0 to 3. 0 to 3 Other Hours. Directed independent studies for upper division Honors students, regardless of academic major, in select aspects of communication. May be repeated for credit. Prerequisites: Junior or senior classification either as Honors student or with GPR of 3.25; letter of approval from head of student's department.",0,