unitId,name,slug,city,state,zip,type,website,latitude,longitude,enrollmentSize
100654,Alabama A & M University,alabama-a-m-university,Normal,AL,35762,FOUR_YEAR,https://www.aamu.edu/,34.783368,-86.568502,5726
100663,University of Alabama at Birmingham,university-of-alabama-at-birmingham,Birmingham,AL,35294-0110,FOUR_YEAR,https://www.uab.edu/,33.505697,-86.799345,12118
100690,Amridge University,amridge-university,Montgomery,AL,36117-3553,FOUR_YEAR,https://www.amridgeuniversity.edu/,32.362609,-86.17401,226
100706,University of Alabama in Huntsville,university-of-alabama-in-huntsville,Huntsville,AL,35899,FOUR_YEAR,https://www.uah.edu/,34.724557,-86.640449,6650
100724,Alabama State University,alabama-state-university,Montgomery,AL,36104-0271,FOUR_YEAR,https://www.alasu.edu/,32.364317,-86.295677,3322
100751,The University of Alabama,the-university-of-alabama,Tuscaloosa,AL,35487-0100,FOUR_YEAR,https://www.ua.edu/,33.211875,-87.545978,32323
100812,Athens State University,athens-state-university,Athens,AL,35611,FOUR_YEAR,https://www.athens.edu/,34.806793,-86.964698,2407
100830,Auburn University at Montgomery,auburn-university-at-montgomery,Montgomery,AL,36117-3596,FOUR_YEAR,https://www.aum.edu/,32.36736,-86.177544,2693
100858,Auburn University,auburn-university,Auburn,AL,36849,FOUR_YEAR,https://www.auburn.edu/,32.599378,-85.488258,25732
100937,Birmingham-Southern College,birmingham-southern-college,Birmingham,AL,35254,FOUR_YEAR,https://www.bsc.edu/,33.513774,-86.850552,713
101116,South University-Montgomery,south-university-montgomery,Montgomery,AL,36116,FOUR_YEAR,https://www.southuniversity.edu/,32.342684,-86.216488,302
101161,Coastal Alabama Community College,coastal-alabama-community-college,Bay Minette,AL,36507-2698,TWO_YEAR,https://www.coastalalabama.edu/,30.851343,-87.778193,4714
101189,Faulkner University,faulkner-university,Montgomery,AL,36109-3390,FOUR_YEAR,https://www.faulkner.edu/,32.384181,-86.21641,1555
101301,George C Wallace State Community College-Selma,george-c-wallace-state-community-college-selma,Selma,AL,36702-2808,TWO_YEAR,https://www.wccs.edu/,32.445917,-87.013294,828
101435,Huntingdon College,huntingdon-college,Montgomery,AL,36106-2148,FOUR_YEAR,https://www.huntingdon.edu/,32.351034,-86.284366,865
101453,Heritage Christian University,heritage-christian-university,Florence,AL,35630-9977,FOUR_YEAR,https://www.hcu.edu/,34.856153,-87.663051,63
101480,Jacksonville State University,jacksonville-state-university,Jacksonville,AL,36265,FOUR_YEAR,https://www.jsu.edu/,33.822938,-85.765321,7030
101505,Jefferson State Community College,jefferson-state-community-college,Birmingham,AL,35215-3098,TWO_YEAR,https://www.jeffersonstate.edu/,33.652535,-86.707233,5443
101569,Lawson State Community College,lawson-state-community-college,Birmingham,AL,35221-1717,TWO_YEAR,https://www.lawsonstate.edu/,33.450814,-86.888844,2720
101587,University of West Alabama,university-of-west-alabama,Livingston,AL,35470,FOUR_YEAR,https://www.uwa.edu/,32.588132,-88.186329,2666
101648,Marion Military Institute,marion-military-institute,Marion,AL,36756-3207,TWO_YEAR,https://www.marionmilitary.edu/,32.623734,-87.322041,308
101675,Miles College,miles-college,Fairfield,AL,35064-2621,FOUR_YEAR,https://www.miles.edu/,33.482442,-86.908751,1151
101693,University of Mobile,university-of-mobile,Mobile,AL,36613-2842,FOUR_YEAR,https://www.umobile.edu/,30.793247,-88.128934,1079
101709,University of Montevallo,university-of-montevallo,Montevallo,AL,35115-6000,FOUR_YEAR,https://www.montevallo.edu/,33.10625,-86.865099,2087
101879,University of North Alabama,university-of-north-alabama,Florence,AL,35632-0001,FOUR_YEAR,https://www.una.edu/,34.80731,-87.680407,5468
101912,Oakwood University,oakwood-university,Huntsville,AL,35896,FOUR_YEAR,https://www2.oakwood.edu/,34.756344,-86.652705,1253
102049,Samford University,samford-university,Birmingham,AL,35229-2240,FOUR_YEAR,https://www.samford.edu/,33.464128,-86.791799,3828
102058,Selma University,selma-university,Selma,AL,36701,FOUR_YEAR,https://selmau.edu/,32.420387,-87.032392,34
102094,University of South Alabama,university-of-south-alabama,Mobile,AL,36688-0002,FOUR_YEAR,https://www.southalabama.edu/,30.696033,-88.178711,8540
102234,Spring Hill College,spring-hill-college,Mobile,AL,36608-1780,FOUR_YEAR,https://www.shc.edu/,30.694751,-88.138199,850
102270,Stillman College,stillman-college,Tuscaloosa,AL,35401,FOUR_YEAR,https://stillman.edu/,33.200006,-87.585278,761
102298,Talladega College,talladega-college,Talladega,AL,35160,FOUR_YEAR,https://www.talladega.edu/,33.433472,-86.112704,782
102313,H Councill Trenholm State Community College,h-councill-trenholm-state-community-college,Montgomery,AL,36108-3199,TWO_YEAR,https://www.trenholmstate.edu/,32.350109,-86.343057,1584
102368,Troy University,troy-university,Troy,AL,36082-0001,FOUR_YEAR,https://www.troy.edu/,31.799583,-85.95802,10089
102377,Tuskegee University,tuskegee-university,Tuskegee,AL,36088-1920,FOUR_YEAR,https://www.tuskegee.edu/,32.4309,-85.708492,2367
102395,United States Sports University,united-states-sports-university,Daphne,AL,36526-7055,FOUR_YEAR,https://www.ussa.edu/,30.639329,-87.91163,136
102553,University of Alaska Anchorage,university-of-alaska-anchorage,Anchorage,AK,99508,FOUR_YEAR,https://www.uaa.alaska.edu/,61.190163,-149.82619,6916
102580,Alaska Bible College,alaska-bible-college,Palmer,AK,99645,FOUR_YEAR,https://www.akbible.edu/,61.598553,-149.111972,34
102614,University of Alaska Fairbanks,university-of-alaska-fairbanks,Fairbanks,AK,99775,FOUR_YEAR,https://www.uaf.edu/,64.85756,-147.823146,4027
102669,Alaska Pacific University,alaska-pacific-university,Anchorage,AK,99508,FOUR_YEAR,https://www.alaskapacific.edu/,61.190968,-149.804168,400
104090,Brookline College-Phoenix,brookline-college-phoenix,Phoenix,AZ,85021,FOUR_YEAR,https://www.brooklinecollege.edu/,33.566102,-112.112473,714
104151,Arizona State University Campus Immersion,arizona-state-university-campus-immersion,Tempe,AZ,85287,FOUR_YEAR,https://www.asu.edu/,33.417721,-111.934383,64398
104160,Arizona Western College,arizona-western-college,Yuma,AZ,85365-8834,TWO_YEAR,https://www.azwestern.edu/,32.689306,-114.495968,6198
104179,University of Arizona,university-of-arizona,Tucson,AZ,85721-0066,FOUR_YEAR,https://www.arizona.edu/,32.232672,-110.950815,40769
104425,Cochise County Community College District,cochise-county-community-college-district,Sierra Vista,AZ,85635-2317,TWO_YEAR,https://www.cochise.edu/,31.564597,-110.246946,3007
104586,Embry-Riddle Aeronautical University-Prescott,embry-riddle-aeronautical-university-prescott,Prescott,AZ,86301-3720,FOUR_YEAR,https://prescott.erau.edu/,34.616766,-112.449741,3245
104717,Grand Canyon University,grand-canyon-university,Phoenix,AZ,85017,FOUR_YEAR,https://www.gcu.edu/,33.513231,-112.129929,68619
105297,Dine College,dine-college,Tsaile,AZ,86556,TWO_YEAR,https://www.dinecollege.edu/,36.293328,-109.21684,1507
105330,Northern Arizona University,northern-arizona-university,Flagstaff,AZ,86011-4092,FOUR_YEAR,https://nau.edu/,35.188449,-111.653724,23041
105534,Pima Medical Institute-Tucson,pima-medical-institute-tucson,Tucson,AZ,85712,TWO_YEAR,https://pmi.edu/,32.248067,-110.878783,2619
105589,Prescott College,prescott-college,Prescott,AZ,86301,FOUR_YEAR,https://prescott.edu/,34.5452,-112.477185,253
105899,Arizona Christian University,arizona-christian-university,Glendale,AZ,85306-3216,FOUR_YEAR,https://arizonachristian.edu/,33.622952,-112.181776,1127
106041,Universal Technical Institute of Arizona Inc,universal-technical-institute-of-arizona-inc,Avondale,AZ,85323,TWO_YEAR,https://www.uti.edu/,33.453005,-112.288123,1791
106245,University of Arkansas at Little Rock,university-of-arkansas-at-little-rock,Little Rock,AR,72204,FOUR_YEAR,https://ualr.edu/www/,34.723254,-92.339778,4740
106263,University of Arkansas for Medical Sciences,university-of-arkansas-for-medical-sciences,Little Rock,AR,72205-7199,FOUR_YEAR,https://www.uams.edu/,34.750152,-92.322348,1361
106306,Arkansas Baptist College,arkansas-baptist-college,Little Rock,AR,72202-6068,FOUR_YEAR,https://www.arkansasbaptist.edu/,34.734751,-92.290555,373
106342,Lyon College,lyon-college,Batesville,AR,72501,FOUR_YEAR,https://www.lyon.edu/,35.777619,-91.625354,563
106397,University of Arkansas,university-of-arkansas,Fayetteville,AR,72701,FOUR_YEAR,https://www.uark.edu/,36.070009,-94.176981,27312
106412,University of Arkansas at Pine Bluff,university-of-arkansas-at-pine-bluff,Pine Bluff,AR,71601,FOUR_YEAR,https://www.uapb.edu/,34.244031,-92.018683,1899
106449,Arkansas State University-Beebe,arkansas-state-university-beebe,Beebe,AR,72012-1000,TWO_YEAR,https://www.asub.edu/,35.074176,-91.895351,1902
106458,Arkansas State University,arkansas-state-university,Jonesboro,AR,72401,FOUR_YEAR,https://www.astate.edu/,35.842388,-90.679988,7994
106467,Arkansas Tech University,arkansas-tech-university,Russellville,AR,72801,TWO_YEAR,https://www.atu.edu/,35.296091,-93.137172,5993
106546,Baptist Health College Little Rock,baptist-health-college-little-rock,Little Rock,AR,72210-2827,TWO_YEAR,https://www.bhclr.edu/,34.713115,-92.40692,512
106704,University of Central Arkansas,university-of-central-arkansas,Conway,AR,72035-0001,FOUR_YEAR,https://www.uca.edu/,35.077945,-92.457672,7426
106713,Central Baptist College,central-baptist-college,Conway,AR,72034,FOUR_YEAR,https://www.cbc.edu/,35.083838,-92.445021,477
106810,Crowley's Ridge College,crowley-s-ridge-college,Paragould,AR,72450,FOUR_YEAR,https://www.crc.edu/,36.064845,-90.584395,162
107044,Harding University,harding-university,Searcy,AR,72149-5615,FOUR_YEAR,https://www.harding.edu/,35.247386,-91.726143,3323
107071,Henderson State University,henderson-state-university,Arkadelphia,AR,71999-0001,FOUR_YEAR,https://www.hsu.edu/,34.128155,-93.059703,1491
107080,Hendrix College,hendrix-college,Conway,AR,72032-3080,FOUR_YEAR,https://www.hendrix.edu/,35.101565,-92.443256,1094
107123,Jefferson Regional School of Nursing,jefferson-regional-school-of-nursing,Pine Bluff,AR,71603,TWO_YEAR,https://www.jrmc.org/,34.191628,-92.05568,80
107141,John Brown University,john-brown-university,Siloam Springs,AR,72761,FOUR_YEAR,https://www.jbu.edu/,36.189812,-94.560283,1415
107512,Ouachita Baptist University,ouachita-baptist-university,Arkadelphia,AR,71998-0001,FOUR_YEAR,https://obu.edu/,34.126093,-93.052471,1612
107558,University of the Ozarks,university-of-the-ozarks,Clarksville,AR,72830,FOUR_YEAR,https://ozarks.edu/,35.476278,-93.467221,753
107600,Philander Smith University,philander-smith-university,Little Rock,AR,72202-3799,FOUR_YEAR,https://www.philander.edu/,34.737131,-92.283015,842
107840,Shorter College,shorter-college,N Little Rock,AR,72114,TWO_YEAR,https://www.shortercollege.edu/,34.75933,-92.261331,290
107877,Williams Baptist University,williams-baptist-university,Walnut Ridge,AR,72476,FOUR_YEAR,https://williamsbaptistuniversity.com/,36.125676,-90.940277,490
107983,Southern Arkansas University Main Campus,southern-arkansas-university-main-campus,Magnolia,AR,71753,FOUR_YEAR,https://www.saumag.edu/,33.291618,-93.235922,2865
108092,University of Arkansas-Fort Smith,university-of-arkansas-fort-smith,Fort Smith,AR,72913-3649,FOUR_YEAR,https://uafs.edu/,35.384184,-94.373729,4133
108232,Academy of Art University,academy-of-art-university,San Francisco,CA,94105,FOUR_YEAR,https://www.academyart.edu/,37.787943,-122.400578,4131
108667,College of Alameda,college-of-alameda,Alameda,CA,94501,TWO_YEAR,https://alameda.edu/,37.781017,-122.279303,4274
108807,Allan Hancock College,allan-hancock-college,Santa Maria,CA,93454-6399,TWO_YEAR,https://www.hancockcollege.edu/,34.943716,-120.421144,7812
108852,American Academy of Dramatic Arts-Los Angeles,american-academy-of-dramatic-arts-los-angeles,Los Angeles,CA,90028,TWO_YEAR,https://www.aada.edu/,34.095378,-118.343701,169
109208,American River College,american-river-college,Sacramento,CA,95841-4286,TWO_YEAR,https://www.arc.losrios.edu/,38.65085,-121.349672,25758
109350,Antelope Valley Community College District,antelope-valley-community-college-district,Lancaster,CA,93536-5426,TWO_YEAR,https://www.avc.edu/,34.676207,-118.186166,10905
109651,Art Center College of Design,art-center-college-of-design,Pasadena,CA,91103,FOUR_YEAR,https://www.artcenter.edu/,34.169031,-118.185102,2054
109785,Azusa Pacific University,azusa-pacific-university,Azusa,CA,91702-7000,FOUR_YEAR,https://www.apu.edu/,34.130047,-117.888375,2977
109819,Bakersfield College,bakersfield-college,Bakersfield,CA,93305-1299,TWO_YEAR,https://www.bakersfieldcollege.edu/,35.40911,-118.973753,16451
109907,Barstow Community College,barstow-community-college,Barstow,CA,92311,TWO_YEAR,https://www.barstow.edu/,34.870285,-117.023412,2585
110060,Bethesda University,bethesda-university,Anaheim,CA,92801,FOUR_YEAR,https://www.buc.edu/,33.842295,-117.941323,212
110097,Biola University,biola-university,La Mirada,CA,90639-0001,FOUR_YEAR,https://www.biola.edu/,33.906203,-118.014374,3390
110246,Butte College,butte-college,Oroville,CA,95965-8399,TWO_YEAR,https://www.butte.edu/,39.649782,-121.644831,8384
110316,California Institute of Integral Studies,california-institute-of-integral-studies,San Francisco,CA,94103,FOUR_YEAR,https://www.ciis.edu/,37.774924,-122.416102,57
110334,Cabrillo College,cabrillo-college,Aptos,CA,95003,TWO_YEAR,https://www.cabrillo.edu/,36.989448,-121.924797,7404
110361,California Baptist University,california-baptist-university,Riverside,CA,92504-3297,FOUR_YEAR,https://www.calbaptist.edu/,33.929321,-117.425619,7914
110370,California College of the Arts,california-college-of-the-arts,San Francisco,CA,94107-2247,FOUR_YEAR,https://www.cca.edu/,37.767485,-122.399451,1004
110404,California Institute of Technology,california-institute-of-technology,Pasadena,CA,91125,FOUR_YEAR,https://www.caltech.edu/,34.137349,-118.125878,1023
110413,California Lutheran University,california-lutheran-university,Thousand Oaks,CA,91360-2787,FOUR_YEAR,https://www.callutheran.edu/,34.224566,-118.878924,2374
110422,California Polytechnic State University-San Luis Obispo,california-polytechnic-state-university-san-luis-obispo,San Luis Obispo,CA,93407,FOUR_YEAR,https://calpoly.edu/,35.299513,-120.657311,21521
110486,California State University-Bakersfield,california-state-university-bakersfield,Bakersfield,CA,93311-1099,FOUR_YEAR,https://www.csub.edu/,35.350005,-119.104711,8183
110495,California State University-Stanislaus,california-state-university-stanislaus,Turlock,CA,95382-0299,FOUR_YEAR,https://www.csustan.edu/,37.52577,-120.852511,8564
110510,California State University-San Bernardino,california-state-university-san-bernardino,San Bernardino,CA,92407-2393,FOUR_YEAR,https://www.csusb.edu/,34.182622,-117.323801,15771
110529,California State Polytechnic University-Pomona,california-state-polytechnic-university-pomona,Pomona,CA,91768,FOUR_YEAR,https://www.cpp.edu/,34.057912,-117.821476,24271
110538,California State University-Chico,california-state-university-chico,Chico,CA,95929-0150,FOUR_YEAR,https://www.csuchico.edu/,39.729712,-121.844859,13057
110547,California State University-Dominguez Hills,california-state-university-dominguez-hills,Carson,CA,90747-0005,FOUR_YEAR,https://www.csudh.edu/,33.864766,-118.255917,12642
110556,California State University-Fresno,california-state-university-fresno,Fresno,CA,93740,FOUR_YEAR,https://www.fresnostate.edu/,36.811154,-119.744569,21070
110565,California State University-Fullerton,california-state-university-fullerton,Fullerton,CA,92832-3599,FOUR_YEAR,https://www.fullerton.edu/,33.881506,-117.885446,36956
110574,California State University-East Bay,california-state-university-east-bay,Hayward,CA,94542,FOUR_YEAR,https://www.csueastbay.edu/,37.657694,-122.054135,10422
110583,California State University-Long Beach,california-state-university-long-beach,Long Beach,CA,90840-0115,FOUR_YEAR,https://www.csulb.edu/,33.782818,-118.11204,34131
110592,California State University-Los Angeles,california-state-university-los-angeles,Los Angeles,CA,90032-8506,FOUR_YEAR,https://www.calstatela.edu/,34.066927,-118.168965,21478
110608,California State University-Northridge,california-state-university-northridge,Northridge,CA,91330,FOUR_YEAR,https://www.csun.edu/,34.240126,-118.529319,32357
110617,California State University-Sacramento,california-state-university-sacramento,Sacramento,CA,95819-2694,FOUR_YEAR,https://www.csus.edu/,38.559415,-121.423549,27867
110635,University of California-Berkeley,university-of-california-berkeley,Berkeley,CA,94720,FOUR_YEAR,https://www.berkeley.edu/,37.871918,-122.260463,33073
110644,University of California-Davis,university-of-california-davis,Davis,CA,95616-8678,FOUR_YEAR,https://ucdavis.edu/,38.539667,-121.749567,31777
110653,University of California-Irvine,university-of-california-irvine,Irvine,CA,92697,FOUR_YEAR,https://www.uci.edu/,33.648434,-117.841248,29494
110662,University of California-Los Angeles,university-of-california-los-angeles,Los Angeles,CA,90095-1405,FOUR_YEAR,https://www.ucla.edu/,34.07178,-118.442179,33040
110671,University of California-Riverside,university-of-california-riverside,Riverside,CA,92521,FOUR_YEAR,https://www.ucr.edu/,33.97246,-117.32741,22644
110680,University of California-San Diego,university-of-california-san-diego,La Jolla,CA,92093,FOUR_YEAR,https://www.ucsd.edu/,32.877749,-117.235866,33787
110705,University of California-Santa Barbara,university-of-california-santa-barbara,Santa Barbara,CA,93106,FOUR_YEAR,https://www.ucsb.edu/,34.416297,-119.846426,23205
110714,University of California-Santa Cruz,university-of-california-santa-cruz,Santa Cruz,CA,95064-1011,FOUR_YEAR,https://www.ucsc.edu/,36.995584,-122.058801,17812
110778,Sofia University,sofia-university,Palo Alto,CA,94303,FOUR_YEAR,https://www.sofia.edu/,37.430325,-122.10866,7
111081,California Institute of the Arts,california-institute-of-the-arts,Valencia,CA,91355-2397,FOUR_YEAR,https://www.calarts.edu/,34.39327,-118.566837,881
111188,California State University Maritime Academy,california-state-university-maritime-academy,Vallejo,CA,94590-8181,FOUR_YEAR,https://www.csum.edu/,38.069061,-122.231551,761
111434,Canada College,canada-college,Redwood City,CA,94061-1099,TWO_YEAR,https://canadacollege.edu/,37.44877,-122.265398,4878
111461,College of the Canyons,college-of-the-canyons,Santa Clarita,CA,91355-1899,TWO_YEAR,https://www.canyons.edu/,34.403993,-118.568698,15365
111638,Casa Loma College-Los Angeles,casa-loma-college-los-angeles,Sherman Oaks,CA,91403,TWO_YEAR,https://www.casalomacollege.edu/,34.155096,-118.466548,581
111896,Cerro Coso Community College,cerro-coso-community-college,Ridgecrest,CA,93555-9571,TWO_YEAR,https://cerrocoso.edu/,35.567525,-117.66767,3496
111920,Chabot College,chabot-college,Hayward,CA,94545,TWO_YEAR,https://www.chabotcollege.edu/,37.642458,-122.105636,10861
111939,Chaffey College,chaffey-college,Rancho Cucamonga,CA,91737-3002,TWO_YEAR,https://www.chaffey.edu/,34.147663,-117.573932,13568
111948,Chapman University,chapman-university,Orange,CA,92866,FOUR_YEAR,https://www.chapman.edu/,33.79302,-117.852518,7629
111966,Charles R Drew University of Medicine and Science,charles-r-drew-university-of-medicine-and-science,Los Angeles,CA,90059,FOUR_YEAR,https://www.cdrewu.edu/,33.925658,-118.242791,233
112075,Concordia University-Irvine,concordia-university-irvine,Irvine,CA,92612-3203,FOUR_YEAR,https://www.cui.edu/,33.653665,-117.812305,1456
112084,San Diego Christian College,san-diego-christian-college,Santee,CA,92071,FOUR_YEAR,https://sdcc.edu/,32.843454,-116.978089,91
112260,Claremont McKenna College,claremont-mckenna-college,Claremont,CA,91711-6400,FOUR_YEAR,https://www.cmc.edu/,34.102154,-117.711188,1379
112385,Coastline Community College,coastline-community-college,Fountain Valley,CA,92708-2597,TWO_YEAR,https://www.coastline.edu/,33.716054,-117.928979,7007
112394,University of Silicon Valley,university-of-silicon-valley,San Jose,CA,95134,FOUR_YEAR,https://usv.edu/,37.414049,-121.94087,377
112561,Columbia College,columbia-college,Sonora,CA,95370,TWO_YEAR,https://www.gocolumbia.edu/,38.030367,-120.388385,1917
112570,California College of ASU,california-college-of-asu,Los Angeles,CA,90015,FOUR_YEAR,https://californiacollege.asu.edu/,34.039355,-118.25968,149
112686,Compton College,compton-college,Compton,CA,90221-5393,TWO_YEAR,https://www.compton.edu/,33.878226,-118.209463,2881
113096,Cosumnes River College,cosumnes-river-college,Sacramento,CA,95823-5799,TWO_YEAR,https://www.crc.losrios.edu/,38.45295,-121.423108,13527
113111,Crafton Hills College,crafton-hills-college,Yucaipa,CA,92339-1799,TWO_YEAR,https://www.craftonhills.edu/,34.039178,-117.101173,5074
113218,Cuyamaca College,cuyamaca-college,El Cajon,CA,92019,TWO_YEAR,https://www.cuyamaca.edu/,32.744305,-116.942854,6788
113333,De Anza College,de-anza-college,Cupertino,CA,95014,TWO_YEAR,https://www.deanza.edu/,37.319914,-122.045783,14953
113573,College of the Desert,college-of-the-desert,Palm Desert,CA,92260,TWO_YEAR,https://www.collegeofthedesert.edu/,33.732108,-116.388271,8900
113582,Design Institute of San Diego,design-institute-of-san-diego,San Diego,CA,92121,FOUR_YEAR,https://www.disd.edu/,32.880926,-117.167374,92
113634,Diablo Valley College,diablo-valley-college,Pleasant Hill,CA,94523,TWO_YEAR,https://www.dvc.edu/,37.968516,-122.073142,14734
113698,Dominican University of California,dominican-university-of-california,San Rafael,CA,94901-2298,FOUR_YEAR,https://www.dominican.edu/,37.981279,-122.512051,1178
113856,East Los Angeles College,east-los-angeles-college,Monterey Park,CA,91754-6099,TWO_YEAR,https://www.elac.edu/,34.040531,-118.148785,24401
113980,El Camino Community College District,el-camino-community-college-district,Torrance,CA,90506,TWO_YEAR,https://www.elcamino.edu/,33.885229,-118.329913,18994
114266,Evergreen Valley College,evergreen-valley-college,San Jose,CA,95135-1598,TWO_YEAR,https://www.evc.edu/,37.30167,-121.76561,7670
114354,FIDM-Fashion Institute of Design & Merchandising,fidm-fashion-institute-of-design-merchandising,Los Angeles,CA,90015-1421,TWO_YEAR,https://www.fidm.edu/,34.044209,-118.25993,1319
114433,Feather River Community College District,feather-river-community-college-district,Quincy,CA,95971-9124,TWO_YEAR,https://www.frc.edu/,39.953101,-120.973067,1574
114789,Fresno City College,fresno-city-college,Fresno,CA,93741,TWO_YEAR,https://www.fresnocitycollege.edu/,36.768164,-119.796096,18774
114813,Fresno Pacific University,fresno-pacific-university,Fresno,CA,93702-4709,FOUR_YEAR,https://www.fresno.edu/,36.726831,-119.735199,1614
114859,Fullerton College,fullerton-college,Fullerton,CA,92832-2095,TWO_YEAR,https://www.fullcoll.edu/,33.875514,-117.918255,16637
114938,Gavilan College,gavilan-college,Gilroy,CA,95020,TWO_YEAR,https://www.gavilan.edu/,36.972627,-121.569842,4410
115001,Glendale Community College,glendale-community-college,Glendale,CA,91208-2894,TWO_YEAR,https://www.glendale.edu/,34.16745,-118.227666,9807
115010,Glendale Career College,glendale-career-college,Glendale,CA,91203,TWO_YEAR,https://www.success.edu/,34.149771,-118.254719,854
115083,Golden Gate University,golden-gate-university,San Francisco,CA,94105-2968,FOUR_YEAR,https://www.ggu.edu/,37.789374,-122.398969,550
115126,Golden West College,golden-west-college,Huntington Beach,CA,92647-2710,TWO_YEAR,https://www.goldenwestcollege.edu/,33.732531,-118.002568,8919
115296,Grossmont College,grossmont-college,El Cajon,CA,92020-1799,TWO_YEAR,https://www.grossmont.edu/,32.815246,-117.006277,11467
115393,Hartnell College,hartnell-college,Salinas,CA,93901,TWO_YEAR,https://www.hartnell.edu/,36.675091,-121.666054,7153
115409,Harvey Mudd College,harvey-mudd-college,Claremont,CA,91711,FOUR_YEAR,https://www.hmc.edu/,34.106515,-117.709837,915
115755,California State Polytechnic University-Humboldt,california-state-polytechnic-university-humboldt,Arcata,CA,95521-8299,FOUR_YEAR,https://www.humboldt.edu/,40.877481,-124.078293,5491
115773,Humphreys University-Stockton and Modesto Campuses,humphreys-university-stockton-and-modesto-campuses,Stockton,CA,95207,FOUR_YEAR,https://www.humphreys.edu/,38.011489,-121.316918,178
115861,Imperial Valley College,imperial-valley-college,Imperial,CA,92251-0158,TWO_YEAR,https://www.imperial.edu/,32.827209,-115.503563,6881
116226,Interior Designers Institute,interior-designers-institute,Newport Beach,CA,92660,TWO_YEAR,https://www.idi.edu/,33.641393,-117.865722,107
116439,Irvine Valley College,irvine-valley-college,Irvine,CA,92618-0301,TWO_YEAR,https://www.ivc.edu/,33.675381,-117.777539,9577
117104,Life Pacific University,life-pacific-university,San Dimas,CA,91773-3298,FOUR_YEAR,https://lifepacific.edu/,34.098705,-117.829388,393
117140,University of La Verne,university-of-la-verne,La Verne,CA,91750-4401,FOUR_YEAR,https://www.laverne.edu/,34.100855,-117.773262,3341
117168,Laguna College of Art and Design,laguna-college-of-art-and-design,Laguna Beach,CA,92651,FOUR_YEAR,https://www.lcad.edu/,33.561448,-117.772564,776
117195,Lake Tahoe Community College,lake-tahoe-community-college,South Lake Tahoe,CA,96150,TWO_YEAR,https://www.ltcc.edu/,38.926797,-119.972574,2909
117247,Laney College,laney-college,Oakland,CA,94607,TWO_YEAR,https://laney.edu/,37.797257,-122.26283,7158
117274,Lassen Community College,lassen-community-college,Susanville,CA,96130,TWO_YEAR,https://www.lassencollege.edu/,40.432053,-120.633271,1564
117283,Latin American Bible Institute,latin-american-bible-institute,La Puente,CA,91746-3099,TWO_YEAR,https://labi.edu/,34.030992,-117.989601,78
117557,Lincoln University,lincoln-university,Oakland,CA,94612-2801,FOUR_YEAR,https://lincolnuca.edu/,37.804788,-122.269745,223
117575,Southern California Seminary,southern-california-seminary,El Cajon,CA,92019-1108,FOUR_YEAR,https://www.socalsem.edu/,32.799614,-116.905461,30
117627,La Sierra University,la-sierra-university,Riverside,CA,92505-8247,FOUR_YEAR,https://lasierra.edu/,33.910704,-117.500054,1155
117636,Loma Linda University,loma-linda-university,Loma Linda,CA,92350,FOUR_YEAR,https://www.llu.edu/index.html,34.051241,-117.260605,867
117690,Los Angeles Harbor College,los-angeles-harbor-college,Wilmington,CA,90744-2397,TWO_YEAR,https://www.lahc.edu/,33.785825,-118.283549,6496
117706,Los Angeles Pierce College,los-angeles-pierce-college,Woodland Hills,CA,91371-0002,TWO_YEAR,https://www.lapc.edu/,34.183949,-118.575071,13029
117715,Los Angeles Southwest College,los-angeles-southwest-college,Los Angeles,CA,90047-4899,TWO_YEAR,https://www.lasc.edu/,33.929586,-118.304674,3793
117733,Los Angeles Valley College,los-angeles-valley-college,Valley Glen,CA,91401-4096,TWO_YEAR,https://www.lavc.edu/,34.175165,-118.421734,12470
117751,The Master's University and Seminary,the-master-s-university-and-seminary,Santa Clarita,CA,91321-1200,FOUR_YEAR,https://www.masters.edu/,34.381755,-118.518193,1606
117788,Los Angeles City College,los-angeles-city-college,Los Angeles,CA,90029,TWO_YEAR,https://www.lacc.edu/,34.087301,-118.292169,10857
117803,Los Angeles County College of Nursing and Allied Health,los-angeles-county-college-of-nursing-and-allied-health,Los Angeles,CA,90033-1084,TWO_YEAR,https://dhs.lacounty.gov/college-of-nursing-and-allied-health/,34.062647,-118.211852,220
117867,Los Angeles Mission College,los-angeles-mission-college,Sylmar,CA,91342,TWO_YEAR,https://www.lamission.edu/,34.314668,-118.4195,8031
117894,Los Medanos College,los-medanos-college,Pittsburg,CA,94565,TWO_YEAR,https://www.losmedanos.edu/,38.006474,-121.860967,7100
117946,Loyola Marymount University,loyola-marymount-university,Los Angeles,CA,90045-2659,FOUR_YEAR,https://www.lmu.edu/,33.97085,-118.415744,7171
118347,College of Marin,college-of-marin,Kentfield,CA,94904-2590,TWO_YEAR,https://www.marin.edu/,37.951918,-122.548758,3928
118684,Mendocino College,mendocino-college,Ukiah,CA,95482,TWO_YEAR,https://www.mendocino.edu/,39.188989,-123.228809,2857
118693,Menlo College,menlo-college,Atherton,CA,94027-4301,FOUR_YEAR,https://www.menlo.edu/,37.453475,-122.190797,811
118718,Merced College,merced-college,Merced,CA,95348-2806,TWO_YEAR,https://www.mccd.edu/,37.3353,-120.476464,9677
118772,Merritt College,merritt-college,Oakland,CA,94619-3196,TWO_YEAR,https://www.merritt.edu/,37.789088,-122.167335,5153
118888,Northeastern University Oakland,northeastern-university-oakland,Oakland,CA,94613,FOUR_YEAR,https://oakland.northeastern.edu/,37.781425,-122.182294,542
118930,Mission College,mission-college,Santa Clara,CA,95054-1897,TWO_YEAR,https://www.missioncollege.edu/,37.391935,-121.980783,5557
118976,Modesto Junior College,modesto-junior-college,Modesto,CA,95350-5800,TWO_YEAR,https://www.mjc.edu/,37.651056,-121.009792,14714
119058,Middlebury Institute of International Studies at Monterey,middlebury-institute-of-international-studies-at-monterey,Monterey,CA,93940,FOUR_YEAR,https://www.middlebury.edu/institute/,36.599736,-121.897325,8
119067,Monterey Peninsula College,monterey-peninsula-college,Monterey,CA,93940-4799,TWO_YEAR,https://www.mpc.edu/,36.590558,-121.884931,5759
119137,Moorpark College,moorpark-college,Moorpark,CA,93021-1695,TWO_YEAR,https://www.moorparkcollege.edu/index.shtml,34.301146,-118.834528,12011
119164,Mt San Antonio College,mt-san-antonio-college,Walnut,CA,91789-1399,TWO_YEAR,https://www.mtsac.edu/,34.047764,-117.846629,25311
119173,Mount Saint Mary's University,mount-saint-mary-s-university,Los Angeles,CA,90049-1599,FOUR_YEAR,https://www.msmu.edu/,34.085315,-118.482879,1746
119216,Mt San Jacinto Community College District,mt-san-jacinto-community-college-district,San Jacinto,CA,92583-2399,TWO_YEAR,https://www.msjc.edu/,33.806748,-116.971169,14859
119331,Napa Valley College,napa-valley-college,Napa,CA,94558-6236,TWO_YEAR,https://www.napavalley.edu/,38.274081,-122.274381,3205
119605,National University,national-university,San Diego,CA,92123,FOUR_YEAR,https://www.nu.edu/,32.829299,-117.127296,9725
119775,Newschool of Architecture and Design,newschool-of-architecture-and-design,San Diego,CA,92101,FOUR_YEAR,https://www.newschoolarch.edu/,32.71331,-117.153305,212
120166,San Francisco Bay University,san-francisco-bay-university,Fremont,CA,94539,FOUR_YEAR,https://www.sfbu.edu/,37.485056,-121.927899,62
120184,Notre Dame de Namur University,notre-dame-de-namur-university,Belmont,CA,94002-1908,FOUR_YEAR,https://www.ndnu.edu/,37.517111,-122.284794,14
120254,Occidental College,occidental-college,Los Angeles,CA,90041-3392,FOUR_YEAR,https://www.oxy.edu/,34.127124,-118.210908,1844
120290,Ohlone College,ohlone-college,Fremont,CA,94539-0390,TWO_YEAR,https://www.ohlone.edu/,37.529931,-121.911795,6958
120403,Otis College of Art and Design,otis-college-of-art-and-design,Los Angeles,CA,90045-3505,FOUR_YEAR,https://www.otis.edu/,33.956607,-118.416615,1242
120421,Oxnard College,oxnard-college,Oxnard,CA,93033-6699,TWO_YEAR,https://www.oxnardcollege.edu/,34.166104,-119.157604,6059
120537,Hope International University,hope-international-university,Fullerton,CA,92831-3199,FOUR_YEAR,https://www.hiu.edu/,33.87616,-117.88573,549
120698,Palo Alto University,palo-alto-university,Palo Alto,CA,94304-1337,FOUR_YEAR,https://www.paloaltou.edu/,37.382216,-122.187437,19
120768,Pacific Oaks College,pacific-oaks-college,Pasadena,CA,91103,FOUR_YEAR,https://www.pacificoaks.edu/,34.153382,-118.151323,346
120865,Pacific Union College,pacific-union-college,Angwin,CA,94508-9707,FOUR_YEAR,https://www.puc.edu/,38.570585,-122.440308,910
120883,University of the Pacific,university-of-the-pacific,Stockton,CA,95211-0197,FOUR_YEAR,https://www.pacific.edu/,37.981424,-121.312301,3247
120953,Palo Verde College,palo-verde-college,Blythe,CA,92225,TWO_YEAR,https://www.paloverde.edu/,33.661538,-114.651698,2909
121044,Pasadena City College,pasadena-city-college,Pasadena,CA,91106-2003,TWO_YEAR,https://pasadena.edu/,34.144552,-118.118196,20624
121150,Pepperdine University,pepperdine-university,Malibu,CA,90263,FOUR_YEAR,https://www.pepperdine.edu/,34.037786,-118.707077,3629
121257,Pitzer College,pitzer-college,Claremont,CA,91711-6101,FOUR_YEAR,https://www.pitzer.edu/,34.104107,-117.706675,1191
121309,Point Loma Nazarene University,point-loma-nazarene-university,San Diego,CA,92106-2899,FOUR_YEAR,https://www.pointloma.edu/,32.718391,-117.250265,3132
121345,Pomona College,pomona-college,Claremont,CA,91711-4434,FOUR_YEAR,https://www.pomona.edu/,34.099027,-117.714556,1638
121363,Porterville College,porterville-college,Porterville,CA,93257,TWO_YEAR,https://www.portervillecollege.edu/,36.049256,-119.014368,2775
121691,University of Redlands,university-of-redlands,Redlands,CA,92373-0999,FOUR_YEAR,https://www.redlands.edu/,34.064218,-117.163218,2095
121707,College of the Redwoods,college-of-the-redwoods,Eureka,CA,95501-9300,TWO_YEAR,https://www.redwoods.edu/,40.698427,-124.195293,3514
121886,Rio Hondo College,rio-hondo-college,Whittier,CA,90601-1616,TWO_YEAR,https://www.riohondo.edu/,34.019821,-118.033506,15365
121901,Riverside City College,riverside-city-college,Riverside,CA,92506,TWO_YEAR,https://www.rcc.edu/,33.970918,-117.384323,17361
122180,Sacramento City College,sacramento-city-college,Sacramento,CA,95822-1386,TWO_YEAR,https://www.scc.losrios.edu/,38.541096,-121.491139,16952
122205,Saddleback College,saddleback-college,Mission Viejo,CA,92692-3635,TWO_YEAR,https://www.saddleback.edu/,33.553346,-117.665584,15959
122296,Samuel Merritt University,samuel-merritt-university,Oakland,CA,94609,FOUR_YEAR,https://www.samuelmerritt.edu/,37.82029,-122.266331,712
122339,San Diego City College,san-diego-city-college,San Diego,CA,92101-4787,TWO_YEAR,https://www.sdcity.edu/,32.717403,-117.152733,10584
122375,San Diego Mesa College,san-diego-mesa-college,San Diego,CA,92111-4998,TWO_YEAR,https://www.sdmesa.edu/,32.803825,-117.169165,15899
122384,San Diego Miramar College,san-diego-miramar-college,San Diego,CA,92126-2999,TWO_YEAR,https://www.sdmiramar.edu/,32.909757,-117.120261,10740
122409,San Diego State University,san-diego-state-university,San Diego,CA,92182-0001,FOUR_YEAR,https://www.sdsu.edu/,32.77525,-117.071228,33654
122436,University of San Diego,university-of-san-diego,San Diego,CA,92110-2492,FOUR_YEAR,https://www.sandiego.edu/,32.770816,-117.192073,5619
122506,San Francisco Conservatory of Music,san-francisco-conservatory-of-music,San Francisco,CA,94102-6011,FOUR_YEAR,https://sfcm.edu/,37.775543,-122.420292,215
122597,San Francisco State University,san-francisco-state-university,San Francisco,CA,94132,FOUR_YEAR,https://www.sfsu.edu/,37.721224,-122.476799,20033
122612,University of San Francisco,university-of-san-francisco,San Francisco,CA,94117-1080,FOUR_YEAR,https://www.usfca.edu/,37.776618,-122.450477,5697
122658,San Joaquin Delta College,san-joaquin-delta-college,Stockton,CA,95207,TWO_YEAR,https://www.deltacollege.edu/,37.995562,-121.317597,13964
122728,William Jessup University,william-jessup-university,Rocklin,CA,95765-3707,FOUR_YEAR,https://www.jessup.edu/,38.819728,-121.292312,1021
122755,San Jose State University,san-jose-state-university,San Jose,CA,95192-0186,FOUR_YEAR,https://www.sjsu.edu/,37.336569,-121.880621,26757
122791,College of San Mateo,college-of-san-mateo,San Mateo,CA,94402-3784,TWO_YEAR,https://www.collegeofsanmateo.edu/,37.535698,-122.334801,7359
122889,Santa Barbara City College,santa-barbara-city-college,Santa Barbara,CA,93109-2394,TWO_YEAR,https://www.sbcc.edu/,34.406788,-119.698045,10070
122931,Santa Clara University,santa-clara-university,Santa Clara,CA,95053,FOUR_YEAR,https://www.scu.edu/,37.348362,-121.93784,6235
122977,Santa Monica College,santa-monica-college,Santa Monica,CA,90405-1628,TWO_YEAR,https://www.smc.edu/,34.017022,-118.469765,21194
123165,Scripps College,scripps-college,Claremont,CA,91711,FOUR_YEAR,https://www.scrippscollege.edu/,34.104147,-117.711294,1077
123217,College of the Sequoias,college-of-the-sequoias,Visalia,CA,93277-2214,TWO_YEAR,https://www.cos.edu/,36.323877,-119.315182,10752
123280,Shasta Bible College and Graduate School,shasta-bible-college-and-graduate-school,Redding,CA,96002,FOUR_YEAR,https://www.shasta.edu/,40.566034,-122.314419,12
123299,Shasta College,shasta-college,Redding,CA,96003,TWO_YEAR,https://www.shastacollege.edu/,40.625731,-122.317982,5536
123341,Sierra College,sierra-college,Rocklin,CA,95677-3397,TWO_YEAR,https://www.sierracollege.edu/,38.790773,-121.211688,13455
123457,Simpson University,simpson-university,Redding,CA,96003-8606,FOUR_YEAR,https://www.simpsonu.edu/,40.61334,-122.332981,751
123484,College of the Siskiyous,college-of-the-siskiyous,Weed,CA,96094-2899,TWO_YEAR,https://www.siskiyous.edu/,41.413005,-122.38909,1080
123509,Skyline College,skyline-college,San Bruno,CA,94066-1698,TWO_YEAR,https://skylinecollege.edu/,37.63042,-122.467335,7132
123554,Saint Mary's College of California,saint-mary-s-college-of-california,Moraga,CA,94575,FOUR_YEAR,https://www.stmarys-ca.edu/,37.840731,-122.109031,2024
123563,Solano Community College,solano-community-college,Fairfield,CA,94534-3197,TWO_YEAR,https://welcome.solano.edu/,38.235881,-122.122368,7688
123572,Sonoma State University,sonoma-state-university,Rohnert Park,CA,94928-3609,FOUR_YEAR,https://sonoma.edu/,38.340274,-122.677066,5374
123651,Vanguard University of Southern California,vanguard-university-of-southern-california,Costa Mesa,CA,92626,FOUR_YEAR,https://www.vanguard.edu/,33.662686,-117.900911,1975
123800,Southwestern College,southwestern-college,Chula Vista,CA,91910-7299,TWO_YEAR,https://www.swccd.edu/,32.640281,-116.996803,16640
123952,Southern California Institute of Architecture,southern-california-institute-of-architecture,Los Angeles,CA,90013-1822,FOUR_YEAR,https://www.sciarc.edu/,34.044215,-118.232799,236
123961,University of Southern California,university-of-southern-california,Los Angeles,CA,90089,FOUR_YEAR,https://www.usc.edu/,34.021281,-118.284169,20817
124113,Taft College,taft-college,Taft,CA,93268,TWO_YEAR,https://www.taftcollege.edu/,35.149343,-119.459751,3216
124292,Thomas Aquinas College,thomas-aquinas-college,Santa Paula,CA,93060,FOUR_YEAR,https://thomasaquinas.edu/,34.429009,-119.087141,539
124487,Epic Bible College & Graduate School,epic-bible-college-graduate-school,Sacramento,CA,95841,FOUR_YEAR,https://epic.edu/,38.645152,-121.362642,60
125028,Ventura College,ventura-college,Ventura,CA,93003-3872,TWO_YEAR,https://www.venturacollege.edu/,34.277393,-119.230604,9971
125170,Berkeley City College,berkeley-city-college,Berkeley,CA,94704,TWO_YEAR,https://www.berkeleycitycollege.edu/,37.869769,-122.269877,4541
125231,Walden University,walden-university,Minneapolis,MN,55401,FOUR_YEAR,https://www.waldenu.edu/,44.98125,-93.265738,7337
125462,Coalinga College,coalinga-college,Coalinga,CA,93210,TWO_YEAR,https://www.westhillscollege.com/coalinga/,36.147891,-120.356747,2177
125471,West Los Angeles College,west-los-angeles-college,Culver City,CA,90230-3519,TWO_YEAR,https://www.wlac.edu/,34.004512,-118.386664,7277
125499,West Valley College,west-valley-college,Saratoga,CA,95070,TWO_YEAR,https://www.westvalley.edu/,37.26398,-122.008324,6086
125727,Westmont College,westmont-college,Santa Barbara,CA,93108-1089,FOUR_YEAR,https://www.westmont.edu/,34.450151,-119.662517,1310
125763,Whittier College,whittier-college,Whittier,CA,90601,FOUR_YEAR,https://www.whittier.edu/,33.978773,-118.032299,812
125897,Woodbury University,woodbury-university,Burbank,CA,91504-1052,FOUR_YEAR,https://woodbury.edu/,34.208011,-118.341147,825
126076,Yeshiva Ohr Elchonon Chabad West Coast Talmudical Seminary,yeshiva-ohr-elchonon-chabad-west-coast-talmudical-seminary,Los Angeles,CA,90046-7660,FOUR_YEAR,https://www.yoec.edu/,34.085465,-118.346613,157
126119,Yuba College,yuba-college,Marysville,CA,95901,TWO_YEAR,https://yc.yccd.edu/,39.126536,-121.53964,4311
126182,Adams State University,adams-state-university,Alamosa,CO,81101,FOUR_YEAR,https://www.adams.edu/,37.473636,-105.879642,1239
126359,Bel-Rea Institute of Animal Technology,bel-rea-institute-of-animal-technology,Denver,CO,80247,TWO_YEAR,https://www.belrea.edu/,39.686194,-104.876207,161
126562,University of Colorado Denver/Anschutz Medical Campus,university-of-colorado-denver-anschutz-medical-campus,Denver,CO,80217-3364,FOUR_YEAR,https://www.ucdenver.edu/,39.745149,-104.837722,10686
126580,University of Colorado Colorado Springs,university-of-colorado-colorado-springs,Colorado Springs,CO,80918,FOUR_YEAR,https://www.uccs.edu/,38.892735,-104.800296,8870
126605,Spartan College of Aeronautics and Technology,spartan-college-of-aeronautics-and-technology,Broomfield,CO,80021-3465,TWO_YEAR,https://www.spartan.edu/,39.914822,-105.119096,321
126614,University of Colorado Boulder,university-of-colorado-boulder,Boulder,CO,80309-0017,FOUR_YEAR,https://www.colorado.edu/,40.008781,-105.270823,31578
126669,Colorado Christian University,colorado-christian-university,Lakewood,CO,80226,FOUR_YEAR,https://www.ccu.edu/,39.71388,-105.09456,5363
126678,Colorado College,colorado-college,Colorado Springs,CO,80903,FOUR_YEAR,https://www.coloradocollege.edu/,38.84886,-104.822697,2139
126748,Colorado Northwestern Community College,colorado-northwestern-community-college,Rangely,CO,81648-3598,TWO_YEAR,https://www.cncc.edu/,40.081112,-108.790048,500
126775,Colorado School of Mines,colorado-school-of-mines,Golden,CO,80401,FOUR_YEAR,https://www.mines.edu/,39.751443,-105.223364,5801
126784,Colorado School of Trades,colorado-school-of-trades,Lakewood,CO,80215-2996,TWO_YEAR,https://schooloftrades.edu/,39.74181,-105.104174,108
126818,Colorado State University-Fort Collins,colorado-state-university-fort-collins,Fort Collins,CO,80523-0100,FOUR_YEAR,https://colostate.edu/,40.574805,-105.080732,25148
126827,Colorado Technical University-Colorado Springs,colorado-technical-university-colorado-springs,Colorado Springs,CO,80907-3812,FOUR_YEAR,https://www.coloradotech.edu/Colorado-Springs,38.895069,-104.85716,25932
126863,Community College of Aurora,community-college-of-aurora,Aurora,CO,80011-9036,TWO_YEAR,https://www.ccaurora.edu/,39.71788,-104.802673,3346
126942,Community College of Denver,community-college-of-denver,Denver,CO,80204-2026,TWO_YEAR,https://www.ccd.edu/,39.741413,-105.001044,5156
127060,University of Denver,university-of-denver,Denver,CO,80208,FOUR_YEAR,https://www.du.edu/,39.678005,-104.963259,6059
127185,Fort Lewis College,fort-lewis-college,Durango,CO,81301-3999,FOUR_YEAR,https://fortlewis.edu/,37.275939,-107.867422,3070
127389,Lamar Community College,lamar-community-college,Lamar,CO,81052-3999,TWO_YEAR,https://www.lamarcc.edu/,38.068886,-102.616144,406
127556,Colorado Mesa University,colorado-mesa-university,Grand Junction,CO,81501-3122,FOUR_YEAR,https://www.coloradomesa.edu/,39.080643,-108.553275,7604
127565,Metropolitan State University of Denver,metropolitan-state-university-of-denver,Denver,CO,80217-3362,FOUR_YEAR,https://www.msudenver.edu/,39.744202,-105.00504,14932
127653,Naropa University,naropa-university,Boulder,CO,80302-6697,FOUR_YEAR,https://www.naropa.edu/,40.014235,-105.266987,368
127714,Nazarene Bible College,nazarene-bible-college,Colorado Springs,CO,80909,FOUR_YEAR,https://www.nbc.edu/,38.862354,-104.758064,336
127741,University of Northern Colorado,university-of-northern-colorado,Greeley,CO,80639,FOUR_YEAR,https://www.unco.edu/,40.410855,-104.692777,5693
127820,Pikes Peak State College,pikes-peak-state-college,Colorado Springs,CO,80906-5498,TWO_YEAR,https://www.pikespeak.edu/,38.764287,-104.787261,9307
127918,Regis University,regis-university,Denver,CO,80221-1099,FOUR_YEAR,https://www.regis.edu/,39.788175,-105.030756,2599
127945,Rocky Mountain College of Art and Design,rocky-mountain-college-of-art-and-design,Lakewood,CO,80214,FOUR_YEAR,https://www.rmcad.edu/,39.74332,-105.069911,1878
128106,Colorado State University Pueblo,colorado-state-university-pueblo,Pueblo,CO,81001-4901,FOUR_YEAR,https://www.csupueblo.edu/,38.30859,-104.579033,3028
128328,United States Air Force Academy,united-states-air-force-academy,USAF Academy,CO,80840-5002,FOUR_YEAR,https://www.usafa.edu/,39.010957,-104.891358,4124
128391,Western Colorado University,western-colorado-university,Gunnison,CO,81231,FOUR_YEAR,https://www.western.edu/,38.549936,-106.919132,1653
128498,Albertus Magnus College,albertus-magnus-college,New Haven,CT,06511-1189,FOUR_YEAR,https://www.albertus.edu/,41.332519,-72.923848,882
128586,Bais Binyomin Academy,bais-binyomin-academy,Monsey,NY,10952,TWO_YEAR,https://baisbinyominacademy.com/,41.123013,-74.078802,50
128744,University of Bridgeport,university-of-bridgeport,Bridgeport,CT,06604-5620,FOUR_YEAR,https://www.bridgeport.edu/,41.164741,-73.190166,1450
128771,Central Connecticut State University,central-connecticut-state-university,New Britain,CT,06050,FOUR_YEAR,https://www.ccsu.edu/,41.692502,-72.765991,7670
128780,Charter Oak State College,charter-oak-state-college,New Britain,CT,06051,FOUR_YEAR,https://www.charteroak.edu/,41.666848,-72.781239,1620
128902,Connecticut College,connecticut-college,New London,CT,06320-4196,FOUR_YEAR,https://www.conncoll.edu/,41.379833,-72.107321,1960
129020,University of Connecticut,university-of-connecticut,Storrs,CT,06269,FOUR_YEAR,https://uconn.edu/,41.809098,-72.249948,19147
129154,Goodwin University,goodwin-university,East Hartford,CT,06118,TWO_YEAR,https://www.goodwin.edu/,41.742977,-72.64032,2761
129215,Eastern Connecticut State University,eastern-connecticut-state-university,Willimantic,CT,06226,FOUR_YEAR,https://www.easternct.edu/,41.721673,-72.218753,3377
129242,Fairfield University,fairfield-university,Fairfield,CT,06824-5195,FOUR_YEAR,https://fairfield.edu/,41.157673,-73.255903,4938
129367,Connecticut State Community College,connecticut-state-community-college,New Britain,CT,06051,TWO_YEAR,https://ctstate.edu/,41.768397,-72.672734,32292
129525,University of Hartford,university-of-hartford,West Hartford,CT,06117-1599,FOUR_YEAR,https://www.hartford.edu/,41.798591,-72.715213,4032
129534,Holy Apostles College and Seminary,holy-apostles-college-and-seminary,Cromwell,CT,06416-2005,FOUR_YEAR,https://www.holyapostles.edu/,41.60682,-72.647853,203
129774,Mitchell College,mitchell-college,New London,CT,06320,FOUR_YEAR,https://www.mitchell.edu/,41.328013,-72.09523,421
129941,University of New Haven,university-of-new-haven,West Haven,CT,06516-1916,FOUR_YEAR,https://www.newhaven.edu/,41.291314,-72.961472,4799
130110,Paier College,paier-college,Bridgeport,CT,06606,FOUR_YEAR,https://www.paier.edu/,41.163451,-73.194727,183
130183,Post University,post-university,Waterbury,CT,06723,FOUR_YEAR,https://www.post.edu/,41.535549,-73.081497,18975
130226,Quinnipiac University,quinnipiac-university,Hamden,CT,06518,FOUR_YEAR,https://www.qu.edu/,41.418915,-72.894117,6208
130253,Sacred Heart University,sacred-heart-university,Fairfield,CT,06825-1000,FOUR_YEAR,https://www.sacredheart.edu/,41.220893,-73.243332,6904
130314,University of Saint Joseph,university-of-saint-joseph,West Hartford,CT,06117,FOUR_YEAR,https://www.usj.edu/,41.781041,-72.72965,825
130493,Southern Connecticut State University,southern-connecticut-state-university,New Haven,CT,06515-1355,FOUR_YEAR,https://www.southernct.edu/,41.333225,-72.947897,6180
130590,Trinity College,trinity-college,Hartford,CT,06106-3100,FOUR_YEAR,https://www.trincoll.edu/,41.747451,-72.690882,2193
130624,United States Coast Guard Academy,united-states-coast-guard-academy,New London,CT,06320,FOUR_YEAR,https://www.uscga.edu/,41.375823,-72.101583,1081
130697,Wesleyan University,wesleyan-university,Middletown,CT,06459,FOUR_YEAR,https://www.wesleyan.edu/,41.554665,-72.657146,2973
130776,Western Connecticut State University,western-connecticut-state-university,Danbury,CT,06810-6826,FOUR_YEAR,https://www.wcsu.edu/,41.400365,-73.444264,3434
130794,Yale University,yale-university,New Haven,CT,06520,FOUR_YEAR,https://www.yale.edu/,41.311158,-72.926688,6811
130907,Delaware Technical Community College-Terry,delaware-technical-community-college-terry,Dover,DE,19901,TWO_YEAR,https://www.dtcc.edu/,39.198371,-75.56012,11012
130934,Delaware State University,delaware-state-university,Dover,DE,19901,FOUR_YEAR,https://www.desu.edu/,39.187173,-75.54053,4630
130943,University of Delaware,university-of-delaware,Newark,DE,19716,FOUR_YEAR,https://www.udel.edu/,39.679577,-75.752822,18812
130989,Goldey-Beacom College,goldey-beacom-college,Wilmington,DE,19808,FOUR_YEAR,https://www.gbc.edu/,39.741501,-75.689624,634
131113,Wilmington University,wilmington-university,New Castle,DE,19720,FOUR_YEAR,https://www.wilmu.edu/,39.682299,-75.586998,8497
131159,American University,american-university,Washington,DC,20016-8001,FOUR_YEAR,https://www.american.edu/,38.936005,-77.088875,7593
131283,The Catholic University of America,the-catholic-university-of-america,Washington,DC,20064,FOUR_YEAR,https://www.catholic.edu/,38.933651,-76.997909,3063
131399,University of the District of Columbia,university-of-the-district-of-columbia,Washington,DC,20008,FOUR_YEAR,https://www.udc.edu/,38.943819,-77.066247,3080
131450,Gallaudet University,gallaudet-university,Washington,DC,20002-3695,FOUR_YEAR,https://gallaudet.edu/,38.907371,-76.993675,879
131469,George Washington University,george-washington-university,Washington,DC,20052,FOUR_YEAR,https://www.gwu.edu/,38.89923,-77.048363,10848
131496,Georgetown University,georgetown-university,Washington,DC,20057-0001,FOUR_YEAR,https://www.georgetown.edu/,38.908809,-77.073463,7462
131520,Howard University,howard-university,Washington,DC,20059,FOUR_YEAR,https://www.howard.edu/,38.922392,-77.018966,9604
131803,Strayer University-District of Columbia,strayer-university-district-of-columbia,Washington,DC,20005,FOUR_YEAR,https://www.strayer.edu/campus-locations/district-columbia/washington,38.904881,-77.034133,309
131876,Trinity Washington University,trinity-washington-university,Washington,DC,20017-1094,FOUR_YEAR,https://www2.trinitydc.edu/,38.927398,-77.004261,1415
132408,Baptist University of Florida,baptist-university-of-florida,Graceville,FL,32440,FOUR_YEAR,https://www.buf.edu/,30.962708,-85.503931,248
132471,Barry University,barry-university,Miami,FL,33161-6695,FOUR_YEAR,https://www.barry.edu/,25.878908,-80.198925,2245
132602,Bethune-Cookman University,bethune-cookman-university,Daytona Beach,FL,32114-3099,FOUR_YEAR,https://www.cookman.edu/,29.207195,-81.032946,2414
132657,Lynn University,lynn-university,Boca Raton,FL,33431-5598,FOUR_YEAR,https://www.lynn.edu/,26.385985,-80.122806,2820
132693,Eastern Florida State College,eastern-florida-state-college,Melbourne,FL,32935,TWO_YEAR,https://www.easternflorida.edu/,28.170002,-80.670781,10162
132709,Broward College,broward-college,Fort Lauderdale,FL,33301,TWO_YEAR,https://www.broward.edu/,26.119422,-80.14183,23799
132842,Albizu University-Miami,albizu-university-miami,Miami,FL,33172-2209,FOUR_YEAR,https://www.albizu.edu/,25.795181,-80.354942,225
132879,Johnson University Florida,johnson-university-florida,Kissimmee,FL,34744,FOUR_YEAR,https://johnsonu.edu/,28.302547,-81.363053,136
132903,University of Central Florida,university-of-central-florida,Orlando,FL,32816,FOUR_YEAR,https://www.ucf.edu/,28.602159,-81.200889,59095
133021,Chipola College,chipola-college,Marianna,FL,32446-2053,TWO_YEAR,https://www.chipola.edu/,30.789228,-85.23139,1218
133386,Daytona State College,daytona-state-college,Daytona Beach,FL,32114,TWO_YEAR,https://www.daytonastate.edu/,29.20278,-81.049513,9367
133465,South University-West Palm Beach,south-university-west-palm-beach,Royal Palm Beach,FL,33411,FOUR_YEAR,"https://www.southuniversity.edu/west-palm-beach#location=West Palm Beach, FL",26.69215,-80.200219,284
133492,Eckerd College,eckerd-college,Saint Petersburg,FL,33711-4700,FOUR_YEAR,https://www.eckerd.edu/,27.715798,-82.687043,1984
133508,Florida SouthWestern State College,florida-southwestern-state-college,Fort Myers,FL,33919,TWO_YEAR,https://www.fsw.edu/,26.552403,-81.887102,10613
133526,Edward Waters University,edward-waters-university,Jacksonville,FL,32209,FOUR_YEAR,https://www.ew.edu/,30.34479,-81.684879,1113
133553,Embry-Riddle Aeronautical University-Daytona Beach,embry-riddle-aeronautical-university-daytona-beach,Daytona Beach,FL,32114-3900,FOUR_YEAR,https://daytonabeach.erau.edu/,29.189903,-81.048367,7535
133650,Florida Agricultural and Mechanical University,florida-agricultural-and-mechanical-university,Tallahassee,FL,32307,FOUR_YEAR,https://www.famu.edu/,30.428504,-84.290226,7516
133669,Florida Atlantic University,florida-atlantic-university,Boca Raton,FL,33431-0991,FOUR_YEAR,https://www.fau.edu/,26.372421,-80.102978,23458
133702,Florida State College at Jacksonville,florida-state-college-at-jacksonville,Jacksonville,FL,32202,TWO_YEAR,https://www.fscj.edu/,30.334918,-81.659901,17739
133711,Flagler College,flagler-college,Saint Augustine,FL,32084,FOUR_YEAR,https://www.flagler.edu/,29.892733,-81.314887,2404
133809,Florida College,florida-college,Temple Terrace,FL,33617,TWO_YEAR,https://www.floridacollege.edu/,28.034936,-82.383289,589
133872,AdventHealth University,adventhealth-university,Orlando,FL,32803,FOUR_YEAR,https://www.ahu.edu/,28.576142,-81.367687,1068
133881,Florida Institute of Technology,florida-institute-of-technology,Melbourne,FL,32901-6975,FOUR_YEAR,https://www.fit.edu/,28.065773,-80.623123,3235
133951,Florida International University,florida-international-university,Miami,FL,33199,FOUR_YEAR,https://www.fiu.edu/,25.75732,-80.373928,38761
133979,Florida Memorial University,florida-memorial-university,Miami Gardens,FL,33054-6199,FOUR_YEAR,https://www.fmuniv.edu/,25.918278,-80.270753,1299
134079,Florida Southern College,florida-southern-college,Lakeland,FL,33801-5698,FOUR_YEAR,https://www.flsouthern.edu/,28.032443,-81.948203,2607
134097,Florida State University,florida-state-university,Tallahassee,FL,32306-1037,FOUR_YEAR,https://www.fsu.edu/,30.443147,-84.295064,31812
134130,University of Florida,university-of-florida,Gainesville,FL,32611,FOUR_YEAR,https://www.ufl.edu/,29.64629,-82.347911,34102
134237,Full Sail University,full-sail-university,Winter Park,FL,32792-7429,FOUR_YEAR,https://www.fullsail.edu/,28.596546,-81.301286,25195
134343,Gulf Coast State College,gulf-coast-state-college,Panama City,FL,32401,TWO_YEAR,https://gulfcoast.edu/,30.185542,-85.727918,3614
134422,Key College,key-college,Fort Lauderdale,FL,33306-1801,TWO_YEAR,https://www.keycollege.edu/,26.166983,-80.108183,16
134495,Hillsborough Community College,hillsborough-community-college,Tampa,FL,33606-3584,TWO_YEAR,https://www.hccfl.edu/,27.934888,-82.456253,19998
134510,Hobe Sound Bible College,hobe-sound-bible-college,Hobe Sound,FL,33455,FOUR_YEAR,https://hsbc.edu/,27.066304,-80.13184,125
134608,Indian River State College,indian-river-state-college,Fort Pierce,FL,34981-5596,TWO_YEAR,https://www.irsc.edu/,27.42416,-80.358682,11571
134945,Jacksonville University,jacksonville-university,Jacksonville,FL,32211-3394,FOUR_YEAR,https://www.ju.edu/index.php,30.353227,-81.60458,2649
135081,Keiser University-Ft Lauderdale,keiser-university-ft-lauderdale,Fort Lauderdale,FL,33309,TWO_YEAR,https://www.keiseruniversity.edu/,26.185869,-80.163959,17370
135188,Lake-Sumter State College,lake-sumter-state-college,Leesburg,FL,34788-8751,TWO_YEAR,https://www.lssc.edu/,28.828649,-81.797193,3572
135364,Luther Rice College & Seminary,luther-rice-college-seminary,Lithonia,GA,30038-9869,FOUR_YEAR,https://www.lutherrice.edu/,33.698126,-84.123179,195
135391,State College of Florida-Manatee-Sarasota,state-college-of-florida-manatee-sarasota,Bradenton,FL,34207,TWO_YEAR,https://www.scf.edu/,27.43804,-82.590887,7161
135610,Trinity International University-Florida,trinity-international-university-florida,Miami,FL,33186,FOUR_YEAR,https://tiu.edu/florida/,25.68307,-80.417646,69
135717,Miami Dade College,miami-dade-college,Miami,FL,33132-2204,TWO_YEAR,https://www.mdc.edu/,25.777717,-80.190856,35001
135726,University of Miami,university-of-miami,Coral Gables,FL,33146,FOUR_YEAR,https://www.miami.edu/,25.72126,-80.278662,12570
136145,North Florida College,north-florida-college,Madison,FL,32340,TWO_YEAR,https://www.nfc.edu/,30.473841,-83.420732,817
136172,University of North Florida,university-of-north-florida,Jacksonville,FL,32224-7699,FOUR_YEAR,https://www.unf.edu/,30.27194,-81.509144,13915
136215,Nova Southeastern University,nova-southeastern-university,Fort Lauderdale,FL,33328-2004,FOUR_YEAR,https://www.nova.edu/,26.082288,-80.249891,7171
136233,Northwest Florida State College,northwest-florida-state-college,Niceville,FL,32578-1295,TWO_YEAR,https://www.nwfsc.edu/,30.540017,-86.47456,3193
136330,Palm Beach Atlantic University,palm-beach-atlantic-university,West Palm Beach,FL,33401,FOUR_YEAR,https://www.pba.edu/,26.7044,-80.05247,2427
136358,Palm Beach State College,palm-beach-state-college,Lake Worth,FL,33461-4796,TWO_YEAR,https://www.palmbeachstate.edu/,26.61256,-80.08653,20532
136400,Pasco-Hernando State College,pasco-hernando-state-college,New Port Richey,FL,34654-5199,TWO_YEAR,https://www.phsc.edu/,28.2751,-82.646727,6933
136473,Pensacola State College,pensacola-state-college,Pensacola,FL,32504-8998,TWO_YEAR,https://www.pensacolastate.edu/,30.479267,-87.200265,6725
136516,Polk State College,polk-state-college,Winter Haven,FL,33881-4299,TWO_YEAR,https://www.polk.edu/,28.032411,-81.711873,5954
136774,Ringling College of Art and Design,ringling-college-of-art-and-design,Sarasota,FL,34234-5895,FOUR_YEAR,https://www.ringling.edu/,27.360931,-82.547803,1719
136950,Rollins College,rollins-college,Winter Park,FL,32789-4499,FOUR_YEAR,https://www.rollins.edu/,28.592787,-81.349239,2582
137032,Saint Leo University,saint-leo-university,Saint Leo,FL,33574-6665,FOUR_YEAR,https://www.saintleo.edu/,28.336776,-82.257801,6999
137078,St Petersburg College,st-petersburg-college,St. Petersburg,FL,33701,TWO_YEAR,https://www.spcollege.edu/,27.773264,-82.636587,18759
137096,Santa Fe College,santa-fe-college,Gainesville,FL,32606-6210,TWO_YEAR,https://www.sfcollege.edu/,29.681037,-82.433143,11133
137272,St. John Vianney College Seminary,st-john-vianney-college-seminary,Miami,FL,33165-3244,FOUR_YEAR,https://www.sjvcs.edu/,25.742579,-80.337411,18
137281,Saint Johns River State College,saint-johns-river-state-college,Palatka,FL,32177,TWO_YEAR,https://www.sjrstate.edu/,29.647516,-81.681387,3909
137315,South Florida State College,south-florida-state-college,Avon Park,FL,33825-9356,TWO_YEAR,https://www.southflorida.edu/,27.56974,-81.508667,2084
137351,University of South Florida,university-of-south-florida,Tampa,FL,33620-9951,FOUR_YEAR,https://www.usf.edu/,28.061458,-82.413232,36299
137476,St. Thomas University,st-thomas-university,Miami Gardens,FL,33054-6459,FOUR_YEAR,https://www.stu.edu/,25.922071,-80.253273,1963
137546,Stetson University,stetson-university,DeLand,FL,32723,FOUR_YEAR,https://www.stetson.edu/,29.035475,-81.300746,2292
137564,Southeastern University,southeastern-university,Lakeland,FL,33801-6034,FOUR_YEAR,https://www.seu.edu/,28.029733,-81.918382,4646
137759,Tallahassee State College,tallahassee-state-college,Tallahassee,FL,32304-2895,TWO_YEAR,https://www.tsc.fl.edu/,30.443866,-84.339,10357
137777,Talmudic College of Florida,talmudic-college-of-florida,Miami Beach,FL,33140-3854,FOUR_YEAR,https://www.talmudicu.edu/,25.811996,-80.136293,26
137847,The University of Tampa,the-university-of-tampa,Tampa,FL,33606-1490,FOUR_YEAR,https://www.ut.edu/,27.948455,-82.46483,10093
137953,Trinity Baptist College,trinity-baptist-college,Jacksonville,FL,32221,FOUR_YEAR,https://www.tbc.edu/,30.311171,-81.79626,363
137962,Trinity College of Florida,trinity-college-of-florida,Trinity,FL,34655-4401,FOUR_YEAR,https://trinitycollege.edu/,28.194732,-82.678318,187
138187,Valencia College,valencia-college,Orlando,FL,32811,TWO_YEAR,https://valenciacollege.edu/,28.520783,-81.464275,35125
138275,Warner University,warner-university,Lake Wales,FL,33859-8797,FOUR_YEAR,https://www.warner.edu/,27.825751,-81.599972,753
138293,Webber International University,webber-international-university,Babson Park,FL,33827-0096,FOUR_YEAR,https://www.webber.edu/,27.838778,-81.532315,879
138309,Rasmussen University-Florida,rasmussen-university-florida,Ocala,FL,34471,TWO_YEAR,https://rasmussen.edu/,29.175319,-82.15319,3034
138354,University of West Florida,university-of-west-florida,Pensacola,FL,32514-5750,FOUR_YEAR,https://uwf.edu/,30.549076,-87.218511,9042
138558,Abraham Baldwin Agricultural College,abraham-baldwin-agricultural-college,Tifton,GA,31793-2601,FOUR_YEAR,https://www.abac.edu/,31.481889,-83.528281,3218
138600,Agnes Scott College,agnes-scott-college,Decatur,GA,30030-3770,FOUR_YEAR,https://www.agnesscott.edu/,33.769268,-84.295459,898
138716,Albany State University,albany-state-university,Albany,GA,31705,FOUR_YEAR,https://www.asurams.edu/,31.56928,-84.141825,5829
138761,Andrew College,andrew-college,Cuthbert,GA,39840-5550,TWO_YEAR,https://www.andrewcollege.edu/,31.772321,-84.795021,287
138868,Point University,point-university,West Point,GA,31833,FOUR_YEAR,https://point.edu/,32.87912,-85.184931,2617
138901,Atlanta Metropolitan State College,atlanta-metropolitan-state-college,Atlanta,GA,30310-4448,TWO_YEAR,https://www.atlm.edu/,33.70893,-84.404659,1348
138947,Clark Atlanta University,clark-atlanta-university,Atlanta,GA,30314,FOUR_YEAR,https://www.cau.edu/,33.747628,-84.412584,3482
139144,Berry College,berry-college,Mount Berry,GA,30149,FOUR_YEAR,https://www.berry.edu/,34.290414,-85.189202,2213
139153,Beulah Heights University,beulah-heights-university,Atlanta,GA,30316,FOUR_YEAR,https://www.beulah.edu/,33.736993,-84.35768,158
139199,Brenau University,brenau-university,Gainesville,GA,30501-3668,FOUR_YEAR,https://www.brenau.edu/,34.303117,-83.821513,981
139205,Brewton-Parker College,brewton-parker-college,Mount Vernon,GA,30445,FOUR_YEAR,https://www.bpc.edu/,32.185718,-82.586136,684
139250,College of Coastal Georgia,college-of-coastal-georgia,Brunswick,GA,31520-3644,FOUR_YEAR,https://www.ccga.edu/,31.181983,-81.486169,2794
139311,Clayton  State University,clayton-state-university,Morrow,GA,30260-0285,FOUR_YEAR,https://www.clayton.edu/,33.594079,-84.328174,4390
139366,Columbus State University,columbus-state-university,Columbus,GA,31907-5645,FOUR_YEAR,https://www.columbusstate.edu/,32.50096,-84.94106,5537
139393,Covenant College,covenant-college,Lookout Mountain,GA,30750-4164,FOUR_YEAR,https://www.covenant.edu/,34.965161,-85.375066,858
139463,Dalton State College,dalton-state-college,Dalton,GA,30720-3797,FOUR_YEAR,https://www.daltonstate.edu/,34.774221,-85.002775,4419
139579,South University-Savannah,south-university-savannah,Savannah,GA,31406,FOUR_YEAR,"https://www.southuniversity.edu/savannah#location=Savannah, GA",31.999481,-81.105531,246
139621,East Georgia State College,east-georgia-state-college,Swainsboro,GA,30401,TWO_YEAR,https://www.ega.edu/,32.594944,-82.309021,1368
139630,Emmanuel University,emmanuel-university,Franklin Springs,GA,30639,FOUR_YEAR,https://www.ec.edu/,34.283641,-83.14822,719
139658,Emory University,emory-university,Atlanta,GA,30322,FOUR_YEAR,https://www.emory.edu/,33.790183,-84.325512,7275
139700,Georgia Highlands College,georgia-highlands-college,Rome,GA,30161-3897,TWO_YEAR,https://www.highlands.edu/,34.169791,-85.207356,4441
139719,Fort Valley State University,fort-valley-state-university,Fort Valley,GA,31030-4313,FOUR_YEAR,https://www.fvsu.edu/,32.537595,-83.89537,2541
139755,Georgia Institute of Technology-Main Campus,georgia-institute-of-technology-main-campus,Atlanta,GA,30332-0530,FOUR_YEAR,https://www.gatech.edu/,33.77242,-84.394832,18260
139764,Georgia Southwestern State University,georgia-southwestern-state-university,Americus,GA,31709-4693,FOUR_YEAR,https://gsw.edu/,32.054662,-84.217738,2291
139861,Georgia College & State University,georgia-college-state-university,Milledgeville,GA,31061,FOUR_YEAR,https://www.gcsu.edu/,33.082787,-83.231962,5599
139931,Georgia Southern University,georgia-southern-university,Statesboro,GA,30460-8126,FOUR_YEAR,https://www.georgiasouthern.edu/,32.426153,-81.784045,21029
139940,Georgia State University,georgia-state-university,Atlanta,GA,30303-3083,FOUR_YEAR,https://www.gsu.edu/,33.7527,-84.38667,27109
139959,University of Georgia,university-of-georgia,Athens,GA,30602,FOUR_YEAR,https://www.uga.edu/,33.956262,-83.374039,31310
139968,Gordon State College,gordon-state-college,Barnesville,GA,30204,TWO_YEAR,https://www.gordonstate.edu/,33.04571,-84.154508,2605
139995,Gupton Jones College of Funeral Service,gupton-jones-college-of-funeral-service,Decatur,GA,30035-4022,TWO_YEAR,https://www.gupton-jones.edu/,33.710709,-84.179775,451
140234,LaGrange College,lagrange-college,Lagrange,GA,30240-2999,FOUR_YEAR,https://www.lagrange.edu/,33.038564,-85.043113,566
140252,Life University,life-university,Marietta,GA,30060,FOUR_YEAR,https://www.life.edu/,33.932781,-84.514729,869
140340,Herzing University-Atlanta,herzing-university-atlanta,Atlanta,GA,30303,TWO_YEAR,https://www.herzing.edu/,33.754218,-84.387251,499
140447,Mercer University,mercer-university,Macon,GA,31207,FOUR_YEAR,https://www.mercer.edu/,32.829134,-83.649392,4620
140553,Morehouse College,morehouse-college,Atlanta,GA,30314,FOUR_YEAR,https://www.morehouse.edu/,33.745982,-84.414917,2736
140571,Morris Brown College,morris-brown-college,Atlanta,GA,30314-4140,FOUR_YEAR,https://www.morrisbrown.edu/,33.753707,-84.407668,338
140696,Oglethorpe University,oglethorpe-university,Atlanta,GA,30319-2797,FOUR_YEAR,https://oglethorpe.edu/,33.875441,-84.333687,1429
140720,Paine College,paine-college,Augusta,GA,30901-3182,FOUR_YEAR,https://www.paine.edu/,33.469545,-81.993225,338
140818,Piedmont University,piedmont-university,Demorest,GA,30535-0010,FOUR_YEAR,https://www.piedmont.edu/,34.566042,-83.542126,1235
140872,Reinhardt University,reinhardt-university,Waleska,GA,30183-2981,FOUR_YEAR,https://www.reinhardt.edu/,34.319756,-84.554264,1012
140951,Savannah College of Art and Design,savannah-college-of-art-and-design,Savannah,GA,31402-3146,FOUR_YEAR,https://www.scad.edu/,32.072964,-81.09395,14423
140960,Savannah State University,savannah-state-university,Savannah,GA,31404-5310,FOUR_YEAR,https://www.savannahstate.edu/,32.024781,-81.063377,2727
140988,Shorter University,shorter-university,Rome,GA,30165,FOUR_YEAR,https://www.shorter.edu/,34.257543,-85.196529,1091
141060,Spelman College,spelman-college,Atlanta,GA,30314-4399,FOUR_YEAR,https://www.spelman.edu/,33.745279,-84.411527,3633
141167,Thomas University,thomas-university,Thomasville,GA,31792,FOUR_YEAR,https://www.thomasu.edu/,30.815576,-83.963587,813
141185,Toccoa Falls College,toccoa-falls-college,Toccoa Falls,GA,30598,FOUR_YEAR,https://tfc.edu/,34.593414,-83.357617,820
141237,Truett McConnell University,truett-mcconnell-university,Cleveland,GA,30528,FOUR_YEAR,https://truett.edu/,34.596306,-83.748911,768
141264,Valdosta State University,valdosta-state-university,Valdosta,GA,31698,FOUR_YEAR,https://www.valdosta.edu/,30.847402,-83.289282,6858
141325,Wesleyan College,wesleyan-college,Macon,GA,31210-4462,FOUR_YEAR,https://www.wesleyancollege.edu/,32.876037,-83.715417,466
141334,University of West Georgia,university-of-west-georgia,Carrollton,GA,30118-0001,FOUR_YEAR,https://www.westga.edu/,33.573621,-85.097762,7485
141361,Young Harris College,young-harris-college,Young Harris,GA,30582,FOUR_YEAR,https://www.yhc.edu/,34.933523,-83.84587,810
141486,Chaminade University of Honolulu,chaminade-university-of-honolulu,Honolulu,HI,96816-1578,FOUR_YEAR,https://www.chaminade.edu/,21.28995,-157.807851,1648
141565,University of Hawaii at Hilo,university-of-hawaii-at-hilo,Hilo,HI,96720-4091,FOUR_YEAR,https://hilo.hawaii.edu/,19.701189,-155.080847,2260
141574,University of Hawaii at Manoa,university-of-hawaii-at-manoa,Honolulu,HI,96822-2217,FOUR_YEAR,https://manoa.hawaii.edu/,21.298598,-157.818979,14306
141644,Hawaii Pacific University,hawaii-pacific-university,Honolulu,HI,96813,FOUR_YEAR,https://www.hpu.edu/,21.310306,-157.859645,2502
141680,Honolulu Community College,honolulu-community-college,Honolulu,HI,96817-4505,TWO_YEAR,https://www.honolulu.hawaii.edu/,21.321785,-157.87,1897
141796,Kapiolani Community College,kapiolani-community-college,Honolulu,HI,96816-4421,TWO_YEAR,https://www.kapiolani.hawaii.edu/,21.27148,-157.800213,3955
141811,Leeward Community College,leeward-community-college,Pearl City,HI,96782-3366,TWO_YEAR,https://www.leeward.hawaii.edu/,21.39267,-157.983771,3382
141839,University of Hawaii Maui College,university-of-hawaii-maui-college,Kahului,HI,96732-1617,TWO_YEAR,https://maui.hawaii.edu/,20.88956,-156.477252,1635
141981,University of Hawaii-West Oahu,university-of-hawaii-west-oahu,Kapolei,HI,96707-4507,FOUR_YEAR,https://westoahu.hawaii.edu/,21.35531,-158.056403,2510
141990,Windward Community College,windward-community-college,Kaneohe,HI,96744-3528,TWO_YEAR,https://windward.hawaii.edu/,21.407051,-157.813307,1109
142090,Boise Bible College,boise-bible-college,Boise,ID,83714-1220,FOUR_YEAR,https://www.boisebible.edu/,43.658651,-116.291321,103
142115,Boise State University,boise-state-university,Boise,ID,83725,FOUR_YEAR,https://www.boisestate.edu/,43.604284,-116.203301,17081
142179,College of Eastern Idaho,college-of-eastern-idaho,Idaho Falls,ID,83404-5788,TWO_YEAR,https://www.cei.edu/,43.486041,-111.985519,1396
142276,Idaho State University,idaho-state-university,Pocatello,ID,83209,FOUR_YEAR,https://www.isu.edu/,42.863832,-112.432312,7260
142285,University of Idaho,university-of-idaho,Moscow,ID,83844-2282,FOUR_YEAR,https://www.uidaho.edu/,46.727406,-117.014167,7363
142294,The College of Idaho,the-college-of-idaho,Caldwell,ID,83605-4432,FOUR_YEAR,https://www.collegeofidaho.edu/,43.652284,-116.677992,1049
142328,Lewis-Clark State College,lewis-clark-state-college,Lewiston,ID,83501-2698,FOUR_YEAR,https://www.lcsc.edu/,46.412199,-117.024875,2277
142461,Northwest Nazarene University,northwest-nazarene-university,Nampa,ID,83686-5897,FOUR_YEAR,https://www.nnu.edu/,43.562411,-116.565783,1138
142522,Brigham Young University-Idaho,brigham-young-university-idaho,Rexburg,ID,83460-1690,FOUR_YEAR,https://www.byui.edu/,43.818408,-111.782431,42090
142559,College of Southern Idaho,college-of-southern-idaho,Twin Falls,ID,83301,TWO_YEAR,https://www.csi.edu/,42.579837,-114.473901,3476
142887,American Academy of Art College,american-academy-of-art-college,Chicago,IL,60604-4302,FOUR_YEAR,https://www.aaart.edu/,41.87742,-87.624788,90
142957,American Islamic College,american-islamic-college,Chicago,IL,60613,FOUR_YEAR,https://aicusa.edu/,41.954969,-87.646898,6
143048,School of the Art Institute of Chicago,school-of-the-art-institute-of-chicago,Chicago,IL,60603,FOUR_YEAR,https://www.saic.edu/,41.88105,-87.625758,2762
143084,Augustana College,augustana-college,Rock Island,IL,61201-2296,FOUR_YEAR,https://www.augustana.edu/,41.502365,-90.55057,2418
143118,Aurora University,aurora-university,Aurora,IL,60506-4892,FOUR_YEAR,https://aurora.edu/,41.753631,-88.349023,4021
143288,Blackburn College,blackburn-college,Carlinville,IL,62626,FOUR_YEAR,https://www.blackburn.edu/,39.287896,-89.870241,341
143297,Blessing Rieman College of Nursing and Health Sciences,blessing-rieman-college-of-nursing-and-health-sciences,Quincy,IL,62305-7005,FOUR_YEAR,https://www.brcn.edu/,39.949641,-91.357497,176
143358,Bradley University,bradley-university,Peoria,IL,61625-0001,FOUR_YEAR,https://www.bradley.edu/,40.696896,-89.616786,3865
143613,Carl Sandburg College,carl-sandburg-college,Galesburg,IL,61401,TWO_YEAR,https://www.sandburg.edu/,40.98128,-90.408203,1124
143978,The Chicago School at Chicago,the-chicago-school-at-chicago,Chicago,IL,60654,FOUR_YEAR,https://www.thechicagoschool.edu/in-the-community/locations/,41.888293,-87.63379,31
144005,Chicago State University,chicago-state-university,Chicago,IL,60628-1598,FOUR_YEAR,https://www.csu.edu/,41.718446,-87.609384,1414
144050,University of Chicago,university-of-chicago,Chicago,IL,60637,FOUR_YEAR,https://www.uchicago.edu/,41.787994,-87.599539,7540
144209,City Colleges of Chicago-Harold Washington College,city-colleges-of-chicago-harold-washington-college,Chicago,IL,60601-2449,TWO_YEAR,https://www.ccc.edu/colleges/washington/Pages/default.aspx,41.886067,-87.626596,4146
144218,City Colleges of Chicago-Wilbur Wright College,city-colleges-of-chicago-wilbur-wright-college,Chicago,IL,60634-1500,TWO_YEAR,https://www.ccc.edu/colleges/wright/pages/default.aspx,41.958774,-87.787868,4186
144281,Columbia College Chicago,columbia-college-chicago,Chicago,IL,60605-1996,FOUR_YEAR,https://www.colum.edu/,41.874261,-87.624667,6294
144351,Concordia University-Chicago,concordia-university-chicago,River Forest,IL,60305-1499,FOUR_YEAR,https://www.cuchicago.edu/,41.898696,-87.809482,1337
144740,DePaul University,depaul-university,Chicago,IL,60604,FOUR_YEAR,https://www.depaul.edu/,41.877618,-87.62724,14283
144865,College of DuPage,college-of-dupage,Glen Ellyn,IL,60137-6599,TWO_YEAR,https://www.cod.edu/,41.841577,-88.071635,15185
144883,East-West University,east-west-university,Chicago,IL,60605,FOUR_YEAR,https://www.eastwest.edu/,41.871309,-87.624793,528
144892,Eastern Illinois University,eastern-illinois-university,Charleston,IL,61920,FOUR_YEAR,https://www.eiu.edu/,39.479843,-88.175658,4398
144962,Elmhurst University,elmhurst-university,Elmhurst,IL,60126-3296,FOUR_YEAR,https://www.elmhurst.edu/,41.897164,-87.945369,2954
144971,Eureka College,eureka-college,Eureka,IL,61530,FOUR_YEAR,https://www.eureka.edu/,40.71482,-89.269624,522
145239,Fox College,fox-college,Tinley Park,IL,60477,TWO_YEAR,https://www.foxcollege.edu/,41.563842,-87.785169,239
145336,Governors State University,governors-state-university,University Park,IL,60484,FOUR_YEAR,https://www.govst.edu/,41.449103,-87.716441,2518
145372,Greenville University,greenville-university,Greenville,IL,62246,FOUR_YEAR,https://www.greenville.edu/,38.894162,-89.40824,873
145497,Hebrew Theological College,hebrew-theological-college,Skokie,IL,60077,FOUR_YEAR,https://www.htc.edu/,42.010103,-87.760874,81
145600,University of Illinois Chicago,university-of-illinois-chicago,Chicago,IL,60607,FOUR_YEAR,https://www.uic.edu/,41.871837,-87.650503,21814
145619,Benedictine University,benedictine-university,Lisle,IL,60532-0900,FOUR_YEAR,https://ben.edu/,41.777569,-88.097307,1817
145637,University of Illinois Urbana-Champaign,university-of-illinois-urbana-champaign,Champaign,IL,61820-5711,FOUR_YEAR,https://www.illinois.edu/,40.104718,-88.229114,34623
145646,Illinois Wesleyan University,illinois-wesleyan-university,Bloomington,IL,61702-2900,FOUR_YEAR,https://www.iwu.edu/,40.489901,-88.992014,1570
145682,Illinois Central College,illinois-central-college,East Peoria,IL,61635-0001,TWO_YEAR,https://icc.edu/,40.707235,-89.52485,4909
145691,Illinois College,illinois-college,Jacksonville,IL,62650-2299,FOUR_YEAR,https://www.ic.edu/,39.7313,-90.246171,925
145725,Illinois Institute of Technology,illinois-institute-of-technology,Chicago,IL,60616,FOUR_YEAR,https://www.iit.edu/,41.8313,-87.627321,2812
145813,Illinois State University,illinois-state-university,Normal,IL,61790-1000,FOUR_YEAR,https://illinoisstate.edu/,40.509403,-88.990058,18414
146205,John A Logan College,john-a-logan-college,Carterville,IL,62918-2500,TWO_YEAR,https://www.jalc.edu/,37.747453,-89.09021,2018
146278,John Wood Community College,john-wood-community-college,Quincy,IL,62305-8736,TWO_YEAR,https://www.jwcc.edu/,39.913741,-91.335828,1387
146339,Judson University,judson-university,Elgin,IL,60123-1498,FOUR_YEAR,https://www.judsonu.edu/,42.061754,-88.291336,780
146427,Knox College,knox-college,Galesburg,IL,61401,FOUR_YEAR,https://www.knox.edu/,40.943064,-90.373165,997
146481,Lake Forest College,lake-forest-college,Lake Forest,IL,60045-2338,FOUR_YEAR,https://www.lakeforest.edu/,42.249574,-87.827454,1782
146533,Lakeview College of Nursing,lakeview-college-of-nursing,Danville,IL,61832,FOUR_YEAR,https://lcn.edu/,40.13855,-87.644379,81
146612,Lewis University,lewis-university,Romeoville,IL,60446-2200,FOUR_YEAR,https://www.lewisu.edu/,41.605432,-88.079032,3665
146667,Lincoln Christian University,lincoln-christian-university,Lincoln,IL,62656-2111,FOUR_YEAR,https://www.lincolnchristian.edu/,40.148924,-89.346721,44
146719,Loyola University Chicago,loyola-university-chicago,Chicago,IL,60660,FOUR_YEAR,https://www.luc.edu/,42.000765,-87.656872,11576
146755,Trinity College of Nursing & Health Sciences,trinity-college-of-nursing-health-sciences,Rock Island,IL,61201-5317,FOUR_YEAR,https://www.trinitycollegeqc.edu/,41.484924,-90.568862,59
146816,Generations College,generations-college,Chicago,IL,60602-4405,TWO_YEAR,https://www.generations.edu/,41.881773,-87.626675,317
147013,McKendree University,mckendree-university,Lebanon,IL,62254-1291,FOUR_YEAR,https://www.mckendree.edu/,38.608154,-89.816822,1600
147129,Methodist College,methodist-college,Peoria,IL,61615,FOUR_YEAR,https://www.methodistcol.edu/,40.7804,-89.682864,374
147244,Millikin University,millikin-university,Decatur,IL,62522-2084,FOUR_YEAR,https://millikin.edu/,39.842612,-88.976298,1458
147341,Monmouth College,monmouth-college,Monmouth,IL,61462-1998,FOUR_YEAR,https://www.monmouthcollege.edu/,40.914824,-90.63731,725
147369,Moody Bible Institute,moody-bible-institute,Chicago,IL,60610-3284,FOUR_YEAR,https://www.moody.edu/,41.897822,-87.633459,1586
147396,Morrison Institute of Technology,morrison-institute-of-technology,Morrison,IL,61270-2959,TWO_YEAR,https://www.morrisontech.edu/,41.7971,-89.965963,54
147411,Morton College,morton-college,Cicero,IL,60804-4398,TWO_YEAR,https://www.morton.edu/,41.824303,-87.762306,2593
147536,National Louis University,national-louis-university,Chicago,IL,60603,FOUR_YEAR,https://www.nl.edu/,41.880093,-87.624699,4100
147590,National University of Health Sciences,national-university-of-health-sciences,Lombard,IL,60148-4583,FOUR_YEAR,https://www.nuhs.edu/,41.861697,-88.013171,22
147660,North Central College,north-central-college,Naperville,IL,60540,FOUR_YEAR,https://northcentralcollege.edu/,41.77576,-88.14279,2360
147679,North Park University,north-park-university,Chicago,IL,60625-4895,FOUR_YEAR,https://www.northpark.edu/,41.975268,-87.709948,1844
147703,Northern Illinois University,northern-illinois-university,Dekalb,IL,60115-2828,FOUR_YEAR,https://www.niu.edu/,41.933869,-88.766428,11277
147767,Northwestern University,northwestern-university,Evanston,IL,60208,FOUR_YEAR,https://www.northwestern.edu/,42.050356,-87.679858,8960
147776,Northeastern Illinois University,northeastern-illinois-university,Chicago,IL,60625-4699,FOUR_YEAR,https://www.neiu.edu/,41.980399,-87.718983,3869
147828,Olivet Nazarene University,olivet-nazarene-university,Bourbonnais,IL,60914-2271,FOUR_YEAR,https://www.olivet.edu/,41.155237,-87.875165,2485
148016,Principia College,principia-college,Elsah,IL,62028-9799,FOUR_YEAR,https://www.principiacollege.edu/,38.948835,-90.350285,337
148131,Quincy University,quincy-university,Quincy,IL,62301-2699,FOUR_YEAR,https://www.quincy.edu/,39.938898,-91.385975,1038
148380,Rock Valley College,rock-valley-college,Rockford,IL,61114-5699,TWO_YEAR,https://www.rockvalleycollege.edu/,42.306174,-88.993544,4362
148405,Rockford University,rockford-university,Rockford,IL,61108-2311,FOUR_YEAR,https://www.rockford.edu/,42.270639,-89.019536,956
148487,Roosevelt University,roosevelt-university,Chicago,IL,60605-1394,FOUR_YEAR,https://www.roosevelt.edu/,41.876055,-87.624952,2583
148496,Dominican University,dominican-university,River Forest,IL,60305,FOUR_YEAR,https://www.dom.edu/,41.902678,-87.823003,2271
148511,Rush University,rush-university,Chicago,IL,60612,FOUR_YEAR,https://www.rushu.rush.edu/,41.874742,-87.668581,120
148575,Saint Francis Medical Center College of Nursing,saint-francis-medical-center-college-of-nursing,Peoria,IL,61603-3783,FOUR_YEAR,https://www.sfmccon.edu/,40.701241,-89.590322,267
148584,University of St Francis,university-of-st-francis,Joliet,IL,60435-6188,FOUR_YEAR,https://www.stfrancis.edu/,41.532225,-88.096057,1292
148593,St. John's College-Department of Nursing,st-john-s-college-department-of-nursing,Springfield,IL,62702,FOUR_YEAR,https://www.hshs.org/stjohnscollege/,39.807602,-89.64532,76
148627,Saint Xavier University,saint-xavier-university,Chicago,IL,60655,FOUR_YEAR,https://www.sxu.edu/,41.707199,-87.714749,3030
148654,University of Illinois Springfield,university-of-illinois-springfield,Springfield,IL,62703-5407,FOUR_YEAR,https://www.uis.edu/,39.729524,-89.616796,2292
148876,St. Augustine College,st-augustine-college,Chicago,IL,60640-3501,TWO_YEAR,https://www.staugustine.edu/,41.972414,-87.662806,749
149028,Saint Anthony College of Nursing,saint-anthony-college-of-nursing,Rockford,IL,61114,FOUR_YEAR,https://www.sacn.edu/,42.310147,-88.991968,152
149222,Southern Illinois University-Carbondale,southern-illinois-university-carbondale,Carbondale,IL,62901-4512,FOUR_YEAR,https://siu.edu/,37.714193,-89.217273,8116
149231,Southern Illinois University Edwardsville,southern-illinois-university-edwardsville,Edwardsville,IL,62026-1259,FOUR_YEAR,https://www.siue.edu/,38.793949,-89.997779,8836
149310,Taylor Business Institute,taylor-business-institute,Chicago,IL,60602,TWO_YEAR,https://www.tbiil.edu/,41.881773,-87.626675,70
149329,Telshe Yeshiva-Chicago,telshe-yeshiva-chicago,Chicago,IL,60625,FOUR_YEAR,https://telsheyeshivachicago.com/,41.975536,-87.71755,78
149365,South Suburban College,south-suburban-college,South Holland,IL,60473-1200,TWO_YEAR,https://www.ssc.edu/,41.606427,-87.619123,2012
149505,Trinity Christian College,trinity-christian-college,Palos Heights,IL,60463-0929,FOUR_YEAR,https://www.trnty.edu/,41.667687,-87.783973,796
149514,Trinity International University-Illinois,trinity-international-university-illinois,Deerfield,IL,60015-1283,FOUR_YEAR,https://www.tiu.edu/,42.197945,-87.880851,140
149532,Triton College,triton-college,River Grove,IL,60171-1995,TWO_YEAR,https://www.triton.edu/,41.916082,-87.841056,6229
149639,VanderCook College of Music,vandercook-college-of-music,Chicago,IL,60616-3731,FOUR_YEAR,https://www.vandercook.edu/,41.836833,-87.629138,70
149727,Waubonsee Community College,waubonsee-community-college,Sugar Grove,IL,60554-9454,TWO_YEAR,https://www.waubonsee.edu/,41.795955,-88.459925,5499
149772,Western Illinois University,western-illinois-university,Macomb,IL,61455,FOUR_YEAR,https://www.wiu.edu/,40.468086,-90.686899,4939
149781,Wheaton College,wheaton-college,Wheaton,IL,60187-5593,FOUR_YEAR,https://www.wheaton.edu/,41.870176,-88.099643,2087
150066,Anderson University,anderson-university,Anderson,IN,46012-3495,FOUR_YEAR,https://anderson.edu/,40.112768,-85.664315,1070
150136,Ball State University,ball-state-university,Muncie,IN,47306,FOUR_YEAR,https://www.bsu.edu/,40.203431,-85.409043,13770
150145,Bethel University,bethel-university,Mishawaka,IN,46545-5591,FOUR_YEAR,https://betheluniversity.edu/,41.678399,-86.194686,1069
150163,Butler University,butler-university,Indianapolis,IN,46208,FOUR_YEAR,https://www.butler.edu/,39.8374,-86.172167,4383
150172,Calumet College of Saint Joseph,calumet-college-of-saint-joseph,Whiting,IN,46394,FOUR_YEAR,https://www.ccsj.edu/,41.671008,-87.494123,560
150251,College of Court Reporting Inc,college-of-court-reporting-inc,Valparaiso,IN,46385,TWO_YEAR,https://www.ccr.edu/,41.467574,-87.066331,183
150400,DePauw University,depauw-university,Greencastle,IN,46135-1772,FOUR_YEAR,https://www.depauw.edu/,39.640904,-86.860363,1804
150455,Earlham College,earlham-college,Richmond,IN,47374-4095,FOUR_YEAR,https://earlham.edu/,39.823431,-84.915037,612
150534,University of Evansville,university-of-evansville,Evansville,IN,47722,FOUR_YEAR,https://www.evansville.edu/,37.971549,-87.531644,1477
150604,Franklin College,franklin-college,Franklin,IN,46131-2623,FOUR_YEAR,https://www.franklincollege.edu/,39.478298,-86.047182,872
150668,Goshen College,goshen-college,Goshen,IN,46526-4794,FOUR_YEAR,https://www.goshen.edu/,41.563582,-85.827795,761
150677,Grace College and Theological Seminary,grace-college-and-theological-seminary,Winona Lake,IN,46590-1274,FOUR_YEAR,https://www.grace.edu/,41.22595,-85.814228,1511
150756,Hanover College,hanover-college,Hanover,IN,47243,FOUR_YEAR,https://www.hanover.edu/,38.715642,-85.460051,958
150774,Holy Cross College,holy-cross-college,Notre Dame,IN,46556-0308,FOUR_YEAR,https://www.hcc-nd.edu/,41.698996,-86.253822,533
150941,Huntington University,huntington-university,Huntington,IN,46750,FOUR_YEAR,https://www.huntington.edu/,40.898152,-85.497317,1016
151102,Purdue University Fort Wayne,purdue-university-fort-wayne,Fort Wayne,IN,46805-1499,FOUR_YEAR,https://www.pfw.edu/,41.117278,-85.108962,5450
151111,Indiana University-Indianapolis,indiana-university-indianapolis,Indianapolis,IN,46202-5143,FOUR_YEAR,https://indianapolis.iu.edu/,39.772948,-86.172217,16582
151263,University of Indianapolis,university-of-indianapolis,Indianapolis,IN,46227-3697,FOUR_YEAR,https://uindy.edu/,39.709571,-86.133969,3147
151290,Indiana Institute of Technology,indiana-institute-of-technology,Fort Wayne,IN,46803-1228,FOUR_YEAR,https://www.indianatech.edu/,41.078365,-85.116479,1361
151306,University of Southern Indiana,university-of-southern-indiana,Evansville,IN,47712,FOUR_YEAR,https://www.usi.edu/,37.962374,-87.677214,5344
151324,Indiana State University,indiana-state-university,Terre Haute,IN,47809,FOUR_YEAR,https://indianastate.edu/,39.469073,-87.407846,6620
151333,Indiana University-Kokomo,indiana-university-kokomo,Kokomo,IN,46902-9003,FOUR_YEAR,https://kokomo.iu.edu/,40.460062,-86.132048,2308
151342,Indiana University-South Bend,indiana-university-south-bend,South Bend,IN,46615-7111,FOUR_YEAR,https://southbend.iu.edu/,41.665324,-86.221991,3807
151351,Indiana University-Bloomington,indiana-university-bloomington,Bloomington,IN,47405-7000,FOUR_YEAR,https://bloomington.iu.edu/,39.16609,-86.526559,36571
151360,Indiana University-Northwest,indiana-university-northwest,Gary,IN,46408-1197,FOUR_YEAR,https://northwest.iu.edu/,41.557324,-87.337249,2582
151379,Indiana University-Southeast,indiana-university-southeast,New Albany,IN,47150,FOUR_YEAR,https://southeast.iu.edu/,38.345191,-85.819985,3088
151388,Indiana University-East,indiana-university-east,Richmond,IN,47374-1289,FOUR_YEAR,https://east.iu.edu/,39.868707,-84.881923,2446
151467,International Business College-Indianapolis,international-business-college-indianapolis,Indianapolis,IN,46256-3954,TWO_YEAR,https://www.ibcindianapolis.edu/,39.885628,-86.041648,145
151777,Manchester University,manchester-university,North Manchester,IN,46962,FOUR_YEAR,https://www.manchester.edu/,41.01154,-85.762249,895
151786,Marian University,marian-university,Indianapolis,IN,46222-1997,FOUR_YEAR,https://www.marian.edu/,39.813233,-86.202643,2336
151801,Indiana Wesleyan University-Marion,indiana-wesleyan-university-marion,Marion,IN,46953-4974,FOUR_YEAR,https://www.indwes.edu/,40.517937,-85.667503,1927
151810,Martin University,martin-university,Indianapolis,IN,46218-0567,FOUR_YEAR,https://www.martin.edu/,39.798144,-86.103953,164
151962,Mid-America College of Funeral Service,mid-america-college-of-funeral-service,Jeffersonville,IN,47130,TWO_YEAR,https://www.mid-america.edu/,38.31209,-85.744696,337
152080,University of Notre Dame,university-of-notre-dame,Notre Dame,IN,46556,FOUR_YEAR,https://www.nd.edu/,41.703058,-86.238959,8923
152099,Oakland City University,oakland-city-university,Oakland City,IN,47660-1099,FOUR_YEAR,https://www.oak.edu/,38.340891,-87.35144,470
152318,Rose-Hulman Institute of Technology,rose-hulman-institute-of-technology,Terre Haute,IN,47803-3920,FOUR_YEAR,https://www.rose-hulman.edu/,39.483602,-87.326749,2224
152336,University of Saint Francis-Fort Wayne,university-of-saint-francis-fort-wayne,Fort Wayne,IN,46808-3994,FOUR_YEAR,https://www.sf.edu/,41.087205,-85.177246,1599
152381,Saint Mary-of-the-Woods College,saint-mary-of-the-woods-college,Saint Mary of the Woods,IN,47876-1099,FOUR_YEAR,https://www.smwc.edu/,39.508546,-87.463791,896
152390,Saint Mary's College,saint-mary-s-college,Notre Dame,IN,46556,FOUR_YEAR,https://www.saintmarys.edu/,41.707274,-86.256947,1399
152530,Taylor University,taylor-university,Upland,IN,46989-1001,FOUR_YEAR,https://www.taylor.edu/,40.456246,-85.497034,1890
152567,Trine University,trine-university,Angola,IN,46703-1764,FOUR_YEAR,https://www.trine.edu/,41.632502,-85.008009,2344
152600,Valparaiso University,valparaiso-university,Valparaiso,IN,46383,FOUR_YEAR,https://www.valpo.edu/,41.462239,-87.040172,2229
152637,Vincennes University,vincennes-university,Vincennes,IN,47591,TWO_YEAR,https://www.vinu.edu/,38.686318,-87.523407,3739
152673,Wabash College,wabash-college,Crawfordsville,IN,47933-0352,FOUR_YEAR,https://www.wabash.edu/,40.037588,-86.906,845
152798,Allen College,allen-college,Waterloo,IA,50703-1999,FOUR_YEAR,https://www.allencollege.edu/,42.530084,-92.340148,279
152992,Briar Cliff University,briar-cliff-university,Sioux City,IA,51104,FOUR_YEAR,https://www.briarcliff.edu/,42.526443,-96.428444,626
153001,Buena Vista University,buena-vista-university,Storm Lake,IA,50588,FOUR_YEAR,https://www.bvu.edu/,42.642255,-95.208529,1378
153108,Central College,central-college,Pella,IA,50219,FOUR_YEAR,https://www.central.edu/,41.401539,-92.922199,1062
153126,Clarke University,clarke-university,Dubuque,IA,52001-3198,FOUR_YEAR,https://www.clarke.edu/,42.509475,-90.690487,782
153144,Coe College,coe-college,Cedar Rapids,IA,52402-5092,FOUR_YEAR,https://www.coe.edu/,41.988263,-91.658192,1246
153162,Cornell College,cornell-college,Mount Vernon,IA,52314,FOUR_YEAR,https://www.cornellcollege.edu/,41.924554,-91.423741,1074
153241,Divine Word College,divine-word-college,Epworth,IA,52045,FOUR_YEAR,https://www.dwci.edu/,42.441721,-90.934578,61
153250,Dordt University,dordt-university,Sioux Center,IA,51250-1606,FOUR_YEAR,https://www.dordt.edu/,43.082527,-96.166562,1547
153269,Drake University,drake-university,Des Moines,IA,50311-4505,FOUR_YEAR,https://www.drake.edu/,41.60129,-93.652163,2669
153278,University of Dubuque,university-of-dubuque,Dubuque,IA,52001,FOUR_YEAR,https://www.dbq.edu/,42.49726,-90.693428,1473
153296,Ellsworth Community College,ellsworth-community-college,Iowa Falls,IA,50126,TWO_YEAR,https://ecc.iavalley.edu/,42.527524,-93.265853,540
153311,Eastern Iowa Community College District,eastern-iowa-community-college-district,Davenport,IA,52801-1221,TWO_YEAR,https://www.eicc.edu/,41.522179,-90.574459,3244
153320,Faith Baptist Bible College and Theological Seminary,faith-baptist-bible-college-and-theological-seminary,Ankeny,IA,50023-2152,FOUR_YEAR,https://faith.edu/,41.737082,-93.624422,371
153366,Graceland University-Lamoni,graceland-university-lamoni,Lamoni,IA,50140,FOUR_YEAR,https://www.graceland.edu/,40.615966,-93.924893,901
153375,Grand View University,grand-view-university,Des Moines,IA,50316,FOUR_YEAR,https://www.grandview.edu/,41.620039,-93.600954,1472
153384,Grinnell College,grinnell-college,Grinnell,IA,50112-1690,FOUR_YEAR,https://www.grinnell.edu/,41.747952,-92.722094,1705
153445,Hawkeye Community College,hawkeye-community-college,Waterloo,IA,50701,TWO_YEAR,https://www.hawkeyecollege.edu/,42.430003,-92.330633,2528
153472,Indian Hills Community College,indian-hills-community-college,Ottumwa,IA,52501,TWO_YEAR,https://www.indianhills.edu/,41.045105,-92.394736,1635
153524,Iowa Central Community College,iowa-central-community-college,Fort Dodge,IA,50501,TWO_YEAR,https://www.iowacentral.edu/,42.490067,-94.20299,3107
153533,Iowa Lakes Community College,iowa-lakes-community-college,Estherville,IA,51334-2295,TWO_YEAR,https://www.iowalakes.edu/,43.401376,-94.835661,995
153603,Iowa State University,iowa-state-university,Ames,IA,50011-2103,FOUR_YEAR,https://www.iastate.edu/,42.026212,-93.648504,25033
153630,Iowa Western Community College,iowa-western-community-college,Council Bluffs,IA,51503-1057,TWO_YEAR,https://www.iwcc.edu/,41.272168,-95.797975,3029
153658,University of Iowa,university-of-iowa,Iowa City,IA,52242-1316,FOUR_YEAR,https://uiowa.edu/,41.661935,-91.536425,21691
153737,Kirkwood Community College,kirkwood-community-college,Cedar Rapids,IA,52406-2068,TWO_YEAR,https://www.kirkwood.edu/,41.911268,-91.651172,7438
153825,Loras College,loras-college,Dubuque,IA,52004-0178,FOUR_YEAR,https://www.loras.edu/,42.503908,-90.679023,1087
153834,Luther College,luther-college,Decorah,IA,52101-1045,FOUR_YEAR,https://www.luther.edu/,43.312304,-91.802809,1454
153861,Maharishi International University,maharishi-international-university,Fairfield,IA,52557,FOUR_YEAR,https://www.miu.edu/,41.017781,-91.967306,774
153977,Mercy College of Health Sciences,mercy-college-of-health-sciences,Des Moines,IA,50309-1239,FOUR_YEAR,https://www.mchs.edu/,41.594559,-93.626238,905
154004,Morningside University,morningside-university,Sioux City,IA,51106-1751,FOUR_YEAR,https://www.morningside.edu/,42.473891,-96.359464,1166
154013,Mount Mercy University,mount-mercy-university,Cedar Rapids,IA,52402-4797,FOUR_YEAR,https://www.mtmercy.edu/,42.001931,-91.650991,1135
154022,Ashford University,ashford-university,San Diego,CA,92123,FOUR_YEAR,https://www.uagc.edu/,32.8273,-117.141961,23734
154059,North Iowa Area Community College,north-iowa-area-community-college,Mason City,IA,50401,TWO_YEAR,https://www.niacc.edu/,43.157169,-93.13126,1271
154095,University of Northern Iowa,university-of-northern-iowa,Cedar Falls,IA,50614-0005,FOUR_YEAR,https://www.uni.edu/,42.514923,-92.459703,7599
154101,Northwestern College,northwestern-college,Orange City,IA,51041,FOUR_YEAR,https://www.nwciowa.edu/,42.999007,-96.058772,1125
154110,Northeast Iowa Community College,northeast-iowa-community-college,Calmar,IA,52132-0400,TWO_YEAR,https://www.nicc.edu/,43.17523,-91.867105,1736
154129,Northwest Iowa Community College,northwest-iowa-community-college,Sheldon,IA,51201,TWO_YEAR,https://www.nwicc.edu/,43.184701,-95.880639,856
154174,Palmer College of Chiropractic,palmer-college-of-chiropractic,Davenport,IA,52803-5287,FOUR_YEAR,https://www.palmer.edu/,41.529021,-90.574607,41
154235,Saint Ambrose University,saint-ambrose-university,Davenport,IA,52803-2898,FOUR_YEAR,https://www.sau.edu/,41.54065,-90.579854,2101
154262,St Luke's College,st-luke-s-college,Sioux City,IA,51104-0263,TWO_YEAR,https://www.stlukescollege.edu/,42.520081,-96.404724,192
154350,Simpson College,simpson-college,Indianola,IA,50125,FOUR_YEAR,https://simpson.edu/,41.365503,-93.563471,1130
154396,Southwestern Community College,southwestern-community-college,Creston,IA,50801,TWO_YEAR,https://www.swcciowa.edu/,41.073437,-94.380906,774
154493,Upper Iowa University,upper-iowa-university,Fayette,IA,52142-1857,FOUR_YEAR,https://www.uiu.edu/,42.838283,-91.799543,2021
154518,Waldorf University,waldorf-university,Forest City,IA,50436-1713,FOUR_YEAR,https://www.waldorf.edu/,43.262923,-93.641714,2103
154527,Wartburg College,wartburg-college,Waverly,IA,50677-0903,FOUR_YEAR,https://www.wartburg.edu/,42.7277,-92.483387,1446
154590,William Penn University,william-penn-university,Oskaloosa,IA,52577,FOUR_YEAR,https://www.wmpenn.edu/,41.310111,-92.647095,1391
154642,Allen County Community College,allen-county-community-college,Iola,KS,66749,TWO_YEAR,https://www.allencc.edu/,37.938038,-95.396377,761
154688,Baker University,baker-university,Baldwin City,KS,66006-0065,FOUR_YEAR,https://www.bakeru.edu/,38.778712,-95.187346,1080
154697,Barton County Community College,barton-county-community-college,Great Bend,KS,67530,TWO_YEAR,https://www.bartonccc.edu/,38.403529,-98.731648,2273
154712,Benedictine College,benedictine-college,Atchison,KS,66002-1499,FOUR_YEAR,https://www.benedictine.edu/,39.573079,-95.113858,2236
154721,Bethany College,bethany-college,Lindsborg,KS,67456-1897,FOUR_YEAR,https://www.bethanylb.edu/,38.580598,-97.67367,583
154749,Bethel College-North Newton,bethel-college-north-newton,North Newton,KS,67117-1716,FOUR_YEAR,https://www.bethelks.edu/,38.075169,-97.343256,499
154800,Butler Community College,butler-community-college,El Dorado,KS,67042-3280,TWO_YEAR,https://www.butlercc.edu/,37.806699,-96.882987,5694
154855,Central Christian College of Kansas,central-christian-college-of-kansas,McPherson,KS,67460-5740,FOUR_YEAR,https://www.centralchristian.edu/,38.357978,-97.668597,394
154925,Coffeyville Community College,coffeyville-community-college,Coffeyville,KS,67337,TWO_YEAR,https://www.coffeyville.edu/,37.033814,-95.621374,870
154998,Dodge City Community College,dodge-city-community-college,Dodge City,KS,67801-2399,TWO_YEAR,https://dc3.edu/,37.776891,-100.037481,1200
155007,Donnelly College,donnelly-college,Kansas City,KS,66102,TWO_YEAR,https://www.donnelly.edu/,39.112346,-94.649827,343
155025,Emporia State University,emporia-state-university,Emporia,KS,66801-5415,FOUR_YEAR,https://www.emporia.edu/,38.414784,-96.179021,2328
155061,Fort Hays State University,fort-hays-state-university,Hays,KS,67601-4099,FOUR_YEAR,https://www.fhsu.edu/,38.872156,-99.342503,9792
155070,Barclay College,barclay-college,Haviland,KS,67059-0288,FOUR_YEAR,https://www.barclaycollege.edu/,37.62012,-99.105351,161
155089,Friends University,friends-university,Wichita,KS,67213,FOUR_YEAR,https://www.friends.edu/,37.678459,-97.367048,1015
155140,Haskell Indian Nations University,haskell-indian-nations-university,Lawrence,KS,66046-4800,TWO_YEAR,https://www.haskell.edu/,38.938834,-95.232879,878
155177,Hesston College,hesston-college,Hesston,KS,67062-2093,TWO_YEAR,https://www.hesston.edu/,38.134558,-97.433883,308
155195,Hutchinson Community College,hutchinson-community-college,Hutchinson,KS,67501,TWO_YEAR,https://www.hutchcc.edu/,38.068035,-97.92135,2911
155201,Independence Community College,independence-community-college,Independence,KS,67301-0708,TWO_YEAR,https://www.indycc.edu/,37.195614,-95.720518,518
155210,Johnson County Community College,johnson-county-community-college,Overland Park,KS,66210-1299,TWO_YEAR,https://www.jccc.edu/,38.924125,-94.727798,10634
155308,Kansas Christian College,kansas-christian-college,Overland Park,KS,66204-1975,FOUR_YEAR,https://www.kansaschristian.edu/,38.994848,-94.666878,143
155317,University of Kansas,university-of-kansas,Lawrence,KS,66045,FOUR_YEAR,https://ku.edu/,38.958549,-95.247567,19857
155335,Newman University,newman-university,Wichita,KS,67213-2097,FOUR_YEAR,https://www.newmanu.edu/,37.672643,-97.37768,857
155399,Kansas State University,kansas-state-university,Manhattan,KS,66506,FOUR_YEAR,https://www.k-state.edu/,39.188648,-96.581077,14835
155414,Kansas Wesleyan University,kansas-wesleyan-university,Salina,KS,67401-6146,FOUR_YEAR,https://www.kwu.edu/,38.813795,-97.607973,894
155450,Labette Community College,labette-community-college,Parsons,KS,67357-4201,TWO_YEAR,https://www.labette.edu/,37.339062,-95.255368,766
155496,Manhattan Christian College,manhattan-christian-college,Manhattan,KS,66502-4801,FOUR_YEAR,https://www.mccks.edu/,39.184806,-96.579383,132
155511,McPherson College,mcpherson-college,McPherson,KS,67460-1402,FOUR_YEAR,https://www.mcpherson.edu/,38.371422,-97.642996,786
155520,MidAmerica Nazarene University,midamerica-nazarene-university,Olathe,KS,66062-1899,FOUR_YEAR,https://www.mnu.edu/,38.875244,-94.781526,977
155627,Ottawa University-Ottawa,ottawa-university-ottawa,Ottawa,KS,66067-3399,FOUR_YEAR,https://www.ottawa.edu/,38.603173,-95.264187,935
155636,Ottawa University-Kansas City,ottawa-university-kansas-city,Overland Park,KS,66211,FOUR_YEAR,https://www.ottawa.edu/,38.932055,-94.635461,223
155681,Pittsburg State University,pittsburg-state-university,Pittsburg,KS,66762,FOUR_YEAR,https://www.pittstate.edu/,37.392071,-94.702473,4162
155812,University of Saint Mary,university-of-saint-mary,Leavenworth,KS,66048-5082,FOUR_YEAR,https://www.stmary.edu/,39.279396,-94.906743,889
155900,Southwestern College,southwestern-college-ks,Winfield,KS,67156-2499,FOUR_YEAR,https://www.sckans.edu/,37.248608,-96.975405,1026
155937,Sterling College,sterling-college,Sterling,KS,67579,FOUR_YEAR,https://www.sterling.edu/,38.219937,-98.208644,569
155973,Tabor College,tabor-college,Hillsboro,KS,67063-1799,FOUR_YEAR,https://tabor.edu/,38.34858,-97.199773,530
156082,Washburn University,washburn-university,Topeka,KS,66621,FOUR_YEAR,https://www.washburn.edu/,39.033778,-95.702222,4093
156125,Wichita State University,wichita-state-university,Wichita,KS,67260-0124,FOUR_YEAR,https://www.wichita.edu/,37.718882,-97.292361,10493
156189,Alice Lloyd College,alice-lloyd-college,Pippa Passes,KY,41844,FOUR_YEAR,https://www.alc.edu/,37.335087,-82.875068,528
156213,Asbury University,asbury-university,Wilmore,KY,40390-1198,FOUR_YEAR,https://www.asbury.edu/,37.862029,-84.662606,1369
156286,Bellarmine University,bellarmine-university,Louisville,KY,40205-0671,FOUR_YEAR,https://www.bellarmine.edu/,38.219279,-85.704997,2286
156295,Berea College,berea-college,Berea,KY,40404-2182,FOUR_YEAR,https://www.berea.edu/,37.57202,-84.292893,1472
156356,Brescia University,brescia-university,Owensboro,KY,42301-3023,FOUR_YEAR,https://www.brescia.edu/,37.769041,-87.111639,538
156365,Campbellsville University,campbellsville-university,Campbellsville,KY,42718-2799,FOUR_YEAR,https://www.campbellsville.edu/,37.343342,-85.348943,2641
156408,Centre College,centre-college,Danville,KY,40422-1394,FOUR_YEAR,https://www.centre.edu/,37.645709,-84.779392,1346
156417,Clear Creek Baptist Bible College,clear-creek-baptist-bible-college,Pineville,KY,40977-9752,FOUR_YEAR,https://ccbbc.edu/,36.725236,-83.727702,132
156471,Galen College of Nursing-Louisville,galen-college-of-nursing-louisville,Louisville,KY,40245,FOUR_YEAR,https://www.galencollege.edu/louisville,38.281333,-85.499039,4184
156541,University of the Cumberlands,university-of-the-cumberlands,Williamsburg,KY,40769,FOUR_YEAR,https://www.ucumberlands.edu/,36.737048,-84.161646,5468
156620,Eastern Kentucky University,eastern-kentucky-university,Richmond,KY,40475-3102,FOUR_YEAR,https://www.eku.edu/,37.740845,-84.300796,11674
156745,Georgetown College,georgetown-college,Georgetown,KY,40324-1696,FOUR_YEAR,https://www.georgetowncollege.edu/,38.207615,-84.553767,1180
157021,American National University-Pikeville,american-national-university-pikeville,Pikeville,KY,41501-1520,TWO_YEAR,https://www.an.edu/locations/,37.472423,-82.528212,229
157030,Kentucky Mountain Bible College,kentucky-mountain-bible-college,Jackson,KY,41339,FOUR_YEAR,https://www.kmbc.edu/,37.603443,-83.438765,72
157058,Kentucky State University,kentucky-state-university,Frankfort,KY,40601-2355,FOUR_YEAR,https://www.kysu.edu/,38.201427,-84.855402,1317
157076,Kentucky Wesleyan College,kentucky-wesleyan-college,Owensboro,KY,42301,FOUR_YEAR,https://kwc.edu/,37.744489,-87.119658,794
157085,University of Kentucky,university-of-kentucky,Lexington,KY,40506-0032,FOUR_YEAR,https://www.uky.edu/,38.038911,-84.504747,23189
157100,Kentucky Christian University,kentucky-christian-university,Grayson,KY,41143-1199,FOUR_YEAR,https://www.kcu.edu/,38.338805,-82.945561,438
157216,Lindsey Wilson College,lindsey-wilson-college,Columbia,KY,42728-1223,FOUR_YEAR,https://www.lindsey.edu/,37.101502,-85.299997,1649
157289,University of Louisville,university-of-louisville,Louisville,KY,40292-0001,FOUR_YEAR,https://www.louisville.edu/,38.216862,-85.760412,14187
157377,Midway University,midway-university,Midway,KY,40347-1120,FOUR_YEAR,https://www.midway.edu/,38.146126,-84.678142,1250
157386,Morehead State University,morehead-state-university,Morehead,KY,40351,FOUR_YEAR,https://www.moreheadstate.edu/,38.186768,-83.434021,4689
157401,Murray State University,murray-state-university,Murray,KY,42071-3318,FOUR_YEAR,https://www.murraystate.edu/,36.612419,-88.323629,6646
157447,Northern Kentucky University,northern-kentucky-university,Highland Heights,KY,41099,FOUR_YEAR,https://www.nku.edu/,39.029714,-84.463483,8065
157535,University of Pikeville,university-of-pikeville,Pikeville,KY,41501,FOUR_YEAR,https://www.upike.edu/,37.479232,-82.521063,1140
157748,The Southern Baptist Theological Seminary,the-southern-baptist-theological-seminary,Louisville,KY,40280-0001,FOUR_YEAR,https://www.sbts.edu/,38.248216,-85.687649,844
157757,Spalding University,spalding-university,Louisville,KY,40203-2188,FOUR_YEAR,https://www.spalding.edu/,38.242407,-85.757725,597
157793,Sullivan University,sullivan-university,Louisville,KY,40205,TWO_YEAR,https://www.sullivan.edu/,38.212824,-85.670489,2498
157809,Thomas More University,thomas-more-university,Crestview Hills,KY,41017-3495,FOUR_YEAR,https://www.thomasmore.edu/,39.022963,-84.568923,1305
157818,Transylvania University,transylvania-university,Lexington,KY,40508-1797,FOUR_YEAR,https://www.transy.edu/,38.052983,-84.493202,1014
157863,Union Commonwealth University,union-commonwealth-university,Barbourville,KY,40906-1499,FOUR_YEAR,https://www.unionky.edu/,36.870875,-83.888477,736
157951,Western Kentucky University,western-kentucky-university,Bowling Green,KY,42101-1000,FOUR_YEAR,https://www.wku.edu/,36.985035,-86.456828,12267
158477,Centenary College of Louisiana,centenary-college-of-louisiana,Shreveport,LA,71104,FOUR_YEAR,https://www.centenary.edu/,32.483335,-93.730834,615
158802,Dillard University,dillard-university,New Orleans,LA,70122,FOUR_YEAR,https://www.dillard.edu/,29.996587,-90.06464,1111
159009,Grambling State University,grambling-state-university,Grambling,LA,71245,FOUR_YEAR,https://www.gram.edu/,32.523797,-92.713245,4144
159197,ITI Technical College,iti-technical-college,Baton Rouge,LA,70817,TWO_YEAR,https://www.iticollege.edu/,30.369764,-91.030485,513
159373,Louisiana State University Health Sciences Center-New Orleans,louisiana-state-university-health-sciences-center-new-orleans,New Orleans,LA,70112-2223,FOUR_YEAR,https://www.lsuhsc.edu/,29.957272,-90.083145,843
159382,Louisiana State University-Alexandria,louisiana-state-university-alexandria,Alexandria,LA,71302-9121,FOUR_YEAR,https://www.lsua.edu/,31.178616,-92.414409,4414
159391,Louisiana State University and Agricultural & Mechanical College,louisiana-state-university-and-agricultural-mechanical-college,Baton Rouge,LA,70803-2750,FOUR_YEAR,https://www.lsu.edu/,30.414986,-91.178921,29207
159407,Louisiana State University-Eunice,louisiana-state-university-eunice,Eunice,LA,70535,TWO_YEAR,https://www.lsue.edu/,30.473292,-92.434523,2617
159416,Louisiana State University-Shreveport,louisiana-state-university-shreveport,Shreveport,LA,71115-2399,FOUR_YEAR,https://www.lsus.edu/,32.428465,-93.70561,2150
159568,Louisiana Christian University,louisiana-christian-university,Pineville,LA,71359,FOUR_YEAR,https://www.lcuniversity.edu/,31.324528,-92.425973,750
159647,Louisiana Tech University,louisiana-tech-university,Ruston,LA,71272,FOUR_YEAR,https://www.latech.edu/,32.528297,-92.649963,7819
159656,Loyola University New Orleans,loyola-university-new-orleans,New Orleans,LA,70118-6143,FOUR_YEAR,https://www.loyno.edu/,29.936141,-90.120417,2999
159717,McNeese State University,mcneese-state-university,Lake Charles,LA,70605,FOUR_YEAR,https://www.mcneese.edu/,30.178187,-93.217222,4846
159939,University of New Orleans,university-of-new-orleans,New Orleans,LA,70148,FOUR_YEAR,https://new.uno.edu/,30.027704,-90.067142,4479
159966,Nicholls State University,nicholls-state-university,Thibodaux,LA,70310,FOUR_YEAR,https://www.nicholls.edu/,29.794486,-90.801571,4772
159993,University of Louisiana at Monroe,university-of-louisiana-at-monroe,Monroe,LA,71209-0000,FOUR_YEAR,https://www.ulm.edu/,32.527748,-92.07374,4891
160038,Northwestern State University of Louisiana,northwestern-state-university-of-louisiana,Natchitoches,LA,71497-0002,FOUR_YEAR,https://www.nsula.edu/,31.750666,-93.097797,5840
160065,University of Holy Cross,university-of-holy-cross,New Orleans,LA,70131-7399,FOUR_YEAR,https://uhcno.edu/,29.912003,-89.99445,405
160074,Franciscan Missionaries of Our Lady University,franciscan-missionaries-of-our-lady-university,Baton Rouge,LA,70808,FOUR_YEAR,https://www.franu.edu/,30.401379,-91.110587,826
160409,Saint Joseph Seminary College,saint-joseph-seminary-college,St. Benedict,LA,70457,FOUR_YEAR,https://www.sjasc.edu/,30.526778,-90.113621,91
160612,Southeastern Louisiana University,southeastern-louisiana-university,Hammond,LA,70402,FOUR_YEAR,https://www.southeastern.edu/,30.514652,-90.468676,9514
160621,Southern University and A & M College,southern-university-and-a-m-college,Baton Rouge,LA,70813,FOUR_YEAR,https://www.subr.edu/,30.524558,-91.190105,5323
160630,Southern University at New Orleans,southern-university-at-new-orleans,New Orleans,LA,70126,FOUR_YEAR,https://www.suno.edu/,30.026162,-90.044912,1095
160649,Southern University at Shreveport,southern-university-at-shreveport,Shreveport,LA,71107,TWO_YEAR,https://www.susla.edu/,32.545632,-93.834559,1974
160658,University of Louisiana at Lafayette,university-of-louisiana-at-lafayette,Lafayette,LA,70503,FOUR_YEAR,https://www.louisiana.edu/,30.212191,-92.020165,12269
160755,Tulane University of Louisiana,tulane-university-of-louisiana,New Orleans,LA,70118-5698,FOUR_YEAR,https://tulane.edu/,29.940069,-90.122144,7759
160904,Xavier University of Louisiana,xavier-university-of-louisiana,New Orleans,LA,70125-1098,FOUR_YEAR,https://www.xula.edu/,29.964162,-90.107307,2534
160959,College of the Atlantic,college-of-the-atlantic,Bar Harbor,ME,04609,FOUR_YEAR,https://www.coa.edu/,44.395258,-68.221517,358
160977,Bates College,bates-college,Lewiston,ME,04240,FOUR_YEAR,https://www.bates.edu/,44.105299,-70.203333,1753
160995,Beal University,beal-university,Bangor,ME,04401,TWO_YEAR,https://www.beal.edu/,44.786465,-68.785428,503
161004,Bowdoin College,bowdoin-college,Brunswick,ME,04011,FOUR_YEAR,https://www.bowdoin.edu/,43.907134,-69.963942,1846
161022,Maine College of Health Professions,maine-college-of-health-professions,Lewiston,ME,04240,TWO_YEAR,https://www.mchp.edu/,44.100458,-70.21732,228
161077,Central Maine Community College,central-maine-community-college,Auburn,ME,04210-6436,TWO_YEAR,https://www.cmcc.edu/,44.134346,-70.235498,2828
161086,Colby College,colby-college,Waterville,ME,04901-8840,FOUR_YEAR,https://www.colby.edu/,44.564211,-69.66337,2282
161138,Eastern Maine Community College,eastern-maine-community-college,Bangor,ME,04401,TWO_YEAR,https://www.emcc.edu/,44.826048,-68.74445,1692
161192,Kennebec Valley Community College,kennebec-valley-community-college,Fairfield,ME,04937-1367,TWO_YEAR,https://www.kvcc.me.edu/,44.594149,-69.61157,1538
161217,University of Maine at Augusta,university-of-maine-at-augusta,Augusta,ME,04330-9410,FOUR_YEAR,https://www.uma.edu/,44.337746,-69.796396,2759
161226,University of Maine at Farmington,university-of-maine-at-farmington,Farmington,ME,04938-9978,FOUR_YEAR,https://www.umf.maine.edu/,44.666911,-70.147121,1131
161235,University of Maine at Fort Kent,university-of-maine-at-fort-kent,Fort Kent,ME,04743-1292,FOUR_YEAR,https://www.umfk.maine.edu/,47.250389,-68.589319,638
161253,University of Maine,university-of-maine,Orono,ME,04469,FOUR_YEAR,https://www.umaine.edu/,44.899257,-68.669332,8341
161299,Maine Maritime Academy,maine-maritime-academy,Castine,ME,04420-0001,FOUR_YEAR,https://mainemaritime.edu/,44.389654,-68.804347,888
161341,University of Maine at Presque Isle,university-of-maine-at-presque-isle,Presque Isle,ME,04769-2888,FOUR_YEAR,https://www.umpi.edu/,46.672285,-68.016343,1362
161457,University of New England,university-of-new-england,Biddeford,ME,04005-9599,FOUR_YEAR,https://www.une.edu/,43.458591,-70.38535,2189
161484,Northern Maine Community College,northern-maine-community-college,Presque Isle,ME,04769-2016,TWO_YEAR,https://www.nmcc.edu/,46.694668,-68.034796,577
161509,Maine College of Art & Design,maine-college-of-art-design,Portland,ME,04101-3494,FOUR_YEAR,https://www.meca.edu/,43.655743,-70.261015,415
161518,Saint Joseph's College of Maine,saint-joseph-s-college-of-maine,Standish,ME,04084-5263,FOUR_YEAR,https://www.sjcme.edu/,43.826314,-70.483373,930
161545,Southern Maine Community College,southern-maine-community-college,South Portland,ME,04106-1698,TWO_YEAR,https://www.smccme.edu/,43.646649,-70.229182,5279
161554,University of Southern Maine,university-of-southern-maine,Portland,ME,04103,FOUR_YEAR,https://usm.maine.edu/,43.662863,-70.274247,4245
161563,Thomas College,thomas-college,Waterville,ME,04901-5097,FOUR_YEAR,https://www.thomas.edu/,44.524909,-69.664734,688
161572,Unity Environmental University,unity-environmental-university,New Gloucester,ME,04260,FOUR_YEAR,https://unity.edu/,43.905745,-70.257277,5619
161688,Allegany College of Maryland,allegany-college-of-maryland,Cumberland,MD,21502-2596,TWO_YEAR,https://www.allegany.edu/,39.652152,-78.730398,1743
161767,Anne Arundel Community College,anne-arundel-community-college,Arnold,MD,21012-1895,TWO_YEAR,https://www.aacc.edu/,39.049813,-76.512223,8570
161864,Baltimore City Community College,baltimore-city-community-college,Baltimore,MD,21215-7893,TWO_YEAR,https://www.bccc.edu/,39.319978,-76.662878,3234
161873,University of Baltimore,university-of-baltimore,Baltimore,MD,21201-5720,FOUR_YEAR,https://www.ubalt.edu/,39.305834,-76.616591,1276
162007,Bowie State University,bowie-state-university,Bowie,MD,20715-9465,FOUR_YEAR,https://www.bowiestate.edu/,39.018185,-76.759721,5207
162061,Capitol Technology University,capitol-technology-university,Laurel,MD,20708,FOUR_YEAR,https://www.captechu.edu/,39.046673,-76.850231,259
162104,Cecil College,cecil-college,North East,MD,21901-1900,TWO_YEAR,https://www.cecil.edu/,39.642225,-75.955949,1369
162122,College of Southern Maryland,college-of-southern-maryland,La Plata,MD,20646-0910,TWO_YEAR,https://www.csmd.edu/,38.55895,-77.009245,4422
162168,Chesapeake College,chesapeake-college,Wye Mills,MD,21679-0008,TWO_YEAR,https://www.chesapeake.edu/,38.952193,-76.083668,1275
162210,Washington Adventist University,washington-adventist-university,Takoma Park,MD,20912,FOUR_YEAR,https://www.wau.edu/,38.986349,-77.000608,522
162283,Coppin State University,coppin-state-university,Baltimore,MD,21216-3698,FOUR_YEAR,https://www.coppin.edu/,39.311258,-76.658687,1756
162557,Frederick Community College,frederick-community-college,Frederick,MD,21702-2964,TWO_YEAR,https://www.frederick.edu/,39.452241,-77.417849,4116
162584,Frostburg State University,frostburg-state-university,Frostburg,MD,21532-1099,FOUR_YEAR,https://www.frostburg.edu/,39.650918,-78.934293,2849
162609,Garrett College,garrett-college,McHenry,MD,21541,TWO_YEAR,https://www.garrettcollege.edu/index.php,39.560493,-79.342923,424
162654,Goucher College,goucher-college,Baltimore,MD,21204-2794,FOUR_YEAR,https://www.goucher.edu/,39.410175,-76.594843,948
162690,Hagerstown Community College,hagerstown-community-college,Hagerstown,MD,21742-6514,TWO_YEAR,https://www.hagerstowncc.edu/,39.631009,-77.667379,2783
162706,Harford Community College,harford-community-college,Bel Air,MD,21015-1698,TWO_YEAR,https://www.harford.edu/,39.56131,-76.282845,3628
162760,Hood College,hood-college,Frederick,MD,21701,FOUR_YEAR,https://www.hood.edu/,39.420631,-77.419049,1202
162779,Howard Community College,howard-community-college,Columbia,MD,21044-3197,TWO_YEAR,https://www.howardcc.edu/,39.213636,-76.877964,6779
162928,Johns Hopkins University,johns-hopkins-university,Baltimore,MD,21218-2688,FOUR_YEAR,https://www.jhu.edu/,39.328977,-76.621595,5617
163046,Loyola University Maryland,loyola-university-maryland,Baltimore,MD,21210-2699,FOUR_YEAR,https://www.loyola.edu/,39.346358,-76.621872,3975
163204,University of Maryland Global Campus,university-of-maryland-global-campus,Adelphi,MD,20783-8010,FOUR_YEAR,https://www.umgc.edu/,38.912706,-76.847584,48238
163259,University of Maryland Baltimore,university-of-maryland-baltimore,Baltimore,MD,21201-1627,FOUR_YEAR,https://www.umaryland.edu/,39.286864,-76.623983,959
163268,University of Maryland-Baltimore County,university-of-maryland-baltimore-county,Baltimore,MD,21250,FOUR_YEAR,https://umbc.edu/,39.256686,-76.711607,10434
163286,University of Maryland-College Park,university-of-maryland-college-park,College Park,MD,20742,FOUR_YEAR,https://www.umd.edu/,38.988178,-76.944721,30246
163295,Maryland Institute College of Art,maryland-institute-college-of-art,Baltimore,MD,21217-4134,FOUR_YEAR,https://www.mica.edu/,39.308792,-76.621033,1319
163338,University of Maryland Eastern Shore,university-of-maryland-eastern-shore,Princess Anne,MD,21853-1299,FOUR_YEAR,https://wwwcp.umes.edu/,38.207386,-75.686852,2165
163426,Montgomery College,montgomery-college,Rockville,MD,20850,TWO_YEAR,https://www.montgomerycollege.edu/,39.098656,-77.15929,13519
163453,Morgan State University,morgan-state-university,Baltimore,MD,21251-0001,FOUR_YEAR,https://www.morgan.edu/,39.344161,-76.585565,8293
163462,Mount St. Mary's University,mount-st-mary-s-university,Emmitsburg,MD,21727-7799,FOUR_YEAR,https://msmary.edu/,39.681705,-77.351887,1806
163532,Ner Israel Rabbinical College,ner-israel-rabbinical-college,Baltimore,MD,21208,FOUR_YEAR,https://nirc.edu/,39.388021,-76.753526,292
163578,Notre Dame of Maryland University,notre-dame-of-maryland-university,Baltimore,MD,21210-2476,FOUR_YEAR,https://www.ndm.edu/,39.350612,-76.619739,684
163657,Prince George's Community College,prince-george-s-community-college,Largo,MD,20774-2199,TWO_YEAR,https://www.pgcc.edu/,38.888689,-76.824623,8049
163851,Salisbury University,salisbury-university,Salisbury,MD,21801-6862,FOUR_YEAR,https://www.salisbury.edu/,38.34648,-75.604815,6056
163912,St. Mary's College of Maryland,st-mary-s-college-of-maryland,St. Mary's City,MD,20686,FOUR_YEAR,https://www.smcm.edu/,38.188047,-76.430994,1566
163976,St. John's College,st-john-s-college,Annapolis,MD,21401,FOUR_YEAR,https://www.sjc.edu/,38.981598,-76.491359,488
164076,Towson University,towson-university,Towson,MD,21252-0001,FOUR_YEAR,https://www.towson.edu/,39.393622,-76.611164,16400
164155,United States Naval Academy,united-states-naval-academy,Annapolis,MD,21402-1300,FOUR_YEAR,https://www.usna.edu/,38.980507,-76.481692,4465
164173,Stevenson University,stevenson-university,Owings Mills,MD,21117,FOUR_YEAR,https://www.stevenson.edu/,39.426413,-76.775809,3027
164216,Washington College,washington-college,Chestertown,MD,21620-1438,FOUR_YEAR,https://www.washcoll.edu/,39.217329,-76.06878,890
164270,McDaniel College,mcdaniel-college,Westminster,MD,21157,FOUR_YEAR,https://www.mcdaniel.edu/,39.584231,-77.001992,1652
164313,Wor-Wic Community College,wor-wic-community-college,Salisbury,MD,21804-7131,TWO_YEAR,https://www.worwic.edu/,38.373723,-75.499659,2047
164368,Hult International Business School,hult-international-business-school,Cambridge,MA,02141,FOUR_YEAR,https://www.hult.edu/,42.369968,-71.070645,694
164447,American International College,american-international-college,Springfield,MA,01109,FOUR_YEAR,https://www.aic.edu/,42.112346,-72.558338,1097
164465,Amherst College,amherst-college,Amherst,MA,01002-5000,FOUR_YEAR,https://www.amherst.edu/,42.372459,-72.518493,1907
164492,Anna Maria College,anna-maria-college,Paxton,MA,01612-1198,FOUR_YEAR,https://www.annamaria.edu/,42.330542,-71.91896,948
164562,Assumption University,assumption-university,Worcester,MA,01609-1296,FOUR_YEAR,https://www.assumption.edu/,42.294226,-71.828991,1664
164580,Babson College,babson-college,Wellesley,MA,02457-0310,FOUR_YEAR,https://www.babson.edu/,42.297017,-71.264057,2696
164614,Boston Baptist College,boston-baptist-college,Boston,MA,02136-4030,FOUR_YEAR,https://www.boston.edu/,42.254037,-71.1103,31
164632,Bay Path University,bay-path-university,Longmeadow,MA,01106,FOUR_YEAR,https://www.baypath.edu/,42.055088,-72.583382,1186
164739,Bentley University,bentley-university,Waltham,MA,02452-4705,FOUR_YEAR,https://www.bentley.edu/,42.385995,-71.222839,4288
164748,Berklee College of Music,berklee-college-of-music,Boston,MA,02215,FOUR_YEAR,https://www.berklee.edu/,42.346646,-71.089405,7510
164775,Berkshire Community College,berkshire-community-college,Pittsfield,MA,01201-5786,TWO_YEAR,https://www.berkshirecc.edu/,42.45975,-73.314704,1100
164924,Boston College,boston-college,Chestnut Hill,MA,02467,FOUR_YEAR,https://www.bc.edu/,42.336213,-71.169242,9865
164988,Boston University,boston-university,Boston,MA,02215,FOUR_YEAR,https://www.bu.edu/,42.351118,-71.107942,17850
165015,Brandeis University,brandeis-university,Waltham,MA,02454-9110,FOUR_YEAR,https://www.brandeis.edu/,42.365727,-71.260155,3663
165024,Bridgewater State University,bridgewater-state-university,Bridgewater,MA,02325,FOUR_YEAR,https://www.bridgew.edu/,41.98749,-70.974553,7899
165033,Bristol Community College,bristol-community-college,Fall River,MA,02720-7395,TWO_YEAR,https://www.bristolcc.edu/,41.721994,-71.119133,5073
165112,Bunker Hill Community College,bunker-hill-community-college,Boston,MA,02129-2925,TWO_YEAR,https://www.bhcc.edu/,42.374806,-71.069263,7322
165167,Cambridge College,cambridge-college,Boston,MA,02129,FOUR_YEAR,https://www.cambridgecollege.edu/,42.381091,-71.072646,591
165194,Cape Cod Community College,cape-cod-community-college,West Barnstable,MA,02668-1599,TWO_YEAR,https://www.capecod.edu/,41.691911,-70.337334,2223
165264,Laboure College of Healthcare,laboure-college-of-healthcare,Milton,MA,02186,TWO_YEAR,https://www.laboure.edu/,42.260866,-71.058279,717
165334,Clark University,clark-university,Worcester,MA,01610-1477,FOUR_YEAR,https://www.clarku.edu/,42.249987,-71.823356,2336
165529,Curry College,curry-college,Milton,MA,02186-2395,FOUR_YEAR,https://www.curry.edu/,42.238061,-71.116539,1757
165574,Dean College,dean-college,Franklin,MA,02038-1941,FOUR_YEAR,https://www.dean.edu/,42.085634,-71.397813,1142
165644,Eastern Nazarene College,eastern-nazarene-college,Quincy,MA,02170-2999,FOUR_YEAR,https://www.enc.edu/,42.271228,-71.011079,378
165662,Emerson College,emerson-college,Boston,MA,02116-4624,FOUR_YEAR,https://www.emerson.edu/,42.352202,-71.065384,4145
165671,Emmanuel College,emmanuel-college,Boston,MA,02115,FOUR_YEAR,https://www.emmanuel.edu/,42.340602,-71.103634,1874
165699,Endicott College,endicott-college,Beverly,MA,01915,FOUR_YEAR,https://www.endicott.edu/,42.553296,-70.840847,3101
165802,Fisher College,fisher-college,Boston,MA,02116,FOUR_YEAR,https://www.fisher.edu/,42.355253,-71.074125,1138
165820,Fitchburg State University,fitchburg-state-university,Fitchburg,MA,01420-2697,FOUR_YEAR,https://www.fitchburgstate.edu/,42.588298,-71.789666,2825
165866,Framingham State University,framingham-state-university,Framingham,MA,01701-9101,FOUR_YEAR,https://www.framingham.edu/,42.297116,-71.437565,2556
165936,Gordon College,gordon-college,Wenham,MA,01984,FOUR_YEAR,https://www.gordon.edu/,42.590567,-70.82151,1247
165981,Greenfield Community College,greenfield-community-college,Greenfield,MA,01301-9739,TWO_YEAR,https://www.gcc.mass.edu/,42.599512,-72.630977,1232
166018,Hampshire College,hampshire-college,Amherst,MA,01002-5001,FOUR_YEAR,https://www.hampshire.edu/,42.325852,-72.531469,716
166027,Harvard University,harvard-university,Cambridge,MA,02138,FOUR_YEAR,https://www.harvard.edu/,42.374471,-71.118313,7755
166054,Hellenic College-Holy Cross Greek Orthodox School of Theology,hellenic-college-holy-cross-greek-orthodox-school-of-theology,Brookline,MA,02445-7415,FOUR_YEAR,https://www.hchc.edu/,42.317018,-71.129418,49
166124,College of the Holy Cross,college-of-the-holy-cross,Worcester,MA,01610-2395,FOUR_YEAR,https://www.holycross.edu/,42.23752,-71.808214,3015
166133,Holyoke Community College,holyoke-community-college,Holyoke,MA,01040,TWO_YEAR,https://www.hcc.edu/,42.194781,-72.651252,3164
166391,Lasell University,lasell-university,Newton,MA,02466,FOUR_YEAR,https://www.lasell.edu/,42.342148,-71.24347,1152
166407,Lawrence Memorial Hospital School of Nursing,lawrence-memorial-hospital-school-of-nursing,Medford,MA,02155,TWO_YEAR,https://www.lmregis.org/,42.42581,-71.110958,195
166452,Lesley University,lesley-university,Cambridge,MA,02138-2790,FOUR_YEAR,https://www.lesley.edu/,42.38012,-71.117303,1252
166513,University of Massachusetts-Lowell,university-of-massachusetts-lowell,Lowell,MA,01854,FOUR_YEAR,https://www.uml.edu/,42.652864,-71.326809,11632
166629,University of Massachusetts-Amherst,university-of-massachusetts-amherst,Amherst,MA,01003,FOUR_YEAR,https://www.umass.edu/,42.385999,-72.526728,23694
166638,University of Massachusetts-Boston,university-of-massachusetts-boston,Boston,MA,02125-3393,FOUR_YEAR,https://www.umb.edu/,42.312881,-71.036865,11848
166647,Massachusetts Bay Community College,massachusetts-bay-community-college,Wellesley Hills,MA,02481-5399,TWO_YEAR,https://www.massbay.edu/,42.31212,-71.263458,3156
166656,MCPHS University,mcphs-university,Boston,MA,02115-5896,FOUR_YEAR,https://www.mcphs.edu/,42.336825,-71.101244,3474
166674,Massachusetts College of Art and Design,massachusetts-college-of-art-and-design,Boston,MA,02115-5882,FOUR_YEAR,https://massart.edu/,42.336862,-71.099275,1812
166683,Massachusetts Institute of Technology,massachusetts-institute-of-technology,Cambridge,MA,02139-4301,FOUR_YEAR,https://web.mit.edu/,42.359243,-71.093226,4571
166692,Massachusetts Maritime Academy,massachusetts-maritime-academy,Buzzards Bay,MA,02532-1803,FOUR_YEAR,https://www.maritime.edu/,41.739072,-70.624084,1270
166717,William James College,william-james-college,Newton,MA,02459,FOUR_YEAR,https://www.williamjames.edu/,42.294995,-71.203256,36
166823,Massasoit Community College,massasoit-community-college,Brockton,MA,02302-3996,TWO_YEAR,https://www.massasoit.edu/,42.07507,-70.989799,3699
166850,Merrimack College,merrimack-college,North Andover,MA,01845,FOUR_YEAR,https://www.merrimack.edu/,42.668344,-71.124216,4043
166869,MGH Institute of Health Professions,mgh-institute-of-health-professions,Boston,MA,02129-4557,FOUR_YEAR,https://www.mghihp.edu/,42.375018,-71.054002,112
166887,Middlesex Community College,middlesex-community-college,Bedford,MA,01730-9124,TWO_YEAR,https://www.middlesex.mass.edu/,42.524328,-71.274931,4658
166911,Montserrat College of Art,montserrat-college-of-art,Beverly,MA,01915-4508,FOUR_YEAR,https://www.montserrat.edu/,42.550212,-70.876131,261
166939,Mount Holyoke College,mount-holyoke-college,South Hadley,MA,01075-1489,FOUR_YEAR,https://www.mtholyoke.edu/,42.25489,-72.573916,2198
166957,Mount Wachusett Community College,mount-wachusett-community-college,Gardner,MA,01440-1000,TWO_YEAR,https://mwcc.edu/,42.593142,-71.984148,2554
167057,The New England Conservatory of Music,the-new-england-conservatory-of-music,Boston,MA,02115-5018,FOUR_YEAR,https://necmusic.edu/,42.340946,-71.08629,371
167093,New England College of Optometry,new-england-college-of-optometry,Boston,MA,02115,FOUR_YEAR,https://www.neco.edu/,42.351853,-71.086829,
167260,Nichols College,nichols-college,Dudley,MA,01571-5000,FOUR_YEAR,https://www.nichols.edu/,42.044033,-71.930283,1152
167288,Massachusetts College of Liberal Arts,massachusetts-college-of-liberal-arts,North Adams,MA,01247-4100,FOUR_YEAR,https://www.mcla.edu/,42.691361,-73.102817,748
167312,North Shore Community College,north-shore-community-college,Danvers,MA,01923-0840,TWO_YEAR,https://www.northshore.edu/,42.590103,-70.968044,4055
167358,Northeastern University,northeastern-university,Boston,MA,02115-5005,FOUR_YEAR,https://www.northeastern.edu/,42.339992,-71.088782,15719
167376,Northern Essex Community College,northern-essex-community-college,Haverhill,MA,01830-2399,TWO_YEAR,https://www.necc.mass.edu/,42.796634,-71.04904,3350
167394,College of Our Lady of the Elms,college-of-our-lady-of-the-elms,Chicopee,MA,01013,FOUR_YEAR,https://www.elms.edu/,42.141781,-72.60154,951
167525,Quincy College,quincy-college,Quincy,MA,02169,TWO_YEAR,https://www.quincycollege.edu/,42.252416,-71.003476,2126
167534,Quinsigamond Community College,quinsigamond-community-college,Worcester,MA,01606-2092,TWO_YEAR,https://www.qcc.edu/,42.31379,-71.79503,5413
167598,Regis College,regis-college,Weston,MA,02493-1571,FOUR_YEAR,https://www.regiscollege.edu/,42.351291,-71.310561,1061
167631,Roxbury Community College,roxbury-community-college,Roxbury Crossing,MA,02120-3400,TWO_YEAR,https://www.rcc.mass.edu/,42.329249,-71.09549,1583
167677,Saint John's Seminary,saint-john-s-seminary,Brighton,MA,02135-3846,FOUR_YEAR,https://www.sjs.edu/,42.344146,-71.161998,14
167729,Salem State University,salem-state-university,Salem,MA,01970,FOUR_YEAR,https://www.salemstate.edu/,42.503575,-70.890234,4286
167783,Simmons University,simmons-university,Boston,MA,02115-5898,FOUR_YEAR,https://www.simmons.edu/,42.3393,-71.099967,1750
167792,Bard College at Simon's Rock,bard-college-at-simon-s-rock,Great Barrington,MA,01230-9702,TWO_YEAR,https://www.simons-rock.edu/,42.208803,-73.379201,237
167835,Smith College,smith-college,Northampton,MA,01063,FOUR_YEAR,https://www.smith.edu/,42.318111,-72.638097,2501
167899,Springfield College,springfield-college,Springfield,MA,01109-3739,FOUR_YEAR,https://www.springfield.edu/,42.1022,-72.556647,1916
167905,Springfield Technical Community College,springfield-technical-community-college,Springfield,MA,01105-1296,TWO_YEAR,https://www.stcc.edu/,42.108827,-72.578514,3965
167987,University of Massachusetts-Dartmouth,university-of-massachusetts-dartmouth,North Dartmouth,MA,02747-2300,FOUR_YEAR,https://www.umassd.edu/,41.62869,-71.004552,5289
167996,Stonehill College,stonehill-college,Easton,MA,02357-6110,FOUR_YEAR,https://www.stonehill.edu/,42.05905,-71.080632,2477
168005,Suffolk University,suffolk-university,Boston,MA,02108-3901,FOUR_YEAR,https://www.suffolk.edu/,42.357945,-71.060917,4434
168148,Tufts University,tufts-university,Medford,MA,02155-5555,FOUR_YEAR,https://www.tufts.edu/,42.40855,-71.118293,6804
168218,Wellesley College,wellesley-college,Wellesley,MA,02481-8203,FOUR_YEAR,https://www.wellesley.edu/,42.291554,-71.306605,2318
168227,Wentworth Institute of Technology,wentworth-institute-of-technology,Boston,MA,02115,FOUR_YEAR,https://wit.edu/,42.336632,-71.094983,3641
168254,Western New England University,western-new-england-university,Springfield,MA,01119-2684,FOUR_YEAR,https://wne.edu/,42.115017,-72.520466,2508
168263,Westfield State University,westfield-state-university,Westfield,MA,01086-1630,FOUR_YEAR,https://www.westfield.ma.edu/,42.132698,-72.796503,3481
168281,Wheaton College (Massachusetts),wheaton-college-massachusetts,Norton,MA,02766-2322,FOUR_YEAR,https://www.wheatoncollege.edu/,41.966637,-71.183979,1744
168342,Williams College,williams-college,Williamstown,MA,01267,FOUR_YEAR,https://www.williams.edu/,42.712725,-73.203132,2060
168421,Worcester Polytechnic Institute,worcester-polytechnic-institute,Worcester,MA,01609-2280,FOUR_YEAR,https://www.wpi.edu/,42.274853,-71.808339,5344
168430,Worcester State University,worcester-state-university,Worcester,MA,01602-2597,FOUR_YEAR,https://www.worcester.edu/,42.267526,-71.844018,3963
168528,Adrian College,adrian-college,Adrian,MI,49221-2575,FOUR_YEAR,https://www.adrian.edu/,41.898591,-84.061481,1635
168546,Albion College,albion-college,Albion,MI,49224,FOUR_YEAR,https://www.albion.edu/,42.245049,-84.745639,1347
168591,Alma College,alma-college,Alma,MI,48801-1599,FOUR_YEAR,https://www.alma.edu/,43.38004,-84.672053,1208
168607,Alpena Community College,alpena-community-college,Alpena,MI,49707,TWO_YEAR,https://www.alpenacc.edu/,45.081647,-83.445069,715
168740,Andrews University,andrews-university,Berrien Springs,MI,49104,FOUR_YEAR,https://www.andrews.edu/,41.963859,-86.355815,1262
168786,Aquinas College,aquinas-college,Grand Rapids,MI,49506-1801,FOUR_YEAR,https://www.aquinas.edu/,42.96019,-85.628785,1201
168847,Baker College,baker-college,Owosso,MI,48867-8956,FOUR_YEAR,https://www.baker.edu/,42.984804,-84.172404,3026
168883,Bay de Noc Community College,bay-de-noc-community-college,Escanaba,MI,49829-2511,TWO_YEAR,https://www.baycollege.edu/,45.772586,-87.085228,1100
169080,Calvin University,calvin-university,Grand Rapids,MI,49546,FOUR_YEAR,https://www.calvin.edu/,42.929916,-85.587548,2921
169248,Central Michigan University,central-michigan-university,Mount Pleasant,MI,48859,FOUR_YEAR,https://www.cmich.edu/,43.591203,-84.77525,9916
169275,Mott Community College,mott-community-college,Flint,MI,48503-2089,TWO_YEAR,https://www.mcc.edu/,43.019941,-83.67243,5152
169327,Cleary University,cleary-university,Howell,MI,48843,FOUR_YEAR,https://www.cleary.edu/,42.586638,-83.879987,774
169363,Concordia University Ann Arbor,concordia-university-ann-arbor,Ann Arbor,MI,48105,FOUR_YEAR,https://www.cuaa.edu/,42.273157,-83.68268,918
169442,College for Creative Studies,college-for-creative-studies,Detroit,MI,48202,FOUR_YEAR,https://www.ccsdetroit.edu/,42.361839,-83.062352,1285
169479,Davenport University,davenport-university,Grand Rapids,MI,49512-9396,FOUR_YEAR,https://www.davenport.edu/,42.850013,-85.533519,3213
169521,Delta College,delta-college,University Center,MI,48710,TWO_YEAR,https://www.delta.edu/,43.559491,-83.985943,6061
169716,University of Detroit Mercy,university-of-detroit-mercy,Detroit,MI,48221-3038,FOUR_YEAR,https://www.udmercy.edu/,42.414222,-83.139158,2289
169798,Eastern Michigan University,eastern-michigan-university,Ypsilanti,MI,48197,FOUR_YEAR,https://www.emich.edu/,42.251675,-83.627443,10751
169910,Ferris State University,ferris-state-university,Big Rapids,MI,49307-2251,FOUR_YEAR,https://www.ferris.edu/,43.687724,-85.481925,8087
169974,Glen Oaks Community College,glen-oaks-community-college,Centreville,MI,49032-9719,TWO_YEAR,https://www.glenoaks.edu/,41.892504,-85.496929,577
169983,Kettering University,kettering-university,Flint,MI,48504-6214,FOUR_YEAR,https://www.kettering.edu/,43.012468,-83.71282,1279
169992,Gogebic Community College,gogebic-community-college,Ironwood,MI,49938,TWO_YEAR,https://gogebic.edu/,46.471893,-90.165592,508
170000,Grace Christian University,grace-christian-university,Wyoming,MI,49509,FOUR_YEAR,https://www.gracechristian.edu/,42.919541,-85.692077,707
170037,Cornerstone University,cornerstone-university,Grand Rapids,MI,49525-5897,FOUR_YEAR,https://www.cornerstone.edu/,42.979966,-85.595328,1387
170055,Grand Rapids Community College,grand-rapids-community-college,Grand Rapids,MI,49503-3295,TWO_YEAR,https://www.grcc.edu/,42.967076,-85.665625,10530
170082,Grand Valley State University,grand-valley-state-university,Allendale,MI,49401-9403,FOUR_YEAR,https://www.gvsu.edu/,42.963001,-85.889826,19073
170091,Great Lakes Christian College,great-lakes-christian-college,Lansing,MI,48917-1299,FOUR_YEAR,https://www.glcc.edu/,42.754249,-84.638714,130
170286,Hillsdale College,hillsdale-college,Hillsdale,MI,49242,FOUR_YEAR,https://www.hillsdale.edu/,41.933682,-84.633195,1563
170301,Hope College,hope-college,Holland,MI,49423-9000,FOUR_YEAR,https://hope.edu/,42.787247,-86.100971,3274
170444,Jackson College,jackson-college,Jackson,MI,49201-8399,TWO_YEAR,https://www.jccmi.edu/,42.16483,-84.403942,3563
170532,Kalamazoo College,kalamazoo-college,Kalamazoo,MI,49006-3295,FOUR_YEAR,https://www.kzoo.edu/,42.290789,-85.601857,1175
170541,Kalamazoo Valley Community College,kalamazoo-valley-community-college,Kalamazoo,MI,49003-4070,TWO_YEAR,https://www.kvcc.edu/,42.225948,-85.682144,4885
170550,Kellogg Community College,kellogg-community-college,Battle Creek,MI,49017-3397,TWO_YEAR,https://www.kellogg.edu/,42.335638,-85.177329,2781
170587,Kirtland Community College,kirtland-community-college,Grayling,MI,49738,TWO_YEAR,https://www.kirtland.edu/,44.601785,-84.706254,965
170620,Lake Michigan College,lake-michigan-college,Benton Harbor,MI,49022-1899,TWO_YEAR,https://www.lakemichigancollege.edu/,42.097276,-86.393445,1811
170639,Lake Superior State University,lake-superior-state-university,Sault Ste Marie,MI,49783,FOUR_YEAR,https://www.lssu.edu/,46.492849,-84.365573,1391
170657,Lansing Community College,lansing-community-college,Lansing,MI,48933,TWO_YEAR,https://www.lcc.edu/,42.738435,-84.55157,7756
170675,Lawrence Technological University,lawrence-technological-university,Southfield,MI,48075-1058,FOUR_YEAR,https://www.ltu.edu/,42.474072,-83.25003,1701
170790,Macomb Community College,macomb-community-college,Warren,MI,48088-3896,TWO_YEAR,https://www.macomb.edu/,42.50599,-82.972377,14285
170806,Madonna University,madonna-university,Livonia,MI,48150-1176,FOUR_YEAR,https://www.madonna.edu/,42.384323,-83.404722,1637
170967,Rochester University,rochester-university,Rochester Hills,MI,48307,FOUR_YEAR,https://rcu.edu/,42.667521,-83.144959,827
170976,University of Michigan-Ann Arbor,university-of-michigan-ann-arbor,Ann Arbor,MI,48109,FOUR_YEAR,https://umich.edu/,42.278374,-83.73481,33488
171100,Michigan State University,michigan-state-university,East Lansing,MI,48824-1046,FOUR_YEAR,https://www.msu.edu/,42.73212,-84.476111,40243
171128,Michigan Technological University,michigan-technological-university,Houghton,MI,49931-1295,FOUR_YEAR,https://www.mtu.edu/,47.11866,-88.548092,5829
171137,University of Michigan-Dearborn,university-of-michigan-dearborn,Dearborn,MI,48128-1491,FOUR_YEAR,https://umdearborn.edu/,42.317287,-83.231417,5882
171146,University of Michigan-Flint,university-of-michigan-flint,Flint,MI,48502-1950,FOUR_YEAR,https://www.umflint.edu/,43.01875,-83.690276,4157
171155,Mid Michigan College,mid-michigan-college,Harrison,MI,48625-9447,TWO_YEAR,https://www.midmich.edu/,43.969586,-84.763715,2002
171225,Monroe County Community College,monroe-county-community-college,Monroe,MI,48161-9746,TWO_YEAR,https://www.monroeccc.edu/,41.91617,-83.470274,1484
171234,Montcalm Community College,montcalm-community-college,Sidney,MI,48885-9723,TWO_YEAR,https://www.montcalm.edu/,43.253191,-85.100181,1040
171304,Muskegon Community College,muskegon-community-college,Muskegon,MI,49442-1432,TWO_YEAR,https://www.muskegoncc.edu/,43.250329,-86.196384,2781
171395,North Central Michigan College,north-central-michigan-college,Petoskey,MI,49770,TWO_YEAR,https://www.ncmich.edu/,45.361727,-84.954183,897
171456,Northern Michigan University,northern-michigan-university,Marquette,MI,49855-5301,FOUR_YEAR,https://www.nmu.edu/,46.559751,-87.406568,6425
171483,Northwestern Michigan College,northwestern-michigan-college,Traverse City,MI,49686,TWO_YEAR,https://www.nmc.edu/,44.765436,-85.585517,2668
171492,Northwood University,northwood-university,Midland,MI,48640-2398,FOUR_YEAR,https://www.northwood.edu/,43.628717,-84.27682,1900
171535,Oakland Community College,oakland-community-college,Auburn Hills,MI,48326-2845,TWO_YEAR,https://www.oaklandcc.edu/,42.646226,-83.224283,11772
171571,Oakland University,oakland-university,Rochester Hills,MI,48309-4401,FOUR_YEAR,https://www.oakland.edu/,42.674573,-83.216418,12450
171599,The University of Olivet,the-university-of-olivet,Olivet,MI,49076,FOUR_YEAR,https://www.uolivet.edu/,42.442891,-84.923891,918
171881,Kuyper College,kuyper-college,Grand Rapids,MI,49525-9781,FOUR_YEAR,https://www.kuyper.edu/,43.02195,-85.592657,119
172051,Saginaw Valley State University,saginaw-valley-state-university,University Center,MI,48710,FOUR_YEAR,https://www.svsu.edu/,43.51176,-83.964273,6004
172200,Schoolcraft Community College District,schoolcraft-community-college-district,Livonia,MI,48152-2696,TWO_YEAR,https://www.schoolcraft.edu/,42.419279,-83.430958,6626
172264,Siena Heights University,siena-heights-university,Adrian,MI,49221,FOUR_YEAR,https://www.sienaheights.edu/,41.905624,-84.018841,1533
172291,St Clair County Community College,st-clair-county-community-college,Port Huron,MI,48061-5015,TWO_YEAR,https://www.sc4.edu/,42.979494,-82.428717,1955
172307,Southwestern Michigan College,southwestern-michigan-college,Dowagiac,MI,49047-9793,TWO_YEAR,https://www.swmich.edu/,41.965095,-86.082715,1396
172334,Spring Arbor University,spring-arbor-university,Spring Arbor,MI,49283-9799,FOUR_YEAR,https://www.arbor.edu/,42.206568,-84.556074,990
172608,Walsh College,walsh-college,Troy,MI,48083-5066,FOUR_YEAR,https://walshcollege.edu/,42.573888,-83.147197,535
172635,Wayne County Community College District,wayne-county-community-college-district,Detroit,MI,48226,TWO_YEAR,https://www.wcccd.edu/,42.327299,-83.054497,7848
172644,Wayne State University,wayne-state-university,Detroit,MI,48202,FOUR_YEAR,https://wayne.edu/,42.358994,-83.068998,15676
172671,West Shore Community College,west-shore-community-college,Scottville,MI,49454-0277,TWO_YEAR,https://www.westshore.edu/,44.008512,-86.336122,651
172699,Western Michigan University,western-michigan-university,Kalamazoo,MI,49008-5200,FOUR_YEAR,https://wmich.edu/,42.282194,-85.613759,12704
172866,Academy College,academy-college,Bloomington,MN,55431-1411,FOUR_YEAR,https://www.academycollege.edu/,44.855722,-93.299809,112
172918,Alexandria Technical & Community College,alexandria-technical-community-college,Alexandria,MN,56308,TWO_YEAR,https://www.alextech.edu/,45.873107,-95.372369,1438
172963,Anoka-Ramsey Community College,anoka-ramsey-community-college,Coon Rapids,MN,55433-3470,TWO_YEAR,https://www.anokaramsey.edu/,45.172978,-93.351697,3983
173045,Augsburg University,augsburg-university,Minneapolis,MN,55454,FOUR_YEAR,https://www.augsburg.edu/,44.966307,-93.240436,2429
173063,Riverland Community College,riverland-community-college,Austin,MN,55912-1473,TWO_YEAR,https://www.riverland.edu/,43.676271,-92.995626,1895
173115,Northwest Technical College,northwest-technical-college,Bemidji,MN,56601-4907,TWO_YEAR,https://www.ntcmn.edu/,47.452652,-94.853974,654
173124,Bemidji State University,bemidji-state-university,Bemidji,MN,56601,FOUR_YEAR,https://www.bemidjistate.edu/,47.482341,-94.874119,3120
173142,Bethany Lutheran College,bethany-lutheran-college,Mankato,MN,56001,FOUR_YEAR,https://www.blc.edu/,44.166649,-93.990805,682
173160,Bethel University,bethel-university-mn,Saint Paul,MN,55112,FOUR_YEAR,https://www.bethel.edu/,45.057655,-93.161663,2012
173203,Central Lakes College-Brainerd,central-lakes-college-brainerd,Brainerd,MN,56401-3900,TWO_YEAR,https://www.clcmn.edu/,46.345969,-94.216495,1486
173258,Carleton College,carleton-college,Northfield,MN,55057,FOUR_YEAR,https://www.carleton.edu/,44.462318,-93.154666,2019
173300,Concordia College at Moorhead,concordia-college-at-moorhead,Moorhead,MN,56562,FOUR_YEAR,https://www.concordiacollege.edu/,46.862482,-96.76749,1721
173328,Concordia University-Saint Paul,concordia-university-saint-paul,Saint Paul,MN,55104-5494,FOUR_YEAR,https://www.csp.edu/,44.949759,-93.154861,2786
173416,Dakota County Technical College,dakota-county-technical-college,Rosemount,MN,55068-2999,TWO_YEAR,https://www.dctc.edu/,44.737255,-93.07805,2083
173452,Martin Luther College,martin-luther-college,New Ulm,MN,56073-3965,FOUR_YEAR,https://www.mlc-wels.edu/,44.30526,-94.472326,718
173461,Lake Superior College,lake-superior-college,Duluth,MN,55811-3399,TWO_YEAR,https://www.lsc.edu/,46.78455,-92.145151,2456
173559,Minnesota State Community and Technical College,minnesota-state-community-and-technical-college,Fergus Falls,MN,56537-1000,TWO_YEAR,https://www.minnesota.edu/,46.289194,-96.097321,2875
173647,Gustavus Adolphus College,gustavus-adolphus-college,Saint Peter,MN,56082-1498,FOUR_YEAR,https://gustavus.edu/,44.323626,-93.972196,1930
173665,Hamline University,hamline-university,Saint Paul,MN,55104-1284,FOUR_YEAR,https://www.hamline.edu/,44.966246,-93.164479,1685
173735,Minnesota North College,minnesota-north-college,Hibbing,MN,55746,TWO_YEAR,https://minnesotanorth.edu/,47.422361,-92.921698,1942
173799,Inver Hills Community College,inver-hills-community-college,Inver Grove Heights,MN,55076-3224,TWO_YEAR,https://www.inverhills.edu/,44.828599,-93.055255,2203
173902,Macalester College,macalester-college,Saint Paul,MN,55105-1899,FOUR_YEAR,https://www.macalester.edu/,44.938565,-93.168053,2131
173911,South Central College,south-central-college,North Mankato,MN,56003-1920,TWO_YEAR,https://southcentral.edu/,44.174319,-94.047428,1890
173920,Minnesota State University-Mankato,minnesota-state-university-mankato,Mankato,MN,56001,FOUR_YEAR,https://mnsu.edu/,44.146712,-93.99945,11325
174020,Metropolitan State University,metropolitan-state-university,Saint Paul,MN,55106-5000,FOUR_YEAR,https://www.metrostate.edu/,44.957256,-93.074361,4998
174066,University of Minnesota-Twin Cities,university-of-minnesota-twin-cities,Minneapolis,MN,55455-0213,FOUR_YEAR,https://twin-cities.umn.edu/,44.972851,-93.235464,30469
174075,University of Minnesota-Crookston,university-of-minnesota-crookston,Crookston,MN,56716-5001,FOUR_YEAR,https://crk.umn.edu/,47.802536,-96.606188,1650
174127,Minneapolis College of Art and Design,minneapolis-college-of-art-and-design,Minneapolis,MN,55404,FOUR_YEAR,https://mcad.edu/,44.956988,-93.274705,701
174136,Minneapolis Community and Technical College,minneapolis-community-and-technical-college,Minneapolis,MN,55403-1779,TWO_YEAR,https://www.minneapolis.edu/,44.972679,-93.284507,4816
174154,Herzing University-Minneapolis,herzing-university-minneapolis,St. Louis Park,MN,55426,FOUR_YEAR,https://www.herzing.edu/,44.975225,-93.404863,747
174233,University of Minnesota-Duluth,university-of-minnesota-duluth,Duluth,MN,55812,FOUR_YEAR,https://d.umn.edu/,46.817126,-92.084385,7475
174251,University of Minnesota-Morris,university-of-minnesota-morris,Morris,MN,56267,FOUR_YEAR,https://morris.umn.edu/,45.589775,-95.899729,980
174358,Minnesota State University Moorhead,minnesota-state-university-moorhead,Moorhead,MN,56563,FOUR_YEAR,https://www.mnstate.edu/,46.867153,-96.759532,3120
174376,North Hennepin Community College,north-hennepin-community-college,Brooklyn Park,MN,55445,TWO_YEAR,https://www.nhcc.edu/,45.106937,-93.374536,3299
174428,Normandale Community College,normandale-community-college,Bloomington,MN,55431-4399,TWO_YEAR,https://www.normandale.edu/,44.829706,-93.331673,6040
174437,North Central University,north-central-university,Minneapolis,MN,55404-1391,FOUR_YEAR,https://www.northcentral.edu/,44.968625,-93.261511,802
174473,Northland Community and Technical College,northland-community-and-technical-college,Thief River Falls,MN,56701,TWO_YEAR,https://www.northlandcollege.edu/,48.124969,-96.162366,1382
174491,University of Northwestern-St Paul,university-of-northwestern-st-paul,Saint Paul,MN,55113-1598,FOUR_YEAR,https://www.unwsp.edu/,45.033703,-93.167822,1495
174507,Northwestern Health Sciences University,northwestern-health-sciences-university,Bloomington,MN,55431,TWO_YEAR,https://www.nwhealth.edu/,44.850963,-93.311222,251
174525,Oak Hills Christian College,oak-hills-christian-college,Bemidji,MN,56601-8834,TWO_YEAR,https://www.oakhills.edu/,47.425836,-94.901503,98
174738,Rochester Community and Technical College,rochester-community-and-technical-college,Rochester,MN,55904-4999,TWO_YEAR,https://www.rctc.edu/,44.014488,-92.42321,3122
174747,College of Saint Benedict,college-of-saint-benedict,Saint Joseph,MN,56374,FOUR_YEAR,https://csbsju.edu/,45.561792,-94.319888,1392
174756,St Cloud Technical and Community College,st-cloud-technical-and-community-college,Saint Cloud,MN,56303-1240,TWO_YEAR,https://www.sctcc.edu/,45.579065,-94.175841,2808
174783,Saint Cloud State University,saint-cloud-state-university,Saint Cloud,MN,56301-4498,FOUR_YEAR,https://www.stcloudstate.edu/,45.553227,-94.152657,5181
174792,Saint Johns University,saint-johns-university,Collegeville,MN,56321,FOUR_YEAR,https://csbsju.edu/,45.580075,-94.393621,1468
174817,Saint Mary's University of Minnesota,saint-mary-s-university-of-minnesota,Winona,MN,55987-1399,FOUR_YEAR,https://www.smumn.edu/,44.044736,-91.695449,1061
174844,St Olaf College,st-olaf-college,Northfield,MN,55057-1098,FOUR_YEAR,https://wp.stolaf.edu/,44.461529,-93.182039,3049
174862,Crown College,crown-college,Saint Bonifacius,MN,55375-9001,FOUR_YEAR,https://www.crown.edu/,44.885393,-93.743019,789
174899,The College of Saint Scholastica,the-college-of-saint-scholastica,Duluth,MN,55811-4199,FOUR_YEAR,https://www.css.edu/,46.816082,-92.106134,1725
174914,University of St Thomas,university-of-st-thomas,Saint Paul,MN,55105-1078,FOUR_YEAR,https://www.stthomas.edu/,44.943439,-93.188986,6014
175005,St Catherine University,st-catherine-university,Saint Paul,MN,55105,FOUR_YEAR,https://www.stkate.edu/,44.924926,-93.183761,2393
175014,Rasmussen University-Minnesota,rasmussen-university-minnesota,St. Cloud,MN,56301-3713,TWO_YEAR,https://rasmussen.edu/,45.548117,-94.206254,8033
175078,Southwest Minnesota State University,southwest-minnesota-state-university,Marshall,MN,56258-5468,FOUR_YEAR,https://www.smsu.edu/,44.45373,-95.759548,2045
175227,Dunwoody College of Technology,dunwoody-college-of-technology,Minneapolis,MN,55403-1192,TWO_YEAR,https://www.dunwoody.edu/,44.97281,-93.290608,1417
175236,Ridgewater College,ridgewater-college,Willmar,MN,56201,TWO_YEAR,https://www.ridgewater.edu/,45.138313,-95.07305,2048
175272,Winona State University,winona-state-university,Winona,MN,55987-5838,FOUR_YEAR,https://www.winona.edu/,44.046159,-91.643723,5088
175315,Century College,century-college,White Bear Lake,MN,55110,TWO_YEAR,https://www.century.edu/,45.041823,-92.982105,5971
175342,Alcorn State University,alcorn-state-university,Alcorn State,MS,39096-7500,FOUR_YEAR,https://www.alcorn.edu/,31.877216,-91.142854,2290
175421,Belhaven University,belhaven-university,Jackson,MS,39202,FOUR_YEAR,https://www.belhaven.edu/,32.318415,-90.169228,1370
175430,Blue Mountain Christian University,blue-mountain-christian-university,Blue Mountain,MS,38610,FOUR_YEAR,https://www.bmc.edu/,34.67209,-89.02924,536
175573,Copiah-Lincoln Community College,copiah-lincoln-community-college,Wesson,MS,39191,TWO_YEAR,https://www.colin.edu/,31.69272,-90.400234,1948
175616,Delta State University,delta-state-university,Cleveland,MS,38733,FOUR_YEAR,https://www.deltastate.edu/,33.744745,-90.735365,1613
175643,East Central Community College,east-central-community-college,Decatur,MS,39327-0129,TWO_YEAR,https://www.eccc.edu/,32.441164,-89.113706,1584
175652,East Mississippi Community College,east-mississippi-community-college,Scooba,MS,39358-0158,TWO_YEAR,https://www.eastms.edu/,32.830246,-88.483516,2914
175786,Hinds Community College,hinds-community-college,Raymond,MS,39154,TWO_YEAR,https://www.hindscc.edu/,32.256109,-90.416118,6533
175810,Holmes Community College,holmes-community-college,Goodman,MS,39079,TWO_YEAR,https://www.holmescc.edu/,32.969985,-89.915803,3847
175829,Itawamba Community College,itawamba-community-college,Fulton,MS,38843-1099,TWO_YEAR,https://www.iccms.edu/,34.276519,-88.412073,4018
175856,Jackson State University,jackson-state-university,Jackson,MS,39217,FOUR_YEAR,https://www.jsums.edu/,32.296105,-90.207405,4769
175883,Jones County Junior College,jones-county-junior-college,Ellisville,MS,39437,TWO_YEAR,https://www.jcjc.edu/,31.596936,-89.200895,3248
175935,Meridian Community College,meridian-community-college,Meridian,MS,39307-5801,TWO_YEAR,https://www.meridiancc.edu/,32.367355,-88.732823,2025
175980,Millsaps College,millsaps-college,Jackson,MS,39210,FOUR_YEAR,https://www.millsaps.edu/,32.322746,-90.179957,580
176008,Mississippi Delta Community College,mississippi-delta-community-college,Moorhead,MS,38761,TWO_YEAR,https://www.msdelta.edu/,33.444906,-90.502053,1490
176017,University of Mississippi,university-of-mississippi,University,MS,38677-1848,FOUR_YEAR,https://www.olemiss.edu/,34.365529,-89.537434,18995
176035,Mississippi University for Women,mississippi-university-for-women,Columbus,MS,39701,FOUR_YEAR,https://www.muw.edu/,33.493305,-88.418601,1593
176044,Mississippi Valley State University,mississippi-valley-state-university,Itta Bena,MS,38941-1400,FOUR_YEAR,https://www.mvsu.edu/,33.514142,-90.341274,1326
176053,Mississippi College,mississippi-college,Clinton,MS,39058,FOUR_YEAR,https://www.mc.edu/,32.335515,-90.329821,2423
176071,Mississippi Gulf Coast Community College,mississippi-gulf-coast-community-college,Perkinston,MS,39573,TWO_YEAR,https://www.mgccc.edu/,30.780784,-89.142952,6231
176080,Mississippi State University,mississippi-state-university,Mississippi State,MS,39762,FOUR_YEAR,https://www.msstate.edu/,33.454852,-88.790139,18092
176169,Northeast Mississippi Community College,northeast-mississippi-community-college,Booneville,MS,38829,TWO_YEAR,https://www.nemcc.edu/,34.668339,-88.562609,2640
176178,Northwest Mississippi Community College,northwest-mississippi-community-college,Senatobia,MS,38668-1714,TWO_YEAR,https://www.northwestms.edu/,34.625532,-89.969525,5181
176239,Pearl River Community College,pearl-river-community-college,Poplarville,MS,39470,TWO_YEAR,https://www.prcc.edu/,30.844322,-89.543052,4725
176318,Rust College,rust-college,Holly Springs,MS,38635,FOUR_YEAR,https://www.rustcollege.edu/,34.776862,-89.446999,428
176336,Southeastern Baptist College,southeastern-baptist-college,Laurel,MS,39440-9989,TWO_YEAR,https://www.southeasternbaptist.edu/,31.748512,-89.149373,65
176354,Southwest Mississippi Community College,southwest-mississippi-community-college,Summit,MS,39666-0000,TWO_YEAR,https://www.smcc.edu/,31.295121,-90.443295,1497
176372,University of Southern Mississippi,university-of-southern-mississippi,Hattiesburg,MS,39406-0001,FOUR_YEAR,https://www.usm.edu/,31.32661,-89.331236,9899
176406,Tougaloo College,tougaloo-college,Tougaloo,MS,39174,FOUR_YEAR,https://www.tougaloo.edu/,32.403014,-90.16076,681
176479,William Carey University,william-carey-university,Hattiesburg,MS,39401,FOUR_YEAR,https://www.wmcarey.edu/,31.305264,-89.291815,1818
176628,Avila University,avila-university,Kansas City,MO,64145-1698,FOUR_YEAR,https://www.avila.edu/,38.91339,-94.591758,1192
176664,Mission University,mission-university,Springfield,MO,65803-3498,FOUR_YEAR,https://www.mission.edu/,37.239696,-93.284286,342
176770,Cox College,cox-college,Springfield,MO,65802-1917,FOUR_YEAR,https://coxcollege.edu/,37.225116,-93.290233,634
176789,Calvary University,calvary-university,Kansas City,MO,64147-1341,FOUR_YEAR,https://www.calvary.edu/,38.839578,-94.547927,170
176910,Central Christian College of the Bible,central-christian-college-of-the-bible,Moberly,MO,65270-1997,FOUR_YEAR,https://www.cccb.edu/,39.395963,-92.427259,145
176947,Central Methodist University-College of Liberal Arts and Sciences,central-methodist-university-college-of-liberal-arts-and-sciences,Fayette,MO,65248-1198,FOUR_YEAR,https://www.centralmethodist.edu/,39.150497,-92.685253,1015
176965,University of Central Missouri,university-of-central-missouri,Warrensburg,MO,64093,FOUR_YEAR,https://www.ucmo.edu/,38.759111,-93.737428,5653
177038,Cleveland University-Kansas City,cleveland-university-kansas-city,Overland Park,KS,66210,FOUR_YEAR,https://www.cleveland.edu/,38.932019,-94.679076,79
177065,Columbia College,columbia-college-mo,Columbia,MO,65216,FOUR_YEAR,https://www.ccis.edu/,38.957388,-92.326354,5359
177083,Conception Seminary College,conception-seminary-college,Conception,MO,64433-0502,FOUR_YEAR,https://www.conception.edu/,40.24044,-94.682831,32
177117,Cottey College,cottey-college,Nevada,MO,64772,FOUR_YEAR,https://www.cottey.edu/,37.836127,-94.371311,266
177135,Crowder College,crowder-college,Neosho,MO,64850,TWO_YEAR,https://www.crowder.edu/,36.814906,-94.368315,2622
177144,Culver-Stockton College,culver-stockton-college,Canton,MO,63435-1299,FOUR_YEAR,https://www.culver.edu/,40.128993,-91.529374,884
177214,Drury University,drury-university,Springfield,MO,65802-3791,FOUR_YEAR,https://www.drury.edu/,37.219681,-93.286192,1367
177250,East Central College,east-central-college,Union,MO,63084,TWO_YEAR,https://www.eastcentral.edu/,38.431845,-90.97809,1719
177339,Evangel University,evangel-university,Springfield,MO,65802-2125,FOUR_YEAR,https://www.evangel.edu/,37.220956,-93.262614,1205
177418,Fontbonne University,fontbonne-university,Saint Louis,MO,63105-3098,FOUR_YEAR,https://www.fontbonne.edu/,38.642697,-90.315712,632
177472,Ozarks Technical Community College,ozarks-technical-community-college,Springfield,MO,65802,TWO_YEAR,https://www.otc.edu/,37.216479,-93.279985,8194
177542,Hannibal-LaGrange University,hannibal-lagrange-university,Hannibal,MO,63401,FOUR_YEAR,https://www.hlg.edu/,39.729015,-91.39094,381
177551,Harris-Stowe State University,harris-stowe-state-university,Saint Louis,MO,63103-2136,FOUR_YEAR,https://www.hssu.edu/,38.631744,-90.224288,1086
177676,Jefferson College,jefferson-college,Hillsboro,MO,63050-2440,TWO_YEAR,https://www.jeffco.edu/,38.259889,-90.558954,2514
177719,Barnes-Jewish College Goldfarb School of Nursing,barnes-jewish-college-goldfarb-school-of-nursing,Saint Louis,MO,63110,FOUR_YEAR,https://www.barnesjewishcollege.edu/,38.637165,-90.258772,426
177746,Kansas City Art Institute,kansas-city-art-institute,Kansas City,MO,64111-1874,FOUR_YEAR,https://www.kcai.edu/,39.046353,-94.583594,782
177940,Lincoln University,lincoln-university-mo,Jefferson City,MO,65101,FOUR_YEAR,https://www.lincolnu.edu/,38.564431,-92.166724,1357
177968,Lindenwood University,lindenwood-university,Saint Charles,MO,63301-1695,FOUR_YEAR,https://www.lindenwood.edu/,38.785425,-90.501286,4748
177977,State Technical College of Missouri,state-technical-college-of-missouri,Linn,MO,65051-9607,TWO_YEAR,https://www.statetechmo.edu/,38.467699,-91.814259,2023
177986,Logan University,logan-university,Chesterfield,MO,63017,FOUR_YEAR,https://www.logan.edu/,38.63133,-90.542333,258
177995,Metropolitan Community College-Kansas City,metropolitan-community-college-kansas-city,Kansas City,MO,64111-2429,TWO_YEAR,https://www.mcckc.edu/,39.068668,-94.58966,10412
178059,Maryville University of Saint Louis,maryville-university-of-saint-louis,Saint Louis,MO,63141-7299,FOUR_YEAR,https://www.maryville.edu/,38.644774,-90.505998,5988
178208,Midwestern Baptist Theological Seminary,midwestern-baptist-theological-seminary,Kansas City,MO,64118-4697,FOUR_YEAR,https://www.mbts.edu/,39.185691,-94.573185,791
178217,Mineral Area College,mineral-area-college,Park Hills,MO,63601-1000,TWO_YEAR,https://mineralarea.edu/,37.845199,-90.481847,1530
178244,Missouri Baptist University,missouri-baptist-university,Saint Louis,MO,63141-8698,FOUR_YEAR,https://www.mobap.edu/,38.641526,-90.462586,1452
178341,Missouri Southern State University,missouri-southern-state-university,Joplin,MO,64801-1595,FOUR_YEAR,https://www.mssu.edu/,37.095155,-94.461689,3101
178369,Missouri Valley College,missouri-valley-college,Marshall,MO,65340,FOUR_YEAR,https://www.moval.edu/,39.108522,-93.190654,1274
178387,Missouri Western State University,missouri-western-state-university,Saint Joseph,MO,64507,FOUR_YEAR,https://www.missouriwestern.edu/,39.7575,-94.785643,2372
178396,University of Missouri-Columbia,university-of-missouri-columbia,Columbia,MO,65211,FOUR_YEAR,https://missouri.edu/,38.94531,-92.328843,23118
178402,University of Missouri-Kansas City,university-of-missouri-kansas-city,Kansas City,MO,64110,FOUR_YEAR,https://www.umkc.edu/,39.034179,-94.582141,6618
178411,Missouri University of Science and Technology,missouri-university-of-science-and-technology,Rolla,MO,65409,FOUR_YEAR,https://www.mst.edu/,37.954444,-91.77311,5467
178420,University of Missouri-St Louis,university-of-missouri-st-louis,Saint Louis,MO,63121-4400,FOUR_YEAR,https://www.umsl.edu/,38.710312,-90.311091,5108
178448,Moberly Area Community College,moberly-area-community-college,Moberly,MO,65270-1304,TWO_YEAR,https://www.macc.edu/,39.418607,-92.455064,2928
178615,Truman State University,truman-state-university,Kirksville,MO,63501-4221,FOUR_YEAR,https://www.truman.edu/,40.188267,-92.581658,2666
178624,Northwest Missouri State University,northwest-missouri-state-university,Maryville,MO,64468-6001,FOUR_YEAR,https://www.nwmissouri.edu/,40.351692,-94.883339,4550
178679,Ozark Christian College,ozark-christian-college,Joplin,MO,64801,FOUR_YEAR,https://www.occ.edu/,37.103172,-94.510622,612
178697,College of the Ozarks,college-of-the-ozarks,Point Lookout,MO,65726-0017,FOUR_YEAR,https://www.cofo.edu/,36.616019,-93.238174,1415
178721,Park University,park-university,Parkville,MO,64152-3795,FOUR_YEAR,https://www.park.edu/,39.189256,-94.679041,5250
178767,Stevens-The Institute of Business & Arts,stevens-the-institute-of-business-arts,Saint Louis,MO,63103,TWO_YEAR,https://www.siba.edu/,38.632917,-90.201157,95
178891,Ranken Technical College,ranken-technical-college,Saint Louis,MO,63113-2811,TWO_YEAR,https://www.ranken.edu/,38.653303,-90.248465,1695
178989,Research College of Nursing,research-college-of-nursing,Kansas City,MO,64132,FOUR_YEAR,https://researchcollege.edu/,39.006611,-94.556762,249
179043,Rockhurst University,rockhurst-university,Kansas City,MO,64110-2561,FOUR_YEAR,https://www.rockhurst.edu/,39.032318,-94.573003,1702
179159,Saint Louis University,saint-louis-university,Saint Louis,MO,63103-2097,FOUR_YEAR,https://www.slu.edu/,38.636801,-90.2351,7324
179265,University of Health Sciences and Pharmacy in St. Louis,university-of-health-sciences-and-pharmacy-in-st-louis,Saint Louis,MO,63110-1088,FOUR_YEAR,https://www.uhsp.edu/,38.636904,-90.260617,274
179308,Saint Louis Community College,saint-louis-community-college,Bridgeton,MO,63044,TWO_YEAR,https://www.stlcc.edu/,38.745678,-90.437078,11174
179326,Southwest Baptist University,southwest-baptist-university,Bolivar,MO,65613-2596,FOUR_YEAR,https://www.sbuniv.edu/,37.602425,-93.407056,1339
179344,Missouri State University-West Plains,missouri-state-university-west-plains,West Plains,MO,65775-2715,TWO_YEAR,https://wp.missouristate.edu/,36.729574,-91.857838,860
179539,State Fair Community College,state-fair-community-college,Sedalia,MO,65301-2199,TWO_YEAR,https://www.sfccmo.edu/,38.696423,-93.268028,2475
179548,Stephens College,stephens-college,Columbia,MO,65215,FOUR_YEAR,https://www.stephens.edu/,38.95204,-92.319204,353
179557,Southeast Missouri State University,southeast-missouri-state-university,Cape Girardeau,MO,63701,FOUR_YEAR,https://www.semo.edu/,37.311107,-89.531187,6588
179566,Missouri State University-Springfield,missouri-state-university-springfield,Springfield,MO,65897,FOUR_YEAR,https://www.missouristate.edu/,37.199258,-93.281281,13407
179645,Three Rivers College,three-rivers-college,Poplar Bluff,MO,63901,TWO_YEAR,https://trcc.edu/,36.776571,-90.429769,1909
179715,North Central Missouri College,north-central-missouri-college,Trenton,MO,64683,TWO_YEAR,https://www.ncmissouri.edu/,40.078096,-93.617353,1198
179867,Washington University in St Louis,washington-university-in-st-louis,St. Louis,MO,63130,FOUR_YEAR,https://washu.edu/,38.647929,-90.310604,7897
179894,Webster University,webster-university,Saint Louis,MO,63119-3194,FOUR_YEAR,https://www.webster.edu/,38.588875,-90.345151,2180
179946,Westminster College,westminster-college,Fulton,MO,65251-1299,FOUR_YEAR,https://www.wcmo.edu/,38.849354,-91.955273,592
179955,William Jewell College,william-jewell-college,Liberty,MO,64068-1896,FOUR_YEAR,https://www.jewell.edu/,39.247844,-94.413126,868
179964,William Woods University,william-woods-university,Fulton,MO,65251-2388,FOUR_YEAR,https://www.williamwoods.edu/,38.860287,-91.950416,1061
180054,Blackfeet Community College,blackfeet-community-college,Browning,MT,59417-0819,TWO_YEAR,https://bfcc.edu/,48.551927,-113.009387,240
180106,Carroll College,carroll-college,Helena,MT,59625-0002,FOUR_YEAR,https://www.carroll.edu/,46.600771,-112.040285,1052
180151,Dawson Community College,dawson-community-college,Glendive,MT,59330,TWO_YEAR,https://www.dawson.edu/,47.085396,-104.725485,226
180160,Chief Dull Knife College,chief-dull-knife-college,Lame Deer,MT,59043,TWO_YEAR,https://cdkc.edu/,45.625568,-106.664593,226
180179,Montana State University Billings,montana-state-university-billings,Billings,MT,59101-0298,FOUR_YEAR,https://www.msubillings.edu/,45.796896,-108.523009,2710
180197,Flathead Valley Community College,flathead-valley-community-college,Kalispell,MT,59901,TWO_YEAR,https://www.fvcc.edu/,48.227389,-114.327258,1169
180203,Aaniiih Nakoda College,aaniiih-nakoda-college,Harlem,MT,59526,TWO_YEAR,https://www.ancollege.edu/,48.484196,-108.757816,108
180212,Fort Peck Community College,fort-peck-community-college,Poplar,MT,59255-0398,TWO_YEAR,https://www.fpcc.edu/,48.113569,-105.193021,426
180249,Great Falls College Montana State University,great-falls-college-montana-state-university,Great Falls,MT,59405,TWO_YEAR,https://www.gfcmsu.edu/,47.485581,-111.269558,828
180258,University of Providence,university-of-providence,Great Falls,MT,59405-4996,FOUR_YEAR,https://www.uprovidence.edu/,47.490713,-111.270604,527
180276,Helena College University of Montana,helena-college-university-of-montana,Helena,MT,59601,TWO_YEAR,https://www.helenacollege.edu/,46.595384,-112.016035,641
180328,Little Big Horn College,little-big-horn-college,Crow Agency,MT,59022,TWO_YEAR,https://www.lbhc.edu/,45.603781,-107.455421,339
180373,Miles Community College,miles-community-college,Miles City,MT,59301-4774,TWO_YEAR,https://www.milescc.edu/,46.40526,-105.826524,353
180416,Montana Technological University,montana-technological-university,Butte,MT,59701-8997,FOUR_YEAR,https://www.mtech.edu/,46.012868,-112.559511,1428
180461,Montana State University,montana-state-university,Bozeman,MT,59717,FOUR_YEAR,https://www.montana.edu/,45.666726,-111.048812,14472
180489,The University of Montana,the-university-of-montana,Missoula,MT,59812,FOUR_YEAR,https://www.umt.edu/,46.859312,-113.982912,7079
180522,Montana State University-Northern,montana-state-university-northern,Havre,MT,59501,FOUR_YEAR,https://www.msun.edu/,48.54149,-109.687806,787
180595,Rocky Mountain College,rocky-mountain-college,Billings,MT,59102-1796,FOUR_YEAR,https://www.rocky.edu/,45.796522,-108.554075,790
180647,Salish Kootenai College,salish-kootenai-college,Pablo,MT,59855,TWO_YEAR,https://www.skc.edu/,47.598592,-114.111635,568
180692,The University of Montana-Western,the-university-of-montana-western,Dillon,MT,59725-3598,FOUR_YEAR,https://umwestern.edu/,45.208306,-112.639264,1271
180814,Bellevue University,bellevue-university,Bellevue,NE,68005-3098,FOUR_YEAR,https://www.bellevue.edu/,41.150225,-95.91764,10426
180832,Clarkson College,clarkson-college,Omaha,NE,68131-2739,FOUR_YEAR,https://www.clarksoncollege.edu/,41.259165,-95.974847,611
180878,Bryan College of Health Sciences,bryan-college-of-health-sciences,Lincoln,NE,68506,FOUR_YEAR,https://www.bryanhealthcollege.edu/bcohs/,40.796768,-96.651532,534
180948,Chadron State College,chadron-state-college,Chadron,NE,69337-2690,FOUR_YEAR,https://www.csc.edu/,42.8199,-103.001615,1634
180984,Concordia University-Nebraska,concordia-university-nebraska,Seward,NE,68434-1556,FOUR_YEAR,https://www.cune.edu/,40.914853,-97.089054,1270
181002,Creighton University,creighton-university,Omaha,NE,68178,FOUR_YEAR,https://www.creighton.edu/,41.265361,-95.947811,4231
181020,Doane University,doane-university,Crete,NE,68333,FOUR_YEAR,https://www.doane.edu/,40.622952,-96.950932,981
181127,Hastings College,hastings-college,Hastings,NE,68901,FOUR_YEAR,https://www.hastings.edu/,40.59025,-98.374403,957
181145,CHI Health School of Radiologic Technology,chi-health-school-of-radiologic-technology,Omaha,NE,68122,FOUR_YEAR,https://www.chihealth.com/school-of-radiologic-technology,41.32206,-96.020431,25
181215,University of Nebraska at Kearney,university-of-nebraska-at-kearney,Kearney,NE,68849-1212,FOUR_YEAR,https://www.unk.edu/,40.701452,-99.098699,4130
181297,Nebraska Methodist College of Nursing & Allied Health,nebraska-methodist-college-of-nursing-allied-health,Omaha,NE,68114-2852,FOUR_YEAR,https://www.methodistcollege.edu/,41.265973,-96.048511,752
181303,Metropolitan Community College Area,metropolitan-community-college-area,Omaha,NE,68111-1610,TWO_YEAR,https://www.mccneb.edu/,41.310451,-95.957829,7629
181312,Mid-Plains Community College,mid-plains-community-college,North Platte,NE,69101,TWO_YEAR,https://www.mpcc.edu/,41.092717,-100.7715,923
181330,Midland University,midland-university,Fremont,NE,68025,FOUR_YEAR,https://www.midlandu.edu/,41.43674,-96.488008,1191
181394,University of Nebraska at Omaha,university-of-nebraska-at-omaha,Omaha,NE,68182-0225,FOUR_YEAR,https://www.unomaha.edu/,41.258769,-96.008516,11573
181419,Nebraska Indian Community College,nebraska-indian-community-college,Macy,NE,68039-0428,TWO_YEAR,https://www.thenicc.edu/,42.11677,-96.35176,330
181428,University of Nebraska Medical Center,university-of-nebraska-medical-center,Omaha,NE,68198-7815,FOUR_YEAR,https://www.unmc.edu/,41.256312,-95.973966,861
181446,Nebraska Wesleyan University,nebraska-wesleyan-university,Lincoln,NE,68504-2794,FOUR_YEAR,https://www.nebrwesleyan.edu/,40.839098,-96.64831,1514
181464,University of Nebraska-Lincoln,university-of-nebraska-lincoln,Lincoln,NE,68588-0419,FOUR_YEAR,https://www.unl.edu/,40.817598,-96.700508,18887
181491,Northeast Community College,northeast-community-college,Norfolk,NE,68702-0469,TWO_YEAR,https://northeast.edu/,42.048647,-97.396578,2464
181534,Peru State College,peru-state-college,Peru,NE,68421-0010,FOUR_YEAR,https://www.peru.edu/,40.474689,-95.732731,1141
181543,Summit Christian College,summit-christian-college,Gering,NE,69341,FOUR_YEAR,https://www.summitcc.edu/,41.829274,-103.675715,17
181604,College of Saint Mary,college-of-saint-mary,Omaha,NE,68106,FOUR_YEAR,https://www.csm.edu/,41.240028,-96.021425,455
181640,Southeast Community College Area,southeast-community-college-area,Lincoln,NE,68520-1229,TWO_YEAR,https://www.southeast.edu/,40.816133,-96.60203,6235
181738,Union Adventist University,union-adventist-university,Lincoln,NE,68506,FOUR_YEAR,https://www.uau.edu/,40.774778,-96.651095,439
181765,Nebraska College of Technical Agriculture,nebraska-college-of-technical-agriculture,Curtis,NE,69025-9552,TWO_YEAR,https://ncta.unl.edu/,40.635454,-100.510409,228
181783,Wayne State College,wayne-state-college,Wayne,NE,68787,FOUR_YEAR,https://www.wsc.edu/,42.241556,-97.015122,3041
181817,Western Nebraska Community College,western-nebraska-community-college,Scottsbluff,NE,69361-1899,TWO_YEAR,https://www.wncc.edu/,41.875705,-103.64249,948
181853,York University,york-university,York,NE,68467-2699,FOUR_YEAR,https://www.york.edu/,40.869526,-97.579352,443
182005,College of Southern Nevada,college-of-southern-nevada,Las Vegas,NV,89146-1164,TWO_YEAR,https://www.csn.edu/,36.158114,-115.233099,27790
182281,University of Nevada-Las Vegas,university-of-nevada-las-vegas,Las Vegas,NV,89154,FOUR_YEAR,https://www.unlv.edu/,36.106047,-115.138462,24131
182290,University of Nevada-Reno,university-of-nevada-reno,Reno,NV,89557,FOUR_YEAR,https://www.unr.edu/,39.543642,-119.815377,15723
182634,Colby-Sawyer College,colby-sawyer-college,New London,NH,03257-7835,FOUR_YEAR,https://www.colby-sawyer.edu/,43.411663,-71.975805,778
182670,Dartmouth College,dartmouth-college,Hanover,NH,03755-3529,FOUR_YEAR,https://dartmouth.edu/,43.704115,-72.289949,4367
182795,Franklin Pierce University,franklin-pierce-university,Rindge,NH,03461-0060,FOUR_YEAR,https://www.franklinpierce.edu/,42.78014,-72.058011,1055
182917,Magdalen College,magdalen-college,Warner,NH,03278-4012,FOUR_YEAR,https://www.magdalen.edu/,43.314908,-71.834444,58
182980,New England College,new-england-college,Henniker,NH,03242,FOUR_YEAR,https://www.nec.edu/,43.176403,-71.822282,980
183026,Southern New Hampshire University,southern-new-hampshire-university,Manchester,NH,03106-1045,FOUR_YEAR,https://www.snhu.edu/,43.038922,-71.451842,156755
183044,University of New Hampshire-Main Campus,university-of-new-hampshire-main-campus,Durham,NH,03824-3547,FOUR_YEAR,https://www.unh.edu/,43.135934,-70.932465,11230
183062,Keene State College,keene-state-college,Keene,NH,03435-1506,FOUR_YEAR,https://www.keene.edu/,42.926452,-72.279276,2680
183071,University of New Hampshire at Manchester,university-of-new-hampshire-at-manchester,Manchester,NH,03101-1113,FOUR_YEAR,https://manchester.unh.edu/,42.987209,-71.468755,486
183080,Plymouth State University,plymouth-state-university,Plymouth,NH,03264-1595,FOUR_YEAR,https://www.plymouth.edu/,43.759573,-71.690164,3298
183099,NHTI-Concord's Community College,nhti-concord-s-community-college,Concord,NH,03301-7412,TWO_YEAR,https://www.nhti.edu/,43.223621,-71.531979,2186
183114,River Valley Community College,river-valley-community-college,Claremont,NH,03743-9707,TWO_YEAR,https://www.rivervalley.edu/,43.399046,-72.333114,610
183123,Lakes Region Community College,lakes-region-community-college,Laconia,NH,03246,TWO_YEAR,https://www.lrcc.edu/,43.507568,-71.462602,493
183132,Manchester Community College,manchester-community-college,Manchester,NH,03102-8518,TWO_YEAR,https://www.mccnh.edu/,43.019823,-71.483534,1610
183141,Nashua Community College,nashua-community-college,Nashua,NH,03063-1026,TWO_YEAR,https://nashuacc.edu/,42.794576,-71.523462,1039
183150,Great Bay Community College,great-bay-community-college,Portsmouth,NH,03801-2879,TWO_YEAR,https://www.greatbay.edu/,43.072093,-70.798969,1262
183211,Rivier University,rivier-university,Nashua,NH,03060,FOUR_YEAR,https://www.rivier.edu/,42.738676,-71.45626,1312
183239,Saint Anselm College,saint-anselm-college,Manchester,NH,03102-1310,FOUR_YEAR,https://www.anselm.edu/,42.986889,-71.503622,2032
183248,St Joseph School of Nursing,st-joseph-school-of-nursing,Nashua,NH,03060,TWO_YEAR,https://www.sjson.edu/,42.750142,-71.478401,89
183257,University of New Hampshire College of Professional Studies Online,university-of-new-hampshire-college-of-professional-studies-online,Manchester,NH,03101,FOUR_YEAR,https://cps.unh.edu/online,42.987209,-71.468755,1019
183275,Thomas More College of Liberal Arts,thomas-more-college-of-liberal-arts,Merrimack,NH,03054,FOUR_YEAR,https://www.thomasmorecollege.edu/,42.80683,-71.48437,95
183488,Eastwick College-Hackensack,eastwick-college-hackensack,Hackensack,NJ,07601,TWO_YEAR,https://www.eastwickcollege.edu/,40.885847,-74.040491,874
183600,Assumption College for Sisters,assumption-college-for-sisters,Denville,NJ,07834,TWO_YEAR,https://www.acs350.org/,40.905857,-74.490693,35
183655,Atlantic Cape Community College,atlantic-cape-community-college,Mays Landing,NJ,08330-2699,TWO_YEAR,https://atlanticcape.edu/,39.462081,-74.680019,3860
183743,Bergen Community College,bergen-community-college,Paramus,NJ,07652-1595,TWO_YEAR,https://www.bergen.edu/,40.951782,-74.088804,10597
183789,Berkeley College-Woodland Park,berkeley-college-woodland-park,Woodland Park,NJ,07424,FOUR_YEAR,https://berkeleycollege.edu/,40.898587,-74.189483,1798
183804,Beth Medrash Govoha,beth-medrash-govoha,Lakewood,NJ,08701-2754,FOUR_YEAR,https://bmg.edu/,40.095672,-74.221328,3532
183822,Bloomfield College of Montclair State University,bloomfield-college-of-montclair-state-university,Bloomfield,NJ,07003,FOUR_YEAR,https://www.bloomfield.edu/,40.795105,-74.194309,901
183859,Brookdale Community College,brookdale-community-college,Lincroft,NJ,07738-1597,TWO_YEAR,https://www.brookdalecc.edu/,40.324906,-74.132746,7898
183877,Rowan College at Burlington County,rowan-college-at-burlington-county,Mount Laurel,NJ,08054-1599,TWO_YEAR,https://www.rcbc.edu/,39.972205,-74.894464,6174
183910,Caldwell University,caldwell-university,Caldwell,NJ,07006-6195,FOUR_YEAR,https://www.caldwell.edu/,40.832753,-74.272571,1437
183938,Camden County College,camden-county-college,Blackwood,NJ,08012,TWO_YEAR,https://www.camdencc.edu/,39.784874,-75.038381,6555
183974,Centenary University,centenary-university,Hackettstown,NJ,07840,FOUR_YEAR,https://www.centenaryuniversity.edu/,40.84764,-74.833644,934
184180,County College of Morris,county-college-of-morris,Randolph,NJ,07869-2086,TWO_YEAR,https://www.ccm.edu/,40.859141,-74.579873,5315
184205,Rowan College of South Jersey-Cumberland Campus,rowan-college-of-south-jersey-cumberland-campus,Vineland,NJ,08362-1500,TWO_YEAR,https://rcsj.edu/,39.440537,-75.057829,2077
184348,Drew University,drew-university,Madison,NJ,07940,FOUR_YEAR,https://www.drew.edu/,40.761829,-74.424584,1510
184481,Essex County College,essex-county-college,Newark,NJ,07102,TWO_YEAR,https://www.essex.edu/,40.738444,-74.178234,5643
184603,Fairleigh Dickinson University-Metropolitan Campus,fairleigh-dickinson-university-metropolitan-campus,Teaneck,NJ,07666,FOUR_YEAR,https://www.fdu.edu/,40.897209,-74.028986,2578
184612,Felician University,felician-university,Lodi,NJ,07644,FOUR_YEAR,https://www.felician.edu/,40.867272,-74.096452,1754
184694,Fairleigh Dickinson University-Florham Campus,fairleigh-dickinson-university-florham-campus,Madison,NJ,07940,FOUR_YEAR,https://www.fdu.edu/,40.774498,-74.432121,1958
184773,Georgian Court University,georgian-court-university,Lakewood,NJ,08701-2697,FOUR_YEAR,https://georgian.edu/,40.099617,-74.228186,1174
184782,Rowan University,rowan-university,Glassboro,NJ,08028,FOUR_YEAR,https://www.rowan.edu/,39.709108,-75.119119,14647
184791,Rowan College of South Jersey-Gloucester Campus,rowan-college-of-south-jersey-gloucester-campus,Sewell,NJ,08080,TWO_YEAR,https://rcsj.edu/,39.781339,-75.121269,4424
184959,Eastwick College-Ramsey,eastwick-college-ramsey,Ramsey,NJ,07446-2551,TWO_YEAR,https://www.eastwickcollege.edu/,41.057866,-74.131486,929
184995,Hudson County Community College,hudson-county-community-college,Jersey City,NJ,07306,TWO_YEAR,https://www.hccc.edu/,40.7303,-74.062903,6386
185129,New Jersey City University,new-jersey-city-university,Jersey City,NJ,07305,FOUR_YEAR,https://www.njcu.edu/,40.709937,-74.08727,4076
185262,Kean University,kean-university,Union,NJ,07083,FOUR_YEAR,https://www.kean.edu/,40.677981,-74.233503,10842
185509,Mercer County Community College,mercer-county-community-college,West Windsor,NJ,08550-3407,TWO_YEAR,https://www.mccc.edu/,40.254398,-74.650719,5169
185536,Middlesex College,middlesex-college,Edison,NJ,08837,TWO_YEAR,https://www.middlesexcollege.edu/,40.504728,-74.366544,8321
185572,Monmouth University,monmouth-university,West Long Branch,NJ,07764-1898,FOUR_YEAR,https://www.monmouth.edu/,40.280066,-74.006447,3831
185590,Montclair State University,montclair-state-university,Montclair,NJ,07043-1624,FOUR_YEAR,https://www.montclair.edu/,40.860414,-74.198141,17677
185721,Eastwick College-Nutley,eastwick-college-nutley,Nutley,NJ,07110,TWO_YEAR,https://www.eastwickcollege.edu/,40.810742,-74.144192,456
185828,New Jersey Institute of Technology,new-jersey-institute-of-technology,Newark,NJ,07102,FOUR_YEAR,https://www.njit.edu/,40.741997,-74.177113,8762
185873,Ocean County College,ocean-county-college,Toms River,NJ,08754-2001,TWO_YEAR,https://www.ocean.edu/,40.007809,-74.16549,5566
186034,Passaic County Community College,passaic-county-community-college,Paterson,NJ,07505-1179,TWO_YEAR,https://web.pccc.edu/,40.918449,-74.168778,4546
186131,Princeton University,princeton-university,Princeton,NJ,08544-0070,FOUR_YEAR,https://www.princeton.edu/,40.348732,-74.659365,5579
186186,Rabbinical College of America,rabbinical-college-of-america,Morristown,NJ,07960-3600,FOUR_YEAR,https://www.rca.edu/,40.805705,-74.49878,197
186201,Ramapo College of New Jersey,ramapo-college-of-new-jersey,Mahwah,NJ,07430-1680,FOUR_YEAR,https://www.ramapo.edu/,41.080942,-74.174086,4664
186283,Rider University,rider-university,Lawrenceville,NJ,08648-3099,FOUR_YEAR,https://www.rider.edu/,40.278796,-74.737833,3192
186371,Rutgers University-Camden,rutgers-university-camden,Camden,NJ,08102,FOUR_YEAR,https://camden.rutgers.edu/,39.948064,-75.12224,3819
186380,Rutgers University-New Brunswick,rutgers-university-new-brunswick,New Brunswick,NJ,08901-1281,FOUR_YEAR,https://newbrunswick.rutgers.edu/,40.498769,-74.446251,36357
186399,Rutgers University-Newark,rutgers-university-newark,Newark,NJ,07102,FOUR_YEAR,https://www.newark.rutgers.edu/,40.739122,-74.175809,7187
186432,Saint Peter's University,saint-peter-s-university,Jersey City,NJ,07306-5997,FOUR_YEAR,https://www.saintpeters.edu/,40.727105,-74.071541,1939
186469,Salem Community College,salem-community-college,Carneys Point,NJ,08069-2799,TWO_YEAR,https://www.salemcc.edu/,39.698756,-75.47013,908
186584,Seton Hall University,seton-hall-university,South Orange,NJ,07079-2697,FOUR_YEAR,https://www.shu.edu/,40.742336,-74.246027,5924
186618,Saint Elizabeth University,saint-elizabeth-university,Morristown,NJ,07960,FOUR_YEAR,https://www.steu.edu/,40.78182,-74.438221,636
186645,Raritan Valley Community College,raritan-valley-community-college,Branchburg,NJ,08876,TWO_YEAR,https://www.raritanval.edu/,40.609681,-74.688127,5272
186867,Stevens Institute of Technology,stevens-institute-of-technology,Hoboken,NJ,07030-5991,FOUR_YEAR,https://www.stevens.edu/,40.744776,-74.025334,4084
186876,Stockton University,stockton-university,Galloway,NJ,08205-9441,FOUR_YEAR,https://www.stockton.edu/,39.492036,-74.531087,7770
186900,Talmudical Academy-New Jersey,talmudical-academy-new-jersey,Adelphia,NJ,07710,FOUR_YEAR,https://talmudicalacademynj.com/,40.217456,-74.250167,78
187046,Thomas Edison State University,thomas-edison-state-university,Trenton,NJ,08608,FOUR_YEAR,https://www.tesu.edu/,40.220487,-74.768562,6685
187134,The College of New Jersey,the-college-of-new-jersey,Ewing,NJ,08628-7718,FOUR_YEAR,https://www.tcnj.edu/,40.268651,-74.778791,6831
187198,UCNJ Union College of Union County New Jersey,ucnj-union-college-of-union-county-new-jersey,Cranford,NJ,07016-1528,TWO_YEAR,https://www.ucc.edu/,40.668595,-74.319138,7760
187444,William Paterson University of New Jersey,william-paterson-university-of-new-jersey,Wayne,NJ,07470,FOUR_YEAR,https://www.wpunj.edu/,40.945255,-74.200248,6526
187620,New Mexico State University-Dona Ana,new-mexico-state-university-dona-ana,Las Cruces,NM,88011,TWO_YEAR,https://dacc.nmsu.edu/,32.354486,-106.737172,4812
187648,Eastern New Mexico University-Main Campus,eastern-new-mexico-university-main-campus,Portales,NM,88130,FOUR_YEAR,https://www.enmu.edu/,34.175592,-103.34819,3186
187745,Institute of American Indian and Alaska Native Culture and Arts Development,institute-of-american-indian-and-alaska-native-culture-and-arts-development,Santa Fe,NM,87508-1300,FOUR_YEAR,https://iaia.edu/,35.586563,-106.010015,307
187897,New Mexico Highlands University,new-mexico-highlands-university,Las Vegas,NM,87701,FOUR_YEAR,https://www.nmhu.edu/,35.596233,-105.219197,1561
187903,New Mexico Junior College,new-mexico-junior-college,Hobbs,NM,88240,TWO_YEAR,https://www.nmjc.edu/,32.757808,-103.182896,2034
187912,New Mexico Military Institute,new-mexico-military-institute,Roswell,NM,88201-5173,TWO_YEAR,https://www.nmmi.edu/,33.409617,-104.524448,342
187958,University of New Mexico-Gallup Campus,university-of-new-mexico-gallup-campus,Gallup,NM,87301,TWO_YEAR,https://www.gallup.unm.edu/,35.502662,-108.727252,891
187967,New Mexico Institute of Mining and Technology,new-mexico-institute-of-mining-and-technology,Socorro,NM,87801,FOUR_YEAR,https://www.nmt.edu/,34.067041,-106.905211,1122
187976,University of New Mexico-Los Alamos Campus,university-of-new-mexico-los-alamos-campus,Los Alamos,NM,87544,TWO_YEAR,https://losalamos.unm.edu/,35.886153,-106.319557,238
187985,University of New Mexico-Main Campus,university-of-new-mexico-main-campus,Albuquerque,NM,87131,FOUR_YEAR,https://www.unm.edu/,35.083868,-106.620155,16686
187994,New Mexico State University-Alamogordo,new-mexico-state-university-alamogordo,Alamogordo,NM,88310,TWO_YEAR,https://alamogordo.nmsu.edu/,32.92033,-105.926241,569
188003,Southeast New Mexico College,southeast-new-mexico-college,Carlsbad,NM,88220,TWO_YEAR,https://senmc.edu/,32.442028,-104.265536,426
188021,New Mexico State University-Grants,new-mexico-state-university-grants,Grants,NM,87020-2025,TWO_YEAR,https://grants.nmsu.edu/,35.165965,-107.843638,351
188030,New Mexico State University-Main Campus,new-mexico-state-university-main-campus,Las Cruces,NM,88003-8001,FOUR_YEAR,https://www.nmsu.edu/,32.281568,-106.752069,11561
188049,University of New Mexico-Valencia County Campus,university-of-new-mexico-valencia-county-campus,Los Lunas,NM,87031-7633,TWO_YEAR,https://valencia.unm.edu/,34.728683,-106.705371,505
188058,Northern New Mexico College,northern-new-mexico-college,Espanola,NM,87532,FOUR_YEAR,https://nnmc.edu/,36.004073,-106.084395,859
188182,University of the Southwest,university-of-the-southwest,Hobbs,NM,88240,FOUR_YEAR,https://www.usw.edu/,32.775496,-103.186948,337
188216,Southwestern Indian Polytechnic Institute,southwestern-indian-polytechnic-institute,Albuquerque,NM,87120-3101,TWO_YEAR,https://www.sipi.edu/,35.176084,-106.664475,233
188304,Western New Mexico University,western-new-mexico-university,Silver City,NM,88061,FOUR_YEAR,https://wnmu.edu/,32.7767,-108.283284,1935
188340,Vaughn College of Aeronautics and Technology,vaughn-college-of-aeronautics-and-technology,Flushing,NY,11369,TWO_YEAR,https://www.vaughn.edu/,40.768348,-73.881721,1104
188429,Adelphi University,adelphi-university,Garden City,NY,11530-0701,FOUR_YEAR,https://www.adelphi.edu/,40.721439,-73.653321,5077
188438,SUNY Adirondack,suny-adirondack,Queensbury,NY,12804-1445,TWO_YEAR,https://www.sunyacc.edu/,43.351839,-73.654813,1959
188517,Bryant & Stratton College-Albany,bryant-stratton-college-albany,Albany,NY,12205,TWO_YEAR,https://www.bryantstratton.edu/,42.698125,-73.809977,224
188526,Albany College of Pharmacy and Health Sciences,albany-college-of-pharmacy-and-health-sciences,Albany,NY,12208-3492,FOUR_YEAR,https://www.acphs.edu/,42.650371,-73.779063,509
188641,Alfred University,alfred-university,Alfred,NY,14802-1205,FOUR_YEAR,https://www.alfred.edu/,42.254476,-77.788106,1401
188678,American Academy of Dramatic Arts-New York,american-academy-of-dramatic-arts-new-york,New York,NY,10016,TWO_YEAR,https://www.aada.edu/,40.745545,-73.984843,225
188687,American Academy McAllister Institute of Funeral Service,american-academy-mcallister-institute-of-funeral-service,New York,NY,10036,TWO_YEAR,https://www.funeraleducation.org/,40.757105,-73.986466,282
188915,Arnot Ogden Medical Center,arnot-ogden-medical-center,Elmira,NY,14905-1676,TWO_YEAR,https://www.arnothealth.org/,42.101171,-76.828062,29
189088,Bard College,bard-college,Annandale-On-Hudson,NY,12504-5000,FOUR_YEAR,https://www.bard.edu/,42.020386,-73.909927,2280
189097,Barnard College,barnard-college,New York,NY,10027-6598,FOUR_YEAR,https://www.barnard.edu/,40.810098,-73.963346,3219
189228,Berkeley College-New York,berkeley-college-new-york,New York,NY,10017,FOUR_YEAR,https://berkeleycollege.edu/,40.753986,-73.979458,1514
189273,Beth Hamedrash Shaarei Yosher Institute,beth-hamedrash-shaarei-yosher-institute,Brooklyn,NY,11204,TWO_YEAR,https://bhsy.edu/,40.635444,-73.981202,83
189282,Mount Sinai Phillips School of Nursing,mount-sinai-phillips-school-of-nursing,New York,NY,10035-6354,FOUR_YEAR,https://www.pson.edu/,40.804778,-73.936639,273
189413,Boricua College,boricua-college,New York,NY,10032-1560,FOUR_YEAR,https://www.boricuacollege.edu/,40.833434,-73.9458,401
189547,SUNY Broome Community College,suny-broome-community-college,Binghamton,NY,13901-1001,TWO_YEAR,https://www.sunybroome.edu/,42.135872,-75.908065,3203
189565,Bryant & Stratton College-Syracuse North,bryant-stratton-college-syracuse-north,Liverpool,NY,13090,TWO_YEAR,https://www.bryantstratton.edu/,43.149337,-76.230807,454
189583,Bryant & Stratton College-Buffalo,bryant-stratton-college-buffalo,Buffalo,NY,14203,TWO_YEAR,https://www.bryantstratton.edu/,42.887197,-78.869108,656
189592,Bryant & Stratton College-Greece,bryant-stratton-college-greece,Rochester,NY,14612,TWO_YEAR,https://www.bryantstratton.edu/,43.240547,-77.69559,320
189705,Canisius University,canisius-university,Buffalo,NY,14208-1098,FOUR_YEAR,https://www.canisius.edu/,42.925206,-78.852577,1768
189811,St Paul's School of Nursing-Queens,st-paul-s-school-of-nursing-queens,Rego Park,NY,11374,TWO_YEAR,https://www.stpaulsschoolofnursing.edu/,40.72921,-73.858441,945
189839,Cayuga County Community College,cayuga-county-community-college,Auburn,NY,13021-3099,TWO_YEAR,https://www.cayuga-cc.edu/,42.943726,-76.542867,1146
189857,Central Yeshiva Tomchei Tmimim Lubavitz,central-yeshiva-tomchei-tmimim-lubavitz,Brooklyn,NY,11213-2798,FOUR_YEAR,https://cyttl.edu/,40.669694,-73.938778,810
190044,Clarkson University,clarkson-university,Potsdam,NY,13699,FOUR_YEAR,https://www.clarkson.edu/,44.662716,-74.999359,2449
190053,Clinton Community College,clinton-community-college,Plattsburgh,NY,12901,TWO_YEAR,https://www.clinton.edu/,44.64841,-73.439739,388
190071,Cochran School of Nursing,cochran-school-of-nursing,Yonkers,NY,10701,TWO_YEAR,https://www.cochranschoolofnursing.us/,40.969116,-73.885705,112
190099,Colgate University,colgate-university,Hamilton,NY,13346-1398,FOUR_YEAR,https://www.colgate.edu/,42.819475,-75.536346,3122
190114,Metropolitan College of New York,metropolitan-college-of-new-york,New York,NY,10006-1742,FOUR_YEAR,https://www.mcny.edu/,40.708706,-74.014702,430
190150,Columbia University in the City of New York,columbia-university-in-the-city-of-new-york,New York,NY,10027,FOUR_YEAR,https://www.columbia.edu/,40.808286,-73.961885,8899
190169,Columbia-Greene Community College,columbia-greene-community-college,Hudson,NY,12534,TWO_YEAR,https://www.columbiagreene.edu/,42.217613,-73.818113,900
190372,The Cooper Union for the Advancement of Science and Art,the-cooper-union-for-the-advancement-of-science-and-art,New York,NY,10003-7120,FOUR_YEAR,https://www.cooper.edu/,40.728148,-73.991609,891
190415,Cornell University,cornell-university,Ithaca,NY,14853,FOUR_YEAR,https://www.cornell.edu/,42.4472,-76.483084,15935
190442,SUNY Corning Community College,suny-corning-community-college,Corning,NY,14830,TWO_YEAR,https://www.corning-cc.edu/,42.116736,-77.072138,1249
190451,Pomeroy College of Nursing at Crouse Hospital,pomeroy-college-of-nursing-at-crouse-hospital,East Syracuse,NY,13057-1687,TWO_YEAR,https://www.crouse.org/nursing,43.101054,-76.056002,179
190503,Culinary Institute of America,culinary-institute-of-america,Hyde Park,NY,12538-1499,TWO_YEAR,https://www.ciachef.edu/,41.745806,-73.933231,2988
190512,CUNY Bernard M Baruch College,cuny-bernard-m-baruch-college,New York,NY,10010,FOUR_YEAR,https://www.baruch.cuny.edu/,40.740238,-73.983417,15734
190521,CUNY Borough of Manhattan Community College,cuny-borough-of-manhattan-community-college,New York,NY,10007,TWO_YEAR,https://www.bmcc.cuny.edu/,40.71879,-74.011826,16850
190530,CUNY Bronx Community College,cuny-bronx-community-college,Bronx,NY,10453,TWO_YEAR,https://www.bcc.cuny.edu/,40.858112,-73.912043,5766
190549,CUNY Brooklyn College,cuny-brooklyn-college,Brooklyn,NY,11210,FOUR_YEAR,https://www.brooklyn.edu/,40.631517,-73.949898,10443
190558,College of Staten Island CUNY,college-of-staten-island-cuny,Staten Island,NY,10314,FOUR_YEAR,https://www.csi.cuny.edu/,40.601831,-74.14849,9387
190567,CUNY City College,cuny-city-college,New York,NY,10031,FOUR_YEAR,https://www.ccny.cuny.edu/,40.819846,-73.948542,11934
190576,CUNY Graduate School and University Center,cuny-graduate-school-and-university-center,New York,NY,10016,FOUR_YEAR,https://www.gc.cuny.edu/,40.748612,-73.983822,3067
190585,CUNY Hostos Community College,cuny-hostos-community-college,Bronx,NY,10451,TWO_YEAR,https://www.hostos.cuny.edu/,40.81812,-73.926759,4883
190594,CUNY Hunter College,cuny-hunter-college,New York,NY,10065,FOUR_YEAR,https://www.hunter.cuny.edu/,40.768669,-73.964795,16642
190600,CUNY John Jay College of Criminal Justice,cuny-john-jay-college-of-criminal-justice,New York,NY,10019,FOUR_YEAR,https://www.jjay.cuny.edu/,40.770351,-73.98841,11340
190619,CUNY Kingsborough Community College,cuny-kingsborough-community-college,Brooklyn,NY,11235,TWO_YEAR,https://www.kbcc.cuny.edu/,40.577222,-73.935812,7632
190628,CUNY LaGuardia Community College,cuny-laguardia-community-college,Long Island City,NY,11101,TWO_YEAR,https://www.lagcc.cuny.edu/,40.7445,-73.935057,10556
190637,CUNY Lehman College,cuny-lehman-college,Bronx,NY,10468,FOUR_YEAR,https://www.lehman.edu/,40.872962,-73.895379,10438
190646,CUNY Medgar Evers College,cuny-medgar-evers-college,Brooklyn,NY,11225,FOUR_YEAR,https://www.mec.cuny.edu/,40.666256,-73.957076,3404
190655,CUNY New York City College of Technology,cuny-new-york-city-college-of-technology,Brooklyn,NY,11201,FOUR_YEAR,https://www.citytech.cuny.edu/,40.695483,-73.987856,12950
190664,CUNY Queens College,cuny-queens-college,Queens,NY,11367,FOUR_YEAR,https://www.qc.cuny.edu/,40.736416,-73.820053,13060
190673,CUNY Queensborough Community College,cuny-queensborough-community-college,Bayside,NY,11364-1497,TWO_YEAR,https://www.qcc.cuny.edu/,40.755481,-73.756656,8803
190691,CUNY York College,cuny-york-college,Jamaica,NY,11451,FOUR_YEAR,https://www.york.cuny.edu/,40.701576,-73.796313,4439
190716,D'Youville  University,d-youville-university,Buffalo,NY,14201-1084,FOUR_YEAR,https://www.dyu.edu/,42.902636,-78.890868,1299
190725,Daemen University,daemen-university,Amherst,NY,14226-3592,FOUR_YEAR,https://www.daemen.edu/,42.965605,-78.788111,1761
190752,Yeshiva of Far Rockaway Derech Ayson Rabbinical Seminary,yeshiva-of-far-rockaway-derech-ayson-rabbinical-seminary,Far Rockaway,NY,11691-5219,FOUR_YEAR,https://www.yofr.org/,40.60049,-73.743901,57
190761,Dominican University New York,dominican-university-new-york,Orangeburg,NY,10962-1210,FOUR_YEAR,https://www.duny.edu/,41.047419,-73.950555,1083
190840,Dutchess Community College,dutchess-community-college,Poughkeepsie,NY,12601-1595,TWO_YEAR,https://www.sunydutchess.edu/,41.724245,-73.904652,3696
190956,Belanger School of Nursing,belanger-school-of-nursing,Schenectady,NY,12304,TWO_YEAR,https://www.ellismedicine.org/school-of-nursing/,42.802979,-73.915884,132
190983,Elmira College,elmira-college,Elmira,NY,14901,FOUR_YEAR,https://www.elmira.edu/,42.0961,-76.813459,583
191083,Erie Community College,erie-community-college,Buffalo,NY,14203-2698,TWO_YEAR,https://www.ecc.edu/,42.881771,-78.872679,5906
191126,Fashion Institute of Technology,fashion-institute-of-technology,New York,NY,10001-5992,TWO_YEAR,https://www.fitnyc.edu/,40.74731,-73.994781,7575
191199,Finger Lakes Community College,finger-lakes-community-college,Canandaigua,NY,14424-8395,TWO_YEAR,https://www.flcc.edu/,42.867556,-77.241801,2900
191205,Five Towns College,five-towns-college,Dix Hills,NY,11746-5871,FOUR_YEAR,https://www.ftc.edu/,40.794506,-73.369348,533
191241,Fordham University,fordham-university,Bronx,NY,10458,FOUR_YEAR,https://www.fordham.edu/,40.859354,-73.882705,10239
191302,Fulton-Montgomery Community College,fulton-montgomery-community-college,Johnstown,NY,12095-3790,TWO_YEAR,https://www.fmcc.edu/,42.983805,-74.297492,953
191339,Genesee Community College,genesee-community-college,Batavia,NY,14020-9704,TWO_YEAR,https://www.genesee.edu/,43.017016,-78.138079,1966
191515,Hamilton College,hamilton-college,Clinton,NY,13323,FOUR_YEAR,https://www.hamilton.edu/,43.050245,-75.408195,2045
191533,Hartwick College,hartwick-college,Oneonta,NY,13820-4020,FOUR_YEAR,https://www.hartwick.edu/,42.457599,-75.071994,1099
191597,Helene Fuld College of Nursing,helene-fuld-college-of-nursing,New York,NY,10035-2737,TWO_YEAR,https://www.helenefuld.edu/,40.802495,-73.943356,722
191612,Herkimer County Community College,herkimer-county-community-college,Herkimer,NY,13350-1598,TWO_YEAR,https://www.herkimer.edu/,43.032738,-75.007206,1144
191621,Hilbert College,hilbert-college,Hamburg,NY,14075-1597,FOUR_YEAR,https://www.hilbert.edu/,42.75464,-78.820257,922
191630,Hobart William Smith Colleges,hobart-william-smith-colleges,Geneva,NY,14456,FOUR_YEAR,https://www.hws.edu/,42.858131,-76.985516,1606
191649,Hofstra University,hofstra-university,Hempstead,NY,11549,FOUR_YEAR,https://www.hofstra.edu/,40.715959,-73.60078,6155
191676,Houghton University,houghton-university,Houghton,NY,14744,FOUR_YEAR,https://www.houghton.edu/,42.426137,-78.155426,867
191719,Hudson Valley Community College,hudson-valley-community-college,Troy,NY,12180,TWO_YEAR,https://www.hvcc.edu/,42.696509,-73.683734,6359
191931,Iona University,iona-university,New Rochelle,NY,10801-1890,FOUR_YEAR,https://www.iona.edu/,40.925725,-73.788046,2731
191959,Island Drafting and Technical Institute,island-drafting-and-technical-institute,Amityville,NY,11701-2704,TWO_YEAR,https://www.idti.edu/,40.6756,-73.416761,53
191968,Ithaca College,ithaca-college,Ithaca,NY,14850-7002,FOUR_YEAR,https://www.ithaca.edu/,42.422154,-76.494136,4350
191986,Jamestown Community College,jamestown-community-college,Jamestown,NY,14701,TWO_YEAR,https://www.sunyjcc.edu/,42.1146,-79.218967,1692
192004,Jamestown Business College,jamestown-business-college,Jamestown,NY,14701-4756,TWO_YEAR,https://www.jbc.edu/,42.095452,-79.249601,251
192022,Jefferson Community College,jefferson-community-college,Watertown,NY,13601-1897,TWO_YEAR,https://www.sunyjefferson.edu/,43.992827,-75.935051,1523
192040,Jewish Theological Seminary of America,jewish-theological-seminary-of-america,New York,NY,10027-4649,FOUR_YEAR,https://www.jtsa.edu/,40.811892,-73.960582,172
192110,The Juilliard School,the-juilliard-school,New York,NY,10023-6588,FOUR_YEAR,https://www.juilliard.edu/,40.773725,-73.982913,460
192165,Kehilath Yakov Rabbinical Seminary,kehilath-yakov-rabbinical-seminary,Ossining,NY,10562,FOUR_YEAR,https://kehilathyakov.com/,41.220521,-73.814887,206
192192,Keuka College,keuka-college,Keuka Park,NY,14478,FOUR_YEAR,https://www.keuka.edu/,42.615253,-77.090562,920
192271,LIM College,lim-college,New York,NY,10017-0000,FOUR_YEAR,https://www.limcollege.edu/,40.754991,-73.979413,1133
192323,Le Moyne College,le-moyne-college,Syracuse,NY,13214-1301,FOUR_YEAR,https://www.lemoyne.edu/,43.049192,-76.090435,2434
192448,Long Island University,long-island-university,Brookville,NY,11548-1327,FOUR_YEAR,https://www.liu.edu/,40.820714,-73.593678,5478
192509,Long Island Business Institute,long-island-business-institute,Flushing,NY,11354-5577,TWO_YEAR,https://www.libi.edu/,40.760109,-73.829457,347
192624,Machzikei Hadath Rabbinical College,machzikei-hadath-rabbinical-college,Brooklyn,NY,11204-1805,FOUR_YEAR,https://mhrc.edu/,40.627937,-73.988378,129
192688,Mandl School-The College of Allied Health,mandl-school-the-college-of-allied-health,New York,NY,10019-5516,TWO_YEAR,https://www.mandl.edu/,40.764404,-73.983786,465
192703,Manhattan University,manhattan-university,Riverdale,NY,10471-4098,FOUR_YEAR,https://www.manhattan.edu/,40.889756,-73.901893,2928
192712,Manhattan School of Music,manhattan-school-of-music,New York,NY,10027,FOUR_YEAR,https://www.msmnyc.edu/,40.812312,-73.961334,535
192749,Manhattanville University,manhattanville-university,Purchase,NY,10577,FOUR_YEAR,https://www.mville.edu/,41.032187,-73.715645,1250
192785,Maria College of Albany,maria-college-of-albany,Albany,NY,12208,TWO_YEAR,https://www.mariacollege.edu/,42.657789,-73.806287,702
192819,Marist University,marist-university,Poughkeepsie,NY,12601,FOUR_YEAR,https://www.marist.edu/,41.720937,-73.935484,5039
192864,Marymount Manhattan College,marymount-manhattan-college,New York,NY,10021-4597,FOUR_YEAR,https://www.mmm.edu/,40.768787,-73.959767,1627
192961,St. Peter's Hospital College of Nursing,st-peter-s-hospital-college-of-nursing,Albany,NY,12208,TWO_YEAR,https://www.sphp.com/careers/schools-of-nursing/,42.658346,-73.807616,125
193016,Mercy University,mercy-university,Dobbs Ferry,NY,10522,FOUR_YEAR,https://www.mercy.edu/,41.021626,-73.874447,5539
193052,Mesivta Torah Vodaath Rabbinical Seminary,mesivta-torah-vodaath-rabbinical-seminary,Brooklyn,NY,11218,FOUR_YEAR,https://independentrabbinicalcolleges.org/index.html,40.6382,-73.969395,337
193061,Mesivta of Eastern Parkway-Yeshiva Zichron Meilech,mesivta-of-eastern-parkway-yeshiva-zichron-meilech,Brooklyn,NY,11218-5559,TWO_YEAR,https://mesivtaofeasternparkway.com/,40.635236,-73.979327,41
193070,Mesivtha Tifereth Jerusalem of America,mesivtha-tifereth-jerusalem-of-america,New York,NY,10002-6301,FOUR_YEAR,https://mtj.edu/,40.713812,-73.991271,45
193247,Mirrer Yeshiva Cent Institute,mirrer-yeshiva-cent-institute,Brooklyn,NY,11223-2010,TWO_YEAR,https://www.mirreryeshiva.com/,40.605043,-73.966049,102
193283,Mohawk Valley Community College,mohawk-valley-community-college,Utica,NY,13501-5394,TWO_YEAR,https://www.mvcc.edu/,43.076765,-75.219367,2994
193292,Molloy University,molloy-university,Rockville Centre,NY,11571-5002,FOUR_YEAR,https://www.molloy.edu/,40.685941,-73.626183,3185
193308,Monroe University,monroe-university,Bronx,NY,10468,FOUR_YEAR,https://www.monroecollege.edu/,40.864459,-73.900215,5670
193326,Monroe Community College,monroe-community-college,Rochester,NY,14623,TWO_YEAR,https://www.monroecc.edu/,43.101036,-77.610136,7737
193353,Mount Saint Mary College,mount-saint-mary-college,Newburgh,NY,12550,FOUR_YEAR,https://www.msmc.edu/,41.513872,-74.012655,1268
193380,Montefiore School of Nursing,montefiore-school-of-nursing,Mount Vernon,NY,10550-2009,TWO_YEAR,https://montefiorenewrochelle.org/school-of-nursing,40.912133,-73.840582,115
193399,University of Mount Saint Vincent,university-of-mount-saint-vincent,Bronx,NY,10471-1093,FOUR_YEAR,https://www.mountsaintvincent.edu/,40.913657,-73.908887,2373
193478,Nassau Community College,nassau-community-college,Garden City,NY,11530-6793,TWO_YEAR,https://www.ncc.edu/,40.728872,-73.595286,10817
193584,Nazareth University,nazareth-university,Rochester,NY,14618-3790,FOUR_YEAR,https://www2.naz.edu/,43.101576,-77.518579,1891
193654,The New School,the-new-school,New York,NY,10011,FOUR_YEAR,https://www.newschool.edu/,40.735508,-73.997114,6819
193900,New York University,new-york-university,New York,NY,10012-1091,FOUR_YEAR,https://www.nyu.edu/,40.729452,-73.997264,29430
193946,Niagara County Community College,niagara-county-community-college,Sanborn,NY,14132,TWO_YEAR,https://www.niagaracc.suny.edu/,43.147701,-78.87579,2859
193973,Niagara University,niagara-university,Niagara University,NY,14109,FOUR_YEAR,https://www.niagara.edu/,43.137279,-79.036689,2713
194028,North Country Community College,north-country-community-college,Saranac Lake,NY,12983-0089,TWO_YEAR,https://www.nccc.edu/,44.318645,-74.119981,762
194091,New York Institute of Technology,new-york-institute-of-technology,Old Westbury,NY,11568-8000,FOUR_YEAR,https://www.nyit.edu/,40.812447,-73.6078,3320
194189,Ohr Hameir Theological Seminary,ohr-hameir-theological-seminary,Peekskill,NY,10566,TWO_YEAR,https://ohrhameir.com/,41.268725,-73.889793,94
194222,Onondaga Community College,onondaga-community-college,Syracuse,NY,13215-4585,TWO_YEAR,https://www.sunyocc.edu/,43.006329,-76.197878,4349
194240,Orange County Community College,orange-county-community-college,Middletown,NY,10940,TWO_YEAR,https://sunyorange.edu/,41.438629,-74.426028,3822
194310,Pace University,pace-university,New York,NY,10038-1598,FOUR_YEAR,https://www.pace.edu/,40.711014,-74.004719,7725
194392,Paul Smiths College of Arts and Science,paul-smiths-college-of-arts-and-science,Paul Smiths,NY,12970-0265,FOUR_YEAR,https://www.paulsmiths.edu/,44.433965,-74.252675,582
194499,Plaza College,plaza-college,Forest Hills,NY,11375,TWO_YEAR,https://www.plazacollege.edu/,40.714894,-73.831156,829
194569,Davis College,davis-college,Pottersville,NY,12860-2300,FOUR_YEAR,https://davisny.edu/,43.730713,-73.812057,88
194578,Pratt Institute-Main,pratt-institute-main,Brooklyn,NY,11205,FOUR_YEAR,https://www.pratt.edu/,40.691297,-73.96431,3766
194657,Rabbinical Academy Mesivta Rabbi Chaim Berlin,rabbinical-academy-mesivta-rabbi-chaim-berlin,Brooklyn,NY,11230,FOUR_YEAR,https://rabbinicalacademyrabbichaimberlin.com/,40.618347,-73.963615,160
194666,Rabbinical College Bobover Yeshiva Bnei Zion,rabbinical-college-bobover-yeshiva-bnei-zion,Brooklyn,NY,11219,FOUR_YEAR,https://rabbinicalcollegeboboveryeshiva.edu/,40.631954,-73.985026,436
194693,Rabbinical College Beth Shraga,rabbinical-college-beth-shraga,Monsey,NY,10952-3033,TWO_YEAR,https://rabbinicalcollegebethshraga.com/,41.114116,-74.07258,48
194718,Rabbinical Seminary Mkor Chaim,rabbinical-seminary-mkor-chaim,Lakewood,NJ,08701-5827,FOUR_YEAR,https://www.mkorchaim.org/,40.046838,-74.214817,81
194736,Rabbinical College of Long Island,rabbinical-college-of-long-island,Long Beach,NY,11561,TWO_YEAR,https://rabbinicalcollegelongisland.com/,40.586427,-73.670238,161
194763,Rabbinical Seminary of America,rabbinical-seminary-of-america,Flushing,NY,11367,FOUR_YEAR,https://www.rabbinical.org/,40.72308,-73.817161,379
194824,Rensselaer Polytechnic Institute,rensselaer-polytechnic-institute,Troy,NY,12180-3590,FOUR_YEAR,https://www.rpi.edu/,42.729978,-73.676646,5909
194958,Roberts Wesleyan University,roberts-wesleyan-university,Rochester,NY,14624,FOUR_YEAR,https://www.roberts.edu/,43.125755,-77.798498,1065
195003,Rochester Institute of Technology,rochester-institute-of-technology,Rochester,NY,14623-5603,FOUR_YEAR,https://www.rit.edu/,43.084188,-77.67386,13225
195030,University of Rochester,university-of-rochester,Rochester,NY,14627-0011,FOUR_YEAR,https://www.rochester.edu/,43.126397,-77.631202,6488
195058,Rockland Community College,rockland-community-college,Suffern,NY,10901-3699,TWO_YEAR,https://www.sunyrockland.edu/,41.133929,-74.085969,4180
195128,Russell Sage College,russell-sage-college,Troy,NY,12180,FOUR_YEAR,https://sage.edu/,42.72822,-73.693711,1075
195164,St Bonaventure University,st-bonaventure-university,Saint Bonaventure,NY,14778-9800,FOUR_YEAR,https://www.sbu.edu/,42.080191,-78.481107,1892
195173,St. Francis College,st-francis-college,Brooklyn,NY,11201,FOUR_YEAR,https://www.sfc.edu/,40.690233,-73.986559,1931
195191,St. Joseph's College of Nursing,st-joseph-s-college-of-nursing,Syracuse,NY,13203,TWO_YEAR,https://www.sjhcon.edu/,43.055355,-76.148355,283
195216,St Lawrence University,st-lawrence-university,Canton,NY,13617,FOUR_YEAR,https://www.stlawu.edu/,44.589879,-75.161343,2040
195234,The College of Saint Rose,the-college-of-saint-rose,Albany,NY,12203-1490,FOUR_YEAR,https://www.strose.edu/,42.664297,-73.786661,1238
195243,St. Thomas Aquinas College,st-thomas-aquinas-college,Sparkill,NY,10976-1050,FOUR_YEAR,https://www.stac.edu/,41.041576,-73.936799,1009
195289,Samaritan Hospital School of Nursing,samaritan-hospital-school-of-nursing,Troy,NY,12065,TWO_YEAR,https://www.sphp.com/careers/schools-of-nursing/samaritan-hospital-school-of-nursing,42.742861,-73.676151,132
195304,Sarah Lawrence College,sarah-lawrence-college,Bronxville,NY,10708,FOUR_YEAR,https://www.sarahlawrence.edu/,40.9355,-73.843727,1468
195322,Schenectady County Community College,schenectady-county-community-college,Schenectady,NY,12305,TWO_YEAR,https://sunysccc.edu/,42.814412,-73.950008,1499
195438,Sh'or Yoshuv Rabbinical College,sh-or-yoshuv-rabbinical-college,Lawrence,NY,11559-1714,FOUR_YEAR,https://www.shoryoshuv.org/,40.605227,-73.740085,147
195474,Siena College,siena-college,Loudonville,NY,12211-1462,FOUR_YEAR,https://www.siena.edu/,42.717602,-73.7526,3447
195526,Skidmore College,skidmore-college,Saratoga Springs,NY,12866,FOUR_YEAR,https://www.skidmore.edu/,43.097035,-73.785335,2760
195544,St. Joseph's University-New York,st-joseph-s-university-new-york,Brooklyn,NY,11205-3688,FOUR_YEAR,https://www.sjny.edu/,40.690418,-73.967664,3343
195702,Saint Elizabeth College of Nursing,saint-elizabeth-college-of-nursing,Utica,NY,13501,TWO_YEAR,https://www.secon.edu/,43.082768,-75.267857,146
195720,St. John Fisher University,st-john-fisher-university,Rochester,NY,14618-3597,FOUR_YEAR,https://www.sjf.edu/,43.116259,-77.513056,2579
195784,St Paul's School of Nursing-Staten Island,st-paul-s-school-of-nursing-staten-island,Staten Island,NY,10311,TWO_YEAR,https://www.stpaulsschoolofnursing.edu/,40.605584,-74.179757,661
195809,St. John's University-New York,st-john-s-university-new-york,Queens,NY,11439,FOUR_YEAR,https://www.stjohns.edu/,40.722523,-73.796104,9742
195988,Sullivan County Community College,sullivan-county-community-college,Loch Sheldrake,NY,12759-5151,TWO_YEAR,https://www.sunysullivan.edu/,41.7641,-74.667769,916
196006,SUNY College of Technology at Alfred,suny-college-of-technology-at-alfred,Alfred,NY,14802,TWO_YEAR,https://www.alfredstate.edu/,42.255262,-77.794632,3510
196015,SUNY College of Technology at Canton,suny-college-of-technology-at-canton,Canton,NY,13617-1098,FOUR_YEAR,https://www.canton.edu/,44.604096,-75.182906,2778
196024,SUNY College of Technology at Delhi,suny-college-of-technology-at-delhi,Delhi,NY,13753-1100,FOUR_YEAR,https://www.delhi.edu/,42.269859,-74.924612,2597
196033,SUNY College of Agriculture and Technology at Cobleskill,suny-college-of-agriculture-and-technology-at-cobleskill,Cobleskill,NY,12043,FOUR_YEAR,https://www.cobleskill.edu/,42.672534,-74.498258,1776
196042,Farmingdale State College,farmingdale-state-college,Farmingdale,NY,11735-1021,FOUR_YEAR,https://www.farmingdale.edu/,40.754224,-73.42832,9117
196051,SUNY Morrisville,suny-morrisville,Morrisville,NY,13408,TWO_YEAR,https://www.morrisville.edu/,42.893962,-75.640583,1860
196060,University at Albany,university-at-albany,Albany,NY,12222,FOUR_YEAR,https://www.albany.edu/,42.685489,-73.824662,12100
196079,Binghamton University,binghamton-university,Vestal,NY,13850-6000,FOUR_YEAR,https://www.binghamton.edu/,42.087868,-75.966889,14401
196088,University at Buffalo,university-at-buffalo,Buffalo,NY,14260-1660,FOUR_YEAR,https://www.buffalo.edu/,43.000942,-78.789458,20284
196097,Stony Brook University,stony-brook-university,Stony Brook,NY,11794-0701,FOUR_YEAR,https://www.stonybrook.edu/,40.91476,-73.12046,17420
196103,SUNY College of Environmental Science and Forestry,suny-college-of-environmental-science-and-forestry,Syracuse,NY,13210,FOUR_YEAR,https://www.esf.edu/,43.034765,-76.138724,1725
196112,SUNY Polytechnic Institute,suny-polytechnic-institute,Utica,NY,13502,FOUR_YEAR,https://www.sunypoly.edu/,43.137701,-75.229841,1773
196121,SUNY Brockport,suny-brockport,Brockport,NY,14420-2919,FOUR_YEAR,https://www.brockport.edu/,43.211926,-77.947188,5381
196130,SUNY Buffalo State University,suny-buffalo-state-university,Buffalo,NY,14222,FOUR_YEAR,https://suny.buffalostate.edu/,42.933832,-78.882125,5358
196149,State University of New York at Cortland,state-university-of-new-york-at-cortland,Cortland,NY,13045-0900,FOUR_YEAR,https://www2.cortland.edu/,42.598022,-76.188655,5896
196158,SUNY at Fredonia,suny-at-fredonia,Fredonia,NY,14063-1136,FOUR_YEAR,https://www.fredonia.edu/,42.452236,-79.337375,2860
196167,SUNY College at Geneseo,suny-college-at-geneseo,Geneseo,NY,14454-1465,FOUR_YEAR,https://www.geneseo.edu/,42.796645,-77.821894,3855
196176,State University of New York at New Paltz,state-university-of-new-york-at-new-paltz,New Paltz,NY,12561-2443,FOUR_YEAR,https://www.newpaltz.edu/,41.740936,-74.082188,6022
196185,SUNY Oneonta,suny-oneonta,Oneonta,NY,13820-4015,FOUR_YEAR,https://suny.oneonta.edu/,42.468861,-75.063632,4820
196194,State University of New York at Oswego,state-university-of-new-york-at-oswego,Oswego,NY,13126,FOUR_YEAR,https://www.oswego.edu/,43.454287,-76.540798,5618
196200,SUNY College at Potsdam,suny-college-at-potsdam,Potsdam,NY,13676-2294,FOUR_YEAR,https://www.potsdam.edu/,44.662148,-74.973815,1951
196219,SUNY at Purchase College,suny-at-purchase-college,Purchase,NY,10577-1400,FOUR_YEAR,https://www.purchase.edu/,41.047223,-73.701955,3110
196237,SUNY Old Westbury,suny-old-westbury,Old Westbury,NY,11568-0210,FOUR_YEAR,https://www.oldwestbury.edu/,40.799021,-73.571907,3945
196246,State University of New York at Plattsburgh,state-university-of-new-york-at-plattsburgh,Plattsburgh,NY,12901-2681,FOUR_YEAR,https://www.plattsburgh.edu/,44.69293,-73.466536,3789
196255,SUNY Downstate Health Sciences University,suny-downstate-health-sciences-university,Brooklyn,NY,11203-2098,FOUR_YEAR,https://www.downstate.edu/,40.653855,-73.945535,286
196264,Empire State University,empire-state-university,Saratoga Springs,NY,12866-4391,FOUR_YEAR,https://www.sunyempire.edu/,43.077283,-73.782484,7046
196291,SUNY Maritime College,suny-maritime-college,Throggs Neck,NY,10465-4198,FOUR_YEAR,https://www.sunymaritime.edu/,40.807217,-73.795309,1242
196307,Upstate Medical University,upstate-medical-university,Syracuse,NY,13210,FOUR_YEAR,https://www.upstate.edu/,43.041819,-76.140009,117
196389,Swedish Institute a College of Health Sciences,swedish-institute-a-college-of-health-sciences,New York,NY,10001-6700,TWO_YEAR,https://www.swedishinstitute.edu/,40.746384,-73.99567,1157
196413,Syracuse University,syracuse-university,Syracuse,NY,13244,FOUR_YEAR,https://www.syracuse.edu/,43.036644,-76.133989,15245
196431,Talmudical Seminary Oholei Torah,talmudical-seminary-oholei-torah,Brooklyn,NY,11213,FOUR_YEAR,https://www.tsot.edu/,40.670089,-73.945759,353
196440,Talmudical Institute of Upstate New York,talmudical-institute-of-upstate-new-york,Rochester,NY,14618-3046,FOUR_YEAR,https://www.tiuny.org/,43.147062,-77.574943,16
196565,Tompkins Cortland Community College,tompkins-cortland-community-college,Dryden,NY,13053-0139,TWO_YEAR,https://www.tompkinscortland.edu/,42.502006,-76.287586,1456
196583,Torah Temimah Talmudical Seminary,torah-temimah-talmudical-seminary,Staten Island,NY,10312,FOUR_YEAR,https://torahtemimahtalmudicalseminary.com/,40.557785,-74.168769,73
196592,Touro University,touro-university,New York,NY,10036,FOUR_YEAR,https://www.touro.edu/,40.756832,-73.987049,4004
196653,Trocaire College,trocaire-college,Buffalo,NY,14220-2094,TWO_YEAR,https://trocaire.edu/,42.846693,-78.812398,962
196680,Excelsior University,excelsior-university,Albany,NY,12203-5159,FOUR_YEAR,https://www.excelsior.edu/,42.705487,-73.862981,12701
196699,Ulster County Community College,ulster-county-community-college,Stone Ridge,NY,12484,TWO_YEAR,https://www.sunyulster.edu/,41.851218,-74.128698,1265
196866,Union College,union-college,Schenectady,NY,12308-2311,FOUR_YEAR,https://www.union.edu/,42.818097,-73.928788,2070
197018,United Talmudical Seminary,united-talmudical-seminary,Brooklyn,NY,11211,FOUR_YEAR,https://utsny.edu/,40.705687,-73.959113,2006
197027,United States Merchant Marine Academy,united-states-merchant-marine-academy,Kings Point,NY,11024-1634,FOUR_YEAR,https://www.usmma.edu/,40.81357,-73.763004,947
197036,United States Military Academy,united-states-military-academy,West  Point,NY,10996,FOUR_YEAR,https://www.westpoint.edu/,41.388988,-73.956772,4439
197045,Utica University,utica-university,Utica,NY,13502-4892,FOUR_YEAR,https://www.utica.edu/,43.096213,-75.272916,2477
197133,Vassar College,vassar-college,Poughkeepsie,NY,12604,FOUR_YEAR,https://www.vassar.edu/,41.686895,-73.895088,2430
197142,Villa Maria College,villa-maria-college,Buffalo,NY,14225-3999,FOUR_YEAR,https://www.villa.edu/,42.91223,-78.796823,536
197151,School of Visual Arts,school-of-visual-arts,New York,NY,10010,FOUR_YEAR,https://sva.edu/,40.738809,-73.982359,3432
197197,Wagner College,wagner-college,Staten Island,NY,10301-4495,FOUR_YEAR,https://www.wagner.edu/,40.615588,-74.092913,1579
197221,Webb Institute,webb-institute,Glen Cove,NY,11542-1398,FOUR_YEAR,https://www.webb.edu/,40.884444,-73.644909,105
197230,Wells College,wells-college,Aurora,NY,13026-0500,FOUR_YEAR,https://www.wells.edu/,42.742943,-76.696028,355
197285,The College of Westchester,the-college-of-westchester,White Plains,NY,10606-1200,TWO_YEAR,https://www.cw.edu/,41.033687,-73.784404,760
197294,SUNY Westchester Community College,suny-westchester-community-college,Valhalla,NY,10595,TWO_YEAR,https://www.sunywcc.edu/,41.068458,-73.789669,7788
197601,Yeshiva Karlin Stolin,yeshiva-karlin-stolin,Brooklyn,NY,11204-1545,FOUR_YEAR,https://yeshivakarlinstolin.org/,40.624918,-73.983373,136
197647,Yeshiva Derech Chaim,yeshiva-derech-chaim,Brooklyn,NY,11218-0000,FOUR_YEAR,https://ydc.edu/,40.636889,-73.979757,119
197674,Yeshiva of Nitra Rabbinical College,yeshiva-of-nitra-rabbinical-college,Chester,NY,10918,FOUR_YEAR,https://yeshivaofnitra.org/,41.353674,-74.255911,249
197692,Yeshivath Shaar Hatorah,yeshivath-shaar-hatorah,Kew Gardens,NY,11418,FOUR_YEAR,https://shaarhatorah.edu/,40.704048,-73.835009,84
197708,Yeshiva University,yeshiva-university,New York,NY,10033-3299,FOUR_YEAR,https://www.yu.edu/,40.850605,-73.929873,2942
197735,Yeshivath Viznitz,yeshivath-viznitz,Monsey,NY,10952,FOUR_YEAR,https://yeshivathviznitz.com/,41.114682,-74.070243,921
197744,Yeshivath Zichron Moshe,yeshivath-zichron-moshe,South Fallsburg,NY,12779,TWO_YEAR,https://yeshivathzichronmoshe.com/,41.73048,-74.621823,176
197814,College of the Albemarle,college-of-the-albemarle,Elizabeth City,NC,27906-2327,TWO_YEAR,https://www.albemarle.edu/,36.324885,-76.219765,1271
197850,South Piedmont Community College,south-piedmont-community-college,Polkton,NC,28135,TWO_YEAR,https://www.spcc.edu/,35.000312,-80.211087,1555
197869,Appalachian State University,appalachian-state-university,Boone,NC,28608,FOUR_YEAR,https://www.appstate.edu/,36.215536,-81.680583,19304
197911,Barton College,barton-college,Wilson,NC,27893-7000,FOUR_YEAR,https://www.barton.edu/,35.734376,-77.913867,1020
197966,Beaufort County Community College,beaufort-county-community-college,Washington,NC,27889,TWO_YEAR,https://www.beaufortccc.edu/,35.533587,-76.96535,1560
197984,Belmont Abbey College,belmont-abbey-college,Belmont,NC,28012-1802,FOUR_YEAR,https://www.belmontabbeycollege.edu/,35.260651,-81.041315,1454
197993,Bennett College,bennett-college,Greensboro,NC,27401-3239,FOUR_YEAR,https://www.bennett.edu/,36.067531,-79.77998,191
198011,Bladen Community College,bladen-community-college,Dublin,NC,28332,TWO_YEAR,https://bladencc.edu/,34.644691,-78.731119,880
198066,Brevard College,brevard-college,Brevard,NC,28712,FOUR_YEAR,https://www.brevard.edu/,35.236763,-82.729494,760
198084,Brunswick Community College,brunswick-community-college,Bolivia,NC,28422-9021,TWO_YEAR,https://www.brunswickcc.edu/,34.038973,-78.22979,1124
198109,Cabarrus College of Health Sciences,cabarrus-college-of-health-sciences,Concord,NC,28025-3959,TWO_YEAR,https://cabarruscollege.edu/,35.440038,-80.600824,602
198118,Caldwell Community College and Technical Institute,caldwell-community-college-and-technical-institute,Hudson,NC,28638,TWO_YEAR,https://cccti.edu/,35.854604,-81.484148,2331
198136,Campbell University,campbell-university,Buies Creek,NC,27506,FOUR_YEAR,https://www.campbell.edu/,35.409149,-78.738238,2790
198154,Cape Fear Community College,cape-fear-community-college,Wilmington,NC,28401-3910,TWO_YEAR,https://www.cfcc.edu/,34.240624,-77.948306,9497
198215,Catawba College,catawba-college,Salisbury,NC,28144,FOUR_YEAR,https://www.catawba.edu/,35.691443,-80.482751,1127
198233,Catawba Valley Community College,catawba-valley-community-college,Hickory,NC,28602-0699,TWO_YEAR,https://www.cvcc.edu/,35.699732,-81.28792,3517
198260,Central Piedmont Community College,central-piedmont-community-college,Charlotte,NC,28204,TWO_YEAR,https://www.cpcc.edu/,35.217774,-80.829796,13640
198303,Chowan University,chowan-university,Murfreesboro,NC,27855,FOUR_YEAR,https://www.chowan.edu/,36.436258,-77.099141,638
198321,Cleveland Community College,cleveland-community-college,Shelby,NC,28152-6224,TWO_YEAR,https://www.clevelandcc.edu/,35.279833,-81.492856,1236
198330,Coastal Carolina Community College,coastal-carolina-community-college,Jacksonville,NC,28546-6816,TWO_YEAR,https://www.coastalcarolina.edu/,34.771687,-77.384785,2682
198367,Craven Community College,craven-community-college,New Bern,NC,28562-4900,TWO_YEAR,https://cravencc.edu/,35.111516,-77.102232,1877
198385,Davidson College,davidson-college,Davidson,NC,28035,FOUR_YEAR,https://davidson.edu/,35.499767,-80.843979,1901
198419,Duke University,duke-university,Durham,NC,27708,FOUR_YEAR,https://www.duke.edu/,36.001135,-78.937624,6417
198455,Durham Technical Community College,durham-technical-community-college,Durham,NC,27703-5023,TWO_YEAR,https://www.durhamtech.edu/,35.974768,-78.8817,3195
198464,East Carolina University,east-carolina-university,Greenville,NC,27858-4353,FOUR_YEAR,https://www.ecu.edu/,35.607186,-77.368291,19857
198507,Elizabeth City State University,elizabeth-city-state-university,Elizabeth City,NC,27909,FOUR_YEAR,https://www.ecsu.edu/,36.277978,-76.214041,1863
198516,Elon University,elon-university,Elon,NC,27244-2010,FOUR_YEAR,https://www.elon.edu/,36.104148,-79.50344,6402
198534,Fayetteville Technical Community College,fayetteville-technical-community-college,Fayetteville,NC,28303-0236,TWO_YEAR,https://www.faytechcc.edu/,35.068851,-78.92658,8814
198543,Fayetteville State University,fayetteville-state-university,Fayetteville,NC,28301-4298,FOUR_YEAR,https://www.uncfsu.edu/,35.073641,-78.891696,5493
198552,Forsyth Technical Community College,forsyth-technical-community-college,Winston-Salem,NC,27103-5197,TWO_YEAR,https://www.forsythtech.edu/,36.06854,-80.272215,6939
198561,Gardner-Webb University,gardner-webb-university,Boiling Springs,NC,28017-0997,FOUR_YEAR,https://www.gardner-webb.edu/,35.24732,-81.668141,1836
198598,Greensboro College,greensboro-college,Greensboro,NC,27401-1875,FOUR_YEAR,https://www.greensboro.edu/,36.071082,-79.800232,656
198613,Guilford College,guilford-college,Greensboro,NC,27410-4108,FOUR_YEAR,https://www.guilford.edu/,36.094233,-79.887737,1011
198622,Guilford Technical Community College,guilford-technical-community-college,Jamestown,NC,27282,TWO_YEAR,https://www.gtcc.edu/,35.99846,-79.92062,8179
198640,Halifax Community College,halifax-community-college,Weldon,NC,27890,TWO_YEAR,https://halifaxcc.edu/,36.427712,-77.617681,540
198677,Heritage Bible College,heritage-bible-college,Dunn,NC,28334,FOUR_YEAR,https://www.heritagebiblecollege.edu/,35.307368,-78.664393,28
198695,High Point University,high-point-university,High Point,NC,27268,FOUR_YEAR,https://www.highpoint.edu/,35.972035,-79.994675,4970
198756,Johnson C Smith University,johnson-c-smith-university,Charlotte,NC,28216-5398,FOUR_YEAR,https://www.jcsu.edu/,35.243033,-80.857251,1047
198774,Johnston Community College,johnston-community-college,Smithfield,NC,27577-2350,TWO_YEAR,https://www.johnstoncc.edu/,35.501418,-78.332293,2998
198808,Lees-McRae College,lees-mcrae-college,Banner Elk,NC,28604,FOUR_YEAR,https://www.lmc.edu/,36.162477,-81.873371,817
198817,Lenoir Community College,lenoir-community-college,Kinston,NC,28502-0188,TWO_YEAR,https://www.lenoircc.edu/,35.234405,-77.571532,1311
198835,Lenoir-Rhyne University,lenoir-rhyne-university,Hickory,NC,28601,FOUR_YEAR,https://www.lr.edu/,35.739968,-81.327598,1348
198862,Livingstone College,livingstone-college,Salisbury,NC,28144,FOUR_YEAR,https://livingstone.edu/,35.670877,-80.483956,798
198871,Louisburg College,louisburg-college,Louisburg,NC,27549-2399,TWO_YEAR,https://www.louisburg.edu/,36.105035,-78.29898,413
198899,Mars Hill University,mars-hill-university,Mars Hill,NC,28754,FOUR_YEAR,https://www.mhu.edu/,35.82752,-82.551827,995
198950,Meredith College,meredith-college,Raleigh,NC,27607-5298,FOUR_YEAR,https://www.meredith.edu/,35.799351,-78.689995,1288
198969,Methodist University,methodist-university,Fayetteville,NC,28311-1420,FOUR_YEAR,https://www.methodist.edu/,35.135058,-78.874426,1425
198978,Miller-Motte College-Wilmington,miller-motte-college-wilmington,Wilmington,NC,28405,TWO_YEAR,https://www.miller-motte.edu/,34.242761,-77.882359,152
199032,Montreat College,montreat-college,Montreat,NC,28757-1267,FOUR_YEAR,https://www.montreat.edu/,35.646577,-82.2976,750
199069,University of Mount Olive,university-of-mount-olive,Mount Olive,NC,28365-0919,FOUR_YEAR,https://umo.edu/,35.208166,-78.069388,1754
199087,Nash Community College,nash-community-college,Rocky Mount,NC,27804,TWO_YEAR,https://www.nashcc.edu/,35.976823,-77.898348,1422
199102,North Carolina A & T State University,north-carolina-a-t-state-university,Greensboro,NC,27411,FOUR_YEAR,https://www.ncat.edu/,36.07282,-79.773375,11925
199111,University of North Carolina Asheville,university-of-north-carolina-asheville,Asheville,NC,28804-8510,FOUR_YEAR,https://new.unca.edu/,35.617068,-82.565392,2790
199120,University of North Carolina at Chapel Hill,university-of-north-carolina-at-chapel-hill,Chapel Hill,NC,27599,FOUR_YEAR,https://www.unc.edu/,35.911769,-79.050969,20556
199139,University of North Carolina at Charlotte,university-of-north-carolina-at-charlotte,Charlotte,NC,28223-0001,FOUR_YEAR,https://www.charlotte.edu/,35.306022,-80.730919,23567
199148,University of North Carolina at Greensboro,university-of-north-carolina-at-greensboro,Greensboro,NC,27402-6170,FOUR_YEAR,https://www.uncg.edu/,36.068236,-79.809414,13848
199157,North Carolina Central University,north-carolina-central-university,Durham,NC,27707,FOUR_YEAR,https://www.nccu.edu/,35.974237,-78.898602,5400
199184,University of North Carolina School of the Arts,university-of-north-carolina-school-of-the-arts,Winston Salem,NC,27127-2738,FOUR_YEAR,https://www.uncsa.edu/,36.076183,-80.235672,902
199193,North Carolina State University at Raleigh,north-carolina-state-university-at-raleigh,Raleigh,NC,27695-7001,FOUR_YEAR,https://www.ncsu.edu/,35.785111,-78.674517,26389
199209,North Carolina Wesleyan University,north-carolina-wesleyan-university,Rocky Mount,NC,27804,FOUR_YEAR,https://www.ncwu.edu/,36.019665,-77.773982,1169
199218,University of North Carolina Wilmington,university-of-north-carolina-wilmington,Wilmington,NC,28403-5963,FOUR_YEAR,https://www.uncw.edu/,34.225223,-77.875527,14176
199272,William Peace University,william-peace-university,Raleigh,NC,27604-1194,FOUR_YEAR,https://www.peace.edu/,35.789139,-78.637697,661
199281,University of North Carolina at Pembroke,university-of-north-carolina-at-pembroke,Pembroke,NC,28372-1510,FOUR_YEAR,https://www.uncp.edu/,34.688313,-79.200347,5386
199306,Pfeiffer University,pfeiffer-university,Misenheimer,NC,28109-0960,FOUR_YEAR,https://www.pfeiffer.edu/,35.484696,-80.283168,654
199324,Piedmont Community College,piedmont-community-college,Roxboro,NC,27573,TWO_YEAR,https://www.piedmontcc.edu/,36.431674,-78.980607,707
199333,Pitt Community College,pitt-community-college,Winterville,NC,28590,TWO_YEAR,https://pittcc.edu/,35.550591,-77.407203,5175
199412,Queens University of Charlotte,queens-university-of-charlotte,Charlotte,NC,28274,FOUR_YEAR,https://www.queens.edu/,35.189051,-80.833509,1362
199458,Mid-Atlantic Christian University,mid-atlantic-christian-university,Elizabeth City,NC,27909-4054,FOUR_YEAR,https://www.macuniversity.edu/,36.303812,-76.216483,161
199467,Roanoke-Chowan Community College,roanoke-chowan-community-college,Ahoskie,NC,27910-9522,TWO_YEAR,https://www.roanokechowan.edu/,36.324827,-77.023662,265
199476,Robeson Community College,robeson-community-college,Lumberton,NC,28360,TWO_YEAR,https://www.robeson.edu/,34.675194,-79.00664,1454
199485,Rockingham Community College,rockingham-community-college,Wentworth,NC,27375,TWO_YEAR,https://www.rockinghamcc.edu/,36.388682,-79.758353,1071
199494,Rowan-Cabarrus Community College,rowan-cabarrus-community-college,Salisbury,NC,28146,TWO_YEAR,https://www.rccc.edu/,35.639388,-80.48181,4073
199582,Saint Augustine's University,saint-augustine-s-university,Raleigh,NC,27610-2298,FOUR_YEAR,https://www.st-aug.edu/,35.785468,-78.621301,766
199607,Salem College,salem-college,Winston-Salem,NC,27101,FOUR_YEAR,https://www.salem.edu/,36.086271,-80.241297,390
199625,Sampson Community College,sampson-community-college,Clinton,NC,28328-0318,TWO_YEAR,https://www.sampsoncc.edu/,34.99046,-78.36006,941
199634,Sandhills Community College,sandhills-community-college,Pinehurst,NC,28374,TWO_YEAR,https://www.sandhills.edu/,35.220086,-79.40635,2375
199643,Shaw University,shaw-university,Raleigh,NC,27601,FOUR_YEAR,https://www.shawu.edu/,35.771181,-78.637693,839
199698,St. Andrews University,st-andrews-university,Laurinburg,NC,28352,FOUR_YEAR,https://www.sa.edu/,34.74563,-79.478567,806
199722,Southeastern Community College,southeastern-community-college,Whiteville,NC,28472-5422,TWO_YEAR,https://www.sccnc.edu/,34.331749,-78.783365,821
199759,Southeastern Baptist Theological Seminary,southeastern-baptist-theological-seminary,Wake Forest,NC,27587-1889,FOUR_YEAR,https://www.collegeatsoutheastern.com/,35.981858,-78.513755,466
199786,Alamance Community College,alamance-community-college,Graham,NC,27253-8000,TWO_YEAR,https://www.alamancecc.edu/,36.066683,-79.357657,2393
199795,Tri-County Community College,tri-county-community-college,Murphy,NC,28906,TWO_YEAR,https://www.tricountycc.edu/,35.067021,-83.966476,435
199838,Vance-Granville Community College,vance-granville-community-college,Henderson,NC,27537,TWO_YEAR,https://www.vgcc.edu/,36.323887,-78.487651,1613
199847,Wake Forest University,wake-forest-university,Winston-Salem,NC,27106,FOUR_YEAR,https://www.wfu.edu/,36.133609,-80.277446,5471
199856,Wake Technical Community College,wake-technical-community-college,Raleigh,NC,27603-5696,TWO_YEAR,https://www.waketech.edu/,35.650151,-78.706126,18605
199865,Warren Wilson College,warren-wilson-college,Swannanoa,NC,28778-2099,FOUR_YEAR,https://www.warren-wilson.edu/,35.610328,-82.442619,720
199883,Watts College of Nursing,watts-college-of-nursing,Durham,NC,27705-2505,FOUR_YEAR,https://wattscollegeofnursing.edu/,36.027649,-78.9413,134
199908,Western Piedmont Community College,western-piedmont-community-college,Morganton,NC,28655-4511,TWO_YEAR,https://www.wpcc.edu/,35.722876,-81.687345,1332
199953,Wilson Community College,wilson-community-college,Wilson,NC,27893,TWO_YEAR,https://www.wilsoncc.edu/,35.730114,-77.895663,807
199962,Wingate University,wingate-university,Wingate,NC,28174-0159,FOUR_YEAR,https://www.wingate.edu/,34.986064,-80.44305,2462
199971,Carolina Christian College,carolina-christian-college,Winston Salem,NC,27105,FOUR_YEAR,https://www.carolina.edu/,36.146168,-80.256252,53
199999,Winston-Salem State University,winston-salem-state-university,Winston-Salem,NC,27110-0001,FOUR_YEAR,https://www.wssu.edu/,36.089554,-80.225033,4244
200004,Western Carolina University,western-carolina-university,Cullowhee,NC,28723-9646,FOUR_YEAR,https://www.wcu.edu/,35.308979,-83.186258,9867
200013,Rasmussen University-North Dakota,rasmussen-university-north-dakota,Fargo,ND,58103-7196,TWO_YEAR,https://rasmussen.edu/,46.848362,-96.848937,44
200022,Bismarck State College,bismarck-state-college,Bismarck,ND,58506-5587,TWO_YEAR,https://bismarckstate.edu/,46.821459,-100.816534,2629
200059,Dickinson State University,dickinson-state-university,Dickinson,ND,58601-4896,FOUR_YEAR,https://www.dickinsonstate.edu/,46.882917,-102.799679,1108
200086,Nueta Hidatsa Sahnish College,nueta-hidatsa-sahnish-college,New Town,ND,58763,TWO_YEAR,https://www.nhsc.edu/,47.983311,-102.472814,139
200156,University of Jamestown,university-of-jamestown,Jamestown,ND,58405,FOUR_YEAR,https://www.uj.edu/,46.914302,-98.698416,947
200192,Lake Region State College,lake-region-state-college,Devils Lake,ND,58301-1598,TWO_YEAR,https://www.lrsc.edu/,48.127948,-98.869034,599
200208,Cankdeska Cikana Community College,cankdeska-cikana-community-college,Fort Totten,ND,58335,TWO_YEAR,https://www.littlehoop.edu/,47.978122,-98.990801,278
200217,University of Mary,university-of-mary,Bismarck,ND,58504,FOUR_YEAR,https://www.umary.edu/,46.723767,-100.75274,2280
200226,Mayville State University,mayville-state-university,Mayville,ND,58257-1299,FOUR_YEAR,https://www.mayvillestate.edu/,47.505415,-97.322554,704
200253,Minot State University,minot-state-university,Minot,ND,58707,FOUR_YEAR,https://www.minotstateu.edu/,48.246961,-101.29861,2072
200280,University of North Dakota,university-of-north-dakota,Grand Forks,ND,58202-8193,FOUR_YEAR,https://und.edu/,47.921654,-97.071738,9296
200305,North Dakota State College of Science,north-dakota-state-college-of-science,Wahpeton,ND,58076-0002,TWO_YEAR,https://www.ndscs.edu/,46.272158,-96.607379,1733
200314,Dakota College at Bottineau,dakota-college-at-bottineau,Bottineau,ND,58318-1198,TWO_YEAR,https://www.dakotacollege.edu/,48.832505,-100.441103,417
200332,North Dakota State University-Main Campus,north-dakota-state-university-main-campus,Fargo,ND,58108-6050,FOUR_YEAR,https://www.ndsu.edu/,46.893127,-96.800838,9567
200341,Williston State College,williston-state-college,Williston,ND,58801,TWO_YEAR,https://willistonstate.edu/,48.158603,-103.613066,686
200466,Sitting Bull College,sitting-bull-college,Fort Yates,ND,58538-9721,TWO_YEAR,https://sittingbull.edu/,46.085288,-100.674735,226
200484,Trinity Bible College and Graduate School,trinity-bible-college-and-graduate-school,Ellendale,ND,58436-7105,FOUR_YEAR,https://trinitybiblecollege.edu/,46.001037,-98.517906,138
200554,United Tribes Technical College,united-tribes-technical-college,Bismarck,ND,58504,TWO_YEAR,https://uttc.edu/,46.767157,-100.755131,532
200572,Valley City State University,valley-city-state-university,Valley City,ND,58072,FOUR_YEAR,https://www.vcsu.edu/,46.918517,-98.00389,918
200785,Herzing University-Akron,herzing-university-akron,Akron,OH,44306-3931,TWO_YEAR,https://www.herzing.edu/,41.02817,-81.493109,378
200800,University of Akron Main Campus,university-of-akron-main-campus,Akron,OH,44325-2102,FOUR_YEAR,https://www.uakron.edu/,41.075923,-81.511167,10011
200873,Allegheny Wesleyan College,allegheny-wesleyan-college,Salem,OH,44460-9598,FOUR_YEAR,https://awc.edu/,40.86722,-80.861232,54
201061,Art Academy of Cincinnati,art-academy-of-cincinnati,Cincinnati,OH,45202-1706,FOUR_YEAR,https://www.artacademy.edu/,39.108805,-84.513913,254
201104,Ashland University,ashland-university,Ashland,OH,44805,FOUR_YEAR,https://www.ashland.edu/,40.861755,-82.321061,2250
201177,Aultman College of Nursing and Health Sciences,aultman-college-of-nursing-and-health-sciences,Canton,OH,44710-1797,FOUR_YEAR,https://www.aultmancollege.edu/,40.796186,-81.404053,232
201195,Baldwin Wallace University,baldwin-wallace-university,Berea,OH,44017-2088,FOUR_YEAR,https://www.bw.edu/,41.373017,-81.851145,2775
201283,Belmont College,belmont-college,St Clairsville,OH,43950,TWO_YEAR,https://www.belmontcollege.edu/,40.07695,-80.964901,484
201371,Bluffton University,bluffton-university,Bluffton,OH,45817-2104,FOUR_YEAR,https://www.bluffton.edu/,40.895606,-83.899439,595
201432,Bowling Green State University-Firelands,bowling-green-state-university-firelands,Huron,OH,44839-9791,TWO_YEAR,https://www.firelands.bgsu.edu/,41.397566,-82.594266,1134
201441,Bowling Green State University-Main Campus,bowling-green-state-university-main-campus,Bowling Green,OH,43403,FOUR_YEAR,https://www.bgsu.edu/,41.375513,-83.640896,12255
201469,Bryant & Stratton College-Parma,bryant-stratton-college-parma,Parma,OH,44130-3151,TWO_YEAR,https://www.bryantstratton.edu/,41.404607,-81.781757,522
201548,Capital University,capital-university,Columbus,OH,43209-2394,FOUR_YEAR,https://www.capital.edu/,39.954875,-82.937867,1709
201645,Case Western Reserve University,case-western-reserve-university,Cleveland,OH,44106,FOUR_YEAR,https://www.case.edu/,41.507419,-81.609596,6108
201654,Cedarville University,cedarville-university,Cedarville,OH,45314-0601,FOUR_YEAR,https://www.cedarville.edu/,39.749237,-83.814692,3815
201672,Central Ohio Technical College,central-ohio-technical-college,Newark,OH,43055-1767,TWO_YEAR,https://www.cotc.edu/,40.069314,-82.447441,1549
201690,Central State University,central-state-university,Wilberforce,OH,45384-1004,FOUR_YEAR,https://www.centralstate.edu/,39.715787,-83.880186,3412
201821,The Christ College of Nursing and Health Sciences,the-christ-college-of-nursing-and-health-sciences,Cincinnati,OH,45219-2989,FOUR_YEAR,https://www.thechristcollege.edu/,39.121821,-84.509564,762
201867,Cincinnati College of Mortuary Science,cincinnati-college-of-mortuary-science,Cincinnati,OH,45224-1462,FOUR_YEAR,https://www.ccms.edu/,39.206578,-84.505604,101
201885,University of Cincinnati-Main Campus,university-of-cincinnati-main-campus,Cincinnati,OH,45221-0063,FOUR_YEAR,https://www.uc.edu/,39.131159,-84.51428,29094
201946,University of Cincinnati-Clermont College,university-of-cincinnati-clermont-college,Batavia,OH,45103,TWO_YEAR,https://www.ucclermont.edu/,39.080645,-84.19437,2606
201955,University of Cincinnati-Blue Ash College,university-of-cincinnati-blue-ash-college,Blue Ash,OH,45236-1096,TWO_YEAR,https://www.ucblueash.edu/,39.234333,-84.399956,4104
201964,Ohio Christian University,ohio-christian-university,Circleville,OH,43113-9487,FOUR_YEAR,https://www.ohiochristian.edu/,39.613155,-82.904885,816
202046,Cleveland Institute of Art,cleveland-institute-of-art,Cleveland,OH,44106-1710,FOUR_YEAR,https://www.cia.edu/,41.510435,-81.602416,560
202073,Cleveland Institute of Music,cleveland-institute-of-music,Cleveland,OH,44106-1776,FOUR_YEAR,https://www.cim.edu/,41.512444,-81.608878,193
202134,Cleveland State University,cleveland-state-university,Cleveland,OH,44115-2214,FOUR_YEAR,https://www.csuohio.edu/,41.502281,-81.674355,9077
202170,Columbus College of Art & Design,columbus-college-of-art-design,Columbus,OH,43215,FOUR_YEAR,https://www.ccad.edu/,39.966074,-82.989479,891
202435,Davis College,davis-college-oh,Toledo,OH,43604-2638,TWO_YEAR,https://www.davisuniversity.edu/,41.652922,-83.532589,95
202480,University of Dayton,university-of-dayton,Dayton,OH,45469,FOUR_YEAR,https://udayton.edu/,39.739547,-84.176113,8099
202514,Defiance College,defiance-college,Defiance,OH,43512,FOUR_YEAR,https://www.defiance.edu/,41.296842,-84.357075,454
202523,Denison University,denison-university,Granville,OH,43023,FOUR_YEAR,https://www.denison.edu/,40.071505,-82.523272,2398
202763,The University of Findlay,the-university-of-findlay,Findlay,OH,45840-3653,FOUR_YEAR,https://findlay.edu/,41.053344,-83.652313,2240
202806,Franklin University,franklin-university,Columbus,OH,43215-5399,FOUR_YEAR,https://www.franklin.edu/,39.95831,-82.990375,5111
202903,Gods Bible School and College,gods-bible-school-and-college,Cincinnati,OH,45202-6838,FOUR_YEAR,https://www.gbs.edu/,39.1153,-84.505703,285
202912,Good Samaritan College of Nursing and Health Science,good-samaritan-college-of-nursing-and-health-science,Cincinnati,OH,45220-2489,TWO_YEAR,https://www.gscollege.edu/,39.140348,-84.521196,455
203085,Heidelberg University,heidelberg-university,Tiffin,OH,44883-2462,FOUR_YEAR,https://www.heidelberg.edu/,41.114833,-83.168387,884
203128,Hiram College,hiram-college,Hiram,OH,44234-0067,FOUR_YEAR,https://www.hiram.edu/,41.3107,-81.143981,731
203155,Hocking College,hocking-college,Nelsonville,OH,45764,TWO_YEAR,https://www.hocking.edu/,39.441954,-82.220791,1648
203289,International College of Broadcasting,international-college-of-broadcasting,Dayton,OH,45431,TWO_YEAR,https://www.icb.edu/,39.764986,-84.137499,44
203331,Eastern Gateway Community College,eastern-gateway-community-college,Steubenville,OH,43952-3598,TWO_YEAR,https://www.egcc.edu/,40.376215,-80.668798,13293
203368,John Carroll University,john-carroll-university,University Heights,OH,44118-4538,FOUR_YEAR,https://jcu.edu/,41.490259,-81.531224,2228
203447,Kent State University at Ashtabula,kent-state-university-at-ashtabula,Ashtabula,OH,44004,TWO_YEAR,https://www.kent.edu/ashtabula,41.888296,-80.830377,1314
203456,Kent State University at East Liverpool,kent-state-university-at-east-liverpool,East Liverpool,OH,43920,TWO_YEAR,https://www.kent.edu/columbiana,40.616966,-80.576702,705
203465,Kent State University at Stark,kent-state-university-at-stark,North Canton,OH,44720-7599,TWO_YEAR,https://www.kent.edu/stark,40.868568,-81.43731,2626
203474,Kent State University at Trumbull,kent-state-university-at-trumbull,Warren,OH,44483,TWO_YEAR,https://www.kent.edu/trumbull,41.278748,-80.836233,1648
203483,Kent State University at Tuscarawas,kent-state-university-at-tuscarawas,New Philadelphia,OH,44663-9403,TWO_YEAR,https://www.kent.edu/tusc,40.467736,-81.407707,1502
203492,Kent State University at Salem,kent-state-university-at-salem,Salem,OH,44460,TWO_YEAR,https://www.kent.edu/columbiana,40.86408,-80.835458,1127
203517,Kent State University at Kent,kent-state-university-at-kent,Kent,OH,44242-0001,FOUR_YEAR,https://www.kent.edu/,41.146653,-81.342533,19134
203526,Kent State University at Geauga,kent-state-university-at-geauga,Burton,OH,44021,TWO_YEAR,https://www.kent.edu/geauga,41.483727,-81.143085,1547
203535,Kenyon College,kenyon-college,Gambier,OH,43022,FOUR_YEAR,https://www.kenyon.edu/,40.374408,-82.397977,1753
203544,Kettering College,kettering-college,Kettering,OH,45429-1299,FOUR_YEAR,https://kc.edu/,39.695052,-84.192006,543
203580,Lake Erie College,lake-erie-college,Painesville,OH,44077-3389,FOUR_YEAR,https://www.lec.edu/,41.717841,-81.251817,678
203599,Lakeland Community College,lakeland-community-college,Kirtland,OH,44094-5198,TWO_YEAR,https://www.lakelandcc.edu/,41.637463,-81.364723,3143
203748,Lorain County Community College,lorain-county-community-college,Elyria,OH,44035-1691,TWO_YEAR,https://www.lorainccc.edu/,41.413293,-82.073549,5394
203757,Lourdes University,lourdes-university,Sylvania,OH,43560-2898,FOUR_YEAR,https://www.lourdes.edu/,41.710009,-83.706108,668
203775,Malone University,malone-university,Canton,OH,44709-3308,FOUR_YEAR,https://www.malone.edu/,40.825662,-81.376863,777
203845,Marietta College,marietta-college,Marietta,OH,45750,FOUR_YEAR,https://kad007@marietta.edu/,39.41668,-81.450045,1035
203881,Marion Technical College,marion-technical-college,Marion,OH,43302-5694,TWO_YEAR,https://www.mtc.edu/,40.577017,-83.089156,1351
203960,Mercy College of Ohio,mercy-college-of-ohio,Toledo,OH,43604-1132,FOUR_YEAR,https://www.mercycollege.edu/,41.658319,-83.552538,982
204006,Miami University-Hamilton,miami-university-hamilton,Hamilton,OH,45011,FOUR_YEAR,https://miamioh.edu/regionals/,39.377448,-84.563385,2025
204015,Miami University-Middletown,miami-university-middletown,Middletown,OH,45042,FOUR_YEAR,https://miamioh.edu/regionals/,39.523776,-84.35724,871
204024,Miami University-Oxford,miami-university-oxford,Oxford,OH,45056,FOUR_YEAR,https://miamioh.edu/,39.507757,-84.732954,16361
204176,Mount Carmel College of Nursing,mount-carmel-college-of-nursing,Columbus,OH,43222-1504,FOUR_YEAR,https://www.mccn.edu/,39.956625,-83.021501,573
204185,University of Mount Union,university-of-mount-union,Alliance,OH,44601-3929,FOUR_YEAR,https://www.mountunion.edu/,40.905256,-81.111029,1785
204194,Mount Vernon Nazarene University,mount-vernon-nazarene-university,Mount Vernon,OH,43050-9500,FOUR_YEAR,https://mvnu.edu/,40.372901,-82.471074,1346
204200,Mount St. Joseph University,mount-st-joseph-university,Cincinnati,OH,45233-1670,FOUR_YEAR,https://www.msj.edu/,39.095893,-84.639453,1100
204255,Zane State College,zane-state-college,Zanesville,OH,43701-2626,TWO_YEAR,https://www.zanestate.edu/,39.96241,-82.031198,717
204264,Muskingum University,muskingum-university,New Concord,OH,43762-1837,FOUR_YEAR,https://www.muskingum.edu/,39.996585,-81.737127,1407
204422,North Central State College,north-central-state-college,Mansfield,OH,44906-0698,TWO_YEAR,https://www.ncstatecollege.edu/,40.798777,-82.581582,1187
204440,Northwest State Community College,northwest-state-community-college,Archbold,OH,43502-9542,TWO_YEAR,https://northweststate.edu/,41.450596,-84.297855,1037
204468,Notre Dame College,notre-dame-college,Cleveland,OH,44121-4293,FOUR_YEAR,https://www.notredamecollege.edu/,41.506894,-81.516617,1049
204486,University of Northwestern Ohio,university-of-northwestern-ohio,Lima,OH,45805,TWO_YEAR,https://www.unoh.edu/,40.762917,-84.157004,2572
204501,Oberlin College,oberlin-college,Oberlin,OH,44074,FOUR_YEAR,https://www.oberlin.edu/,41.291992,-82.216795,2950
204617,Ohio Dominican University,ohio-dominican-university,Columbus,OH,43219,FOUR_YEAR,https://www.ohiodominican.edu/,39.992764,-82.940689,785
204635,Ohio Northern University,ohio-northern-university,Ada,OH,45810-1599,FOUR_YEAR,https://www.onu.edu/,40.7662,-83.827441,2386
204662,Ohio State University Agricultural Technical Institute,ohio-state-university-agricultural-technical-institute,Wooster,OH,44691-4000,TWO_YEAR,https://ati.osu.edu/,40.775194,-81.922936,431
204671,Ohio State University-Lima Campus,ohio-state-university-lima-campus,Lima,OH,45804,FOUR_YEAR,https://lima.osu.edu/,40.738521,-84.02384,656
204680,Ohio State University-Mansfield Campus,ohio-state-university-mansfield-campus,Mansfield,OH,44906,TWO_YEAR,https://mansfield.osu.edu/,40.796536,-82.580194,726
204699,Ohio State University-Marion Campus,ohio-state-university-marion-campus,Marion,OH,43302-5695,TWO_YEAR,https://osumarion.osu.edu/,40.577779,-83.090597,842
204705,Ohio State University-Newark Campus,ohio-state-university-newark-campus,Newark,OH,43055,TWO_YEAR,https://newark.osu.edu/,40.069314,-82.447441,2302
204796,Ohio State University-Main Campus,ohio-state-university-main-campus,Columbus,OH,43201,FOUR_YEAR,https://www.osu.edu/,39.999803,-83.007525,44617
204802,Ohio University-Eastern Campus,ohio-university-eastern-campus,Saint Clairsville,OH,43950,FOUR_YEAR,https://www.ohio.edu/eastern/,40.073392,-80.976073,305
204820,Ohio University-Chillicothe Campus,ohio-university-chillicothe-campus,Chillicothe,OH,45601-0629,TWO_YEAR,https://www.ohio.edu/chillicothe/,39.329404,-83.002175,777
204839,Ohio University-Southern Campus,ohio-university-southern-campus,Ironton,OH,45638,TWO_YEAR,https://www.ohio.edu/southern/,38.524781,-82.666876,461
204848,Ohio University-Lancaster Campus,ohio-university-lancaster-campus,Lancaster,OH,43130-1037,FOUR_YEAR,https://www.ohio.edu/lancaster/,39.738752,-82.586069,657
204857,Ohio University-Main Campus,ohio-university-main-campus,Athens,OH,45701-2979,FOUR_YEAR,https://www.ohio.edu/,39.326798,-82.100985,18456
204866,Ohio University-Zanesville Campus,ohio-university-zanesville-campus,Zanesville,OH,43701,FOUR_YEAR,https://www.ohio.edu/zanesville/,39.96098,-82.031063,526
204884,East Ohio College,east-ohio-college,East Liverpool,OH,43920-9585,TWO_YEAR,https://eastohio.edu/,40.6796,-80.572063,149
204909,Ohio Wesleyan University,ohio-wesleyan-university,Delaware,OH,43015-2370,FOUR_YEAR,https://www.owu.edu/,40.295963,-83.069757,1450
204936,Otterbein University,otterbein-university,Westerville,OH,43081,FOUR_YEAR,https://www.otterbein.edu/,40.125327,-82.936444,2055
204945,Owens Community College,owens-community-college,Perrysburg,OH,43551,TWO_YEAR,https://www.owens.edu/,41.587998,-83.538634,4184
205027,Pontifical College Josephinum,pontifical-college-josephinum,Columbus,OH,43235-1499,FOUR_YEAR,https://www.pcj.edu/,40.120735,-83.018829,45
205054,Professional Skills Institute,professional-skills-institute,Maumee,OH,43537,TWO_YEAR,https://www.proskills.edu/,41.584008,-83.672408,402
205124,Rabbinical College Telshe,rabbinical-college-telshe,Wickliffe,OH,44092,FOUR_YEAR,https://independentrabbinicalcolleges.org/index.html,41.593533,-81.485261,57
205203,University of Rio Grande,university-of-rio-grande,Rio Grande,OH,45674,TWO_YEAR,https://www.rio.edu/,38.881764,-82.378852,795
205391,The Modern College of Design,the-modern-college-of-design,Kettering,OH,45440,TWO_YEAR,https://themodern.edu/,39.681305,-84.134269,189
205443,Shawnee State University,shawnee-state-university,Portsmouth,OH,45662,FOUR_YEAR,https://www.shawnee.edu/,38.730867,-82.993769,2300
205841,Stark State College,stark-state-college,North Canton,OH,44720,TWO_YEAR,https://www.starkstate.edu/,40.870597,-81.439017,5803
205957,Franciscan University of Steubenville,franciscan-university-of-steubenville,Steubenville,OH,43952-1763,FOUR_YEAR,https://www.franciscan.edu/,40.376919,-80.620524,2775
205966,Southern State Community College,southern-state-community-college,Hillsboro,OH,45133-9406,TWO_YEAR,https://www.sscc.edu/,39.236924,-83.614085,751
206048,Tiffin University,tiffin-university,Tiffin,OH,44883,FOUR_YEAR,https://www.tiffin.edu/,41.118316,-83.184197,1938
206084,University of Toledo,university-of-toledo,Toledo,OH,43606-3390,FOUR_YEAR,https://www.utoledo.edu/,41.660572,-83.614714,10244
206154,Tri-State Bible College,tri-state-bible-college,South Point,OH,45680,TWO_YEAR,https://tsbc.edu/,38.426238,-82.579887,14
206349,Ursuline College,ursuline-college,Pepper Pike,OH,44124,FOUR_YEAR,https://www.ursuline.edu/,41.497035,-81.465118,630
206394,The North Coast College,the-north-coast-college,Lakewood,OH,44107,FOUR_YEAR,https://www.thencc.edu/,41.484253,-81.769767,
206437,Walsh University,walsh-university,North Canton,OH,44720-3396,FOUR_YEAR,https://www.walsh.edu/,40.873908,-81.369931,1294
206446,Washington State College of Ohio,washington-state-college-of-ohio,Marietta,OH,45750,TWO_YEAR,https://www.wsco.edu/,39.430824,-81.43392,1002
206491,Wilberforce University,wilberforce-university,Wilberforce,OH,45384-1001,FOUR_YEAR,https://www.wilberforce.edu/,39.707291,-83.880595,602
206507,Wilmington College,wilmington-college,Wilmington,OH,45177,FOUR_YEAR,https://www.wilmington.edu/,39.444744,-83.818342,924
206525,Wittenberg University,wittenberg-university,Springfield,OH,45504,FOUR_YEAR,https://www.wittenberg.edu/,39.934029,-83.815445,1269
206589,The College of Wooster,the-college-of-wooster,Wooster,OH,44691,FOUR_YEAR,https://wooster.edu/,40.81046,-81.934674,1876
206604,Wright State University-Main Campus,wright-state-university-main-campus,Dayton,OH,45435-0001,FOUR_YEAR,https://www.wright.edu/,39.780634,-84.064881,6330
206613,Wright State University-Lake Campus,wright-state-university-lake-campus,Celina,OH,45822,FOUR_YEAR,https://lake.wright.edu/,40.546074,-84.509194,984
206622,Xavier University,xavier-university,Cincinnati,OH,45207-1092,FOUR_YEAR,https://www.xavier.edu/,39.149547,-84.47465,4723
206695,Youngstown State University,youngstown-state-university,Youngstown,OH,44555-0001,FOUR_YEAR,https://ysu.edu/,41.104928,-80.64659,7340
206817,Bacone College,bacone-college,Muskogee,OK,74403-1597,FOUR_YEAR,https://www.bacone.edu/,35.777082,-95.334046,106
206835,Oklahoma Wesleyan University,oklahoma-wesleyan-university,Bartlesville,OK,74006-6299,FOUR_YEAR,https://www.okwu.edu/,36.717453,-95.95671,663
206862,Southern Nazarene University,southern-nazarene-university,Bethany,OK,73008,FOUR_YEAR,https://www.snu.edu/,35.513295,-97.629504,1459
206914,Cameron University,cameron-university,Lawton,OK,73505-6377,FOUR_YEAR,https://www.cameron.edu/,34.606487,-98.434163,2534
206923,Carl Albert State College,carl-albert-state-college,Poteau,OK,74953-5208,TWO_YEAR,https://www.carlalbert.edu/,35.039173,-94.633986,1215
206941,University of Central Oklahoma,university-of-central-oklahoma,Edmond,OK,73034,FOUR_YEAR,https://www.uco.edu/,35.6552,-97.471508,10132
206996,Connors State College,connors-state-college,Warner,OK,74469,TWO_YEAR,https://connorsstate.edu/,35.492873,-95.319541,1672
207041,East Central University,east-central-university,Ada,OK,74820-6999,FOUR_YEAR,https://www.ecok.edu/,34.771934,-96.663849,2157
207050,Eastern Oklahoma State College,eastern-oklahoma-state-college,Wilburton,OK,74578-4999,TWO_YEAR,https://www.eosc.edu/,34.914079,-95.328995,950
207069,Redlands Community College,redlands-community-college,El Reno,OK,73036-5304,TWO_YEAR,https://www.redlandscc.edu/,35.518475,-97.974592,857
207157,Randall University,randall-university,Moore,OK,73160,FOUR_YEAR,https://www.ru.edu/,35.300757,-97.491107,262
207209,Langston University,langston-university,Langston,OK,73050,FOUR_YEAR,https://www.langston.edu/,35.943982,-97.260317,1743
207236,Murray State College,murray-state-college,Tishomingo,OK,73460,TWO_YEAR,https://www.mscok.edu/,34.222949,-96.677906,1517
207254,Spartan College of Aeronautics and Technology,spartan-college-of-aeronautics-and-technology-ok,Tulsa,OK,74115,TWO_YEAR,https://www.spartan.edu/,36.176642,-95.878902,744
207263,Northeastern State University,northeastern-state-university,Tahlequah,OK,74464-2399,FOUR_YEAR,https://www.nsuok.edu/,35.919939,-94.967229,4636
207281,Northern Oklahoma College,northern-oklahoma-college,Tonkawa,OK,74653,TWO_YEAR,https://www.noc.edu/,36.678649,-97.295887,1865
207290,Northeastern Oklahoma A&M College,northeastern-oklahoma-a-m-college,Miami,OK,74354,TWO_YEAR,https://www.neo.edu/,36.877255,-94.867248,1583
207306,Northwestern Oklahoma State University,northwestern-oklahoma-state-university,Alva,OK,73717-2799,FOUR_YEAR,https://www.nwosu.edu/,36.796658,-98.667673,1468
207324,Oklahoma Christian University,oklahoma-christian-university,Edmond,OK,73013,FOUR_YEAR,https://www.oc.edu/,35.611412,-97.469526,1897
207342,University of Oklahoma-Health Sciences Center,university-of-oklahoma-health-sciences-center,Oklahoma City,OK,73117-1221,FOUR_YEAR,https://ouhsc.edu/,35.47928,-97.496289,1143
207351,Oklahoma Panhandle State University,oklahoma-panhandle-state-university,Goodwell,OK,73939-0430,FOUR_YEAR,https://opsu.edu/,36.594518,-101.638488,997
207388,Oklahoma State University-Main Campus,oklahoma-state-university-main-campus,Stillwater,OK,74078-1015,FOUR_YEAR,https://www.okstate.edu/,36.123085,-97.069743,20814
207397,Oklahoma State University-Oklahoma City,oklahoma-state-university-oklahoma-city,Oklahoma City,OK,73107-6195,TWO_YEAR,https://osuokc.edu/,35.474969,-97.581959,3424
207403,Oklahoma Baptist University,oklahoma-baptist-university,Shawnee,OK,74804,FOUR_YEAR,https://www.okbu.edu/,35.360492,-96.932459,1292
207449,Oklahoma City Community College,oklahoma-city-community-college,Oklahoma City,OK,73159-9987,TWO_YEAR,https://www.occc.edu/,35.387699,-97.570109,9578
207458,Oklahoma City University,oklahoma-city-university,Oklahoma City,OK,73106-1402,FOUR_YEAR,https://www.okcu.edu/,35.495271,-97.541242,1433
207500,University of Oklahoma-Norman Campus,university-of-oklahoma-norman-campus,Norman,OK,73019-3072,FOUR_YEAR,https://www.ou.edu/,35.209407,-97.444211,21496
207564,Oklahoma State University Institute of Technology,oklahoma-state-university-institute-of-technology,Okmulgee,OK,74447-3901,TWO_YEAR,https://osuit.edu/,35.626934,-95.940373,2131
207582,Oral Roberts University,oral-roberts-university,Tulsa,OK,74171,FOUR_YEAR,https://oru.edu/,36.049129,-95.952547,3322
207661,Rogers State University,rogers-state-university,Claremore,OK,74017-3252,FOUR_YEAR,https://www.rsu.edu/,36.321437,-95.635718,2552
207670,Rose State College,rose-state-college,Midwest City,OK,73110-2799,TWO_YEAR,https://www.rose.edu/,35.44372,-97.414113,4546
207722,University of Science and Arts of Oklahoma,university-of-science-and-arts-of-oklahoma,Chickasha,OK,73018-5322,FOUR_YEAR,https://usao.edu/,35.031392,-97.95641,896
207740,Seminole State College,seminole-state-college,Seminole,OK,74868-1901,TWO_YEAR,https://www.sscok.edu/,35.249515,-96.704908,1076
207847,Southeastern Oklahoma State University,southeastern-oklahoma-state-university,Durant,OK,74701-3347,FOUR_YEAR,https://www.se.edu/,34.006808,-96.376864,3031
207856,Southwestern Christian University,southwestern-christian-university,Bethany,OK,73008,FOUR_YEAR,https://www.swcu.edu/,35.513314,-97.63934,351
207865,Southwestern Oklahoma State University,southwestern-oklahoma-state-university,Weatherford,OK,73096-3001,FOUR_YEAR,https://www.swosu.edu/,35.535281,-98.707768,3469
207935,Tulsa Community College,tulsa-community-college,Tulsa,OK,74119,TWO_YEAR,https://www.tulsacc.edu/,36.147629,-95.986186,11397
207971,University of Tulsa,university-of-tulsa,Tulsa,OK,74104-3189,FOUR_YEAR,https://utulsa.edu/,36.152324,-95.945941,2447
208035,Western Oklahoma State College,western-oklahoma-state-college,Altus,OK,73521-1397,TWO_YEAR,https://www.wosc.edu/,34.669018,-99.33699,774
208275,Blue Mountain Community College,blue-mountain-community-college,Pendleton,OR,97801,TWO_YEAR,https://www.bluecc.edu/,45.677313,-118.816944,977
208318,Central Oregon Community College,central-oregon-community-college,Bend,OR,97703,TWO_YEAR,https://www.cocc.edu/,44.071401,-121.348585,3577
208390,Chemeketa Community College,chemeketa-community-college,Salem,OR,97305,TWO_YEAR,https://www.chemeketa.edu/,44.978655,-122.978076,6457
208406,Clackamas Community College,clackamas-community-college,Oregon City,OR,97045-8980,TWO_YEAR,https://www.clackamas.edu/,45.323185,-122.574272,4575
208415,Clatsop Community College,clatsop-community-college,Astoria,OR,97103,TWO_YEAR,https://www.clatsopcc.edu/,46.183107,-123.823339,506
208646,Eastern Oregon University,eastern-oregon-university,La Grande,OR,97850,FOUR_YEAR,https://www.eou.edu/,45.319795,-118.092495,2201
208725,New Hope Christian College-Eugene,new-hope-christian-college-eugene,Eugene,OR,97405,FOUR_YEAR,https://www.newhope.edu/,44.032674,-123.15355,45
208822,George Fox University,george-fox-university,Newberg,OR,97132,FOUR_YEAR,https://www.georgefox.edu/,45.303629,-122.967494,2505
209038,Lane Community College,lane-community-college,Eugene,OR,97405-0640,TWO_YEAR,https://www.lanecc.edu/,44.009325,-123.032644,5861
209056,Lewis & Clark College,lewis-clark-college,Portland,OR,97219-7899,FOUR_YEAR,https://www.lclark.edu/,45.450882,-122.669137,2167
209065,Linfield University,linfield-university,McMinnville,OR,97128-6894,FOUR_YEAR,https://www.linfield.edu/,45.201173,-123.199642,1642
209074,Linn-Benton Community College,linn-benton-community-college,Albany,OR,97321,TWO_YEAR,https://www.linnbenton.edu/,44.587663,-123.11403,4807
209241,Mount Angel Seminary,mount-angel-seminary,Saint Benedict,OR,97373,FOUR_YEAR,https://www.mountangelabbey.org/seminary,45.057871,-122.775405,28
209250,Mt Hood Community College,mt-hood-community-college,Gresham,OR,97030,TWO_YEAR,https://www.mhcc.edu/,45.514862,-122.396972,3540
209287,Multnomah University,multnomah-university,Portland,OR,97220,FOUR_YEAR,https://www.multnomah.edu/,45.527139,-122.575557,329
209296,National University of Natural Medicine,national-university-of-natural-medicine,Portland,OR,97201-4848,FOUR_YEAR,https://www.nunm.edu/,45.501931,-122.6766,28
209409,Bushnell University,bushnell-university,Eugene,OR,97401-3745,FOUR_YEAR,https://www.bushnell.edu/,44.047483,-123.079754,533
209490,Oregon Health & Science University,oregon-health-science-university,Portland,OR,97239-3098,FOUR_YEAR,https://www.ohsu.edu/,45.498772,-122.686096,788
209506,Oregon Institute of Technology,oregon-institute-of-technology,Klamath Falls,OR,97601-8801,FOUR_YEAR,https://www.oit.edu/,42.257152,-121.785177,2913
209542,Oregon State University,oregon-state-university,Corvallis,OR,97331,FOUR_YEAR,https://oregonstate.edu/,44.56395,-123.274723,29557
209551,University of Oregon,university-of-oregon,Eugene,OR,97403,FOUR_YEAR,https://www.uoregon.edu/,44.045146,-123.075792,19758
209603,Pacific Northwest College of Art,pacific-northwest-college-of-art,Portland,OR,97209-3404,FOUR_YEAR,https://willamette.edu/pnca/index.html,45.526766,-122.678182,412
209612,Pacific University,pacific-university,Forest Grove,OR,97116,FOUR_YEAR,https://www.pacificu.edu/,45.521394,-123.108777,1556
209746,Portland Community College,portland-community-college,Portland,OR,97219-7132,TWO_YEAR,https://www.pcc.edu/,45.438154,-122.730876,18365
209807,Portland State University,portland-state-university,Portland,OR,97201,FOUR_YEAR,https://www.pdx.edu/,45.511601,-122.686289,13619
209825,University of Portland,university-of-portland,Portland,OR,97203-5798,FOUR_YEAR,https://www.up.edu/,45.572724,-122.726691,3104
209922,Reed College,reed-college,Portland,OR,97202-8199,FOUR_YEAR,https://www.reed.edu/,45.480959,-122.630348,1407
209940,Rogue Community College,rogue-community-college,Grants Pass,OR,97527-9291,TWO_YEAR,https://www.roguecc.edu/,42.412159,-123.39326,3395
210146,Southern Oregon University,southern-oregon-university,Ashland,OR,97520,FOUR_YEAR,https://www.sou.edu/,42.185077,-122.695081,2911
210155,Southwestern Oregon Community College,southwestern-oregon-community-college,Coos Bay,OR,97420-2193,TWO_YEAR,https://www.socc.edu/,43.395327,-124.25224,1199
210270,Umpqua Community College,umpqua-community-college,Roseburg,OR,97470-0226,TWO_YEAR,https://www.umpqua.edu/,43.289317,-123.332475,1974
210304,Warner Pacific University,warner-pacific-university,Portland,OR,97215,FOUR_YEAR,https://www.warnerpacific.edu/,45.506265,-122.592498,344
210331,Corban University,corban-university,Salem,OR,97317-9392,FOUR_YEAR,https://www.corban.edu/,44.882399,-122.961129,636
210401,Willamette University,willamette-university,Salem,OR,97301,FOUR_YEAR,https://www.willamette.edu/,44.935457,-123.030537,1525
210429,Western Oregon University,western-oregon-university,Monmouth,OR,97361-1394,FOUR_YEAR,https://wou.edu/,44.852235,-123.238309,3211
210438,University of Western States,university-of-western-states,Portland,OR,97213,FOUR_YEAR,https://www.uws.edu/,45.5365193,-122.580586,
210492,Bryn Athyn College of the New Church,bryn-athyn-college-of-the-new-church,Bryn Athyn,PA,19009-0717,FOUR_YEAR,https://www.brynathyn.edu/,40.134393,-75.060808,273
210571,Albright College,albright-college,Reading,PA,19612-5234,FOUR_YEAR,https://www.albright.edu/home/,40.361351,-75.909742,1296
210605,Community College of Allegheny County,community-college-of-allegheny-county,Pittsburgh,PA,15233-1895,TWO_YEAR,https://www.ccac.edu/,40.450908,-80.018453,9305
210669,Allegheny College,allegheny-college,Meadville,PA,16335-3902,FOUR_YEAR,https://allegheny.edu/,41.64869,-80.147168,1209
210739,DeSales University,desales-university,Center Valley,PA,18034-9568,FOUR_YEAR,https://www.desales.edu/,40.539091,-75.375608,2113
210775,Alvernia University,alvernia-university,Reading,PA,19607-1799,FOUR_YEAR,https://www.alvernia.edu/,40.310028,-75.936754,2042
211024,Clarks Summit University,clarks-summit-university,Clarks Summit,PA,18411-1250,FOUR_YEAR,https://www.clarkssummitu.edu/,41.495062,-75.685472,331
211079,Community College of Beaver County,community-college-of-beaver-county,Monaca,PA,15061-2588,TWO_YEAR,https://www.ccbc.edu/,40.655601,-80.305876,1092
211088,Arcadia University,arcadia-university,Glenside,PA,19038-3295,FOUR_YEAR,https://www.arcadia.edu/,40.092606,-75.163876,1799
211273,Bryn Mawr College,bryn-mawr-college,Bryn Mawr,PA,19010,FOUR_YEAR,https://www.brynmawr.edu/,40.02736,-75.313223,1346
211291,Bucknell University,bucknell-university,Lewisburg,PA,17837,FOUR_YEAR,https://www.bucknell.edu/,40.954317,-76.882616,3818
211307,Bucks County Community College,bucks-county-community-college,Newtown,PA,18940-4106,TWO_YEAR,https://www.bucks.edu/,40.239102,-74.965841,5199
211343,Butler County Community College,butler-county-community-college,Butler,PA,16002,TWO_YEAR,https://www.bc3.edu/,40.829364,-79.911433,1882
211352,Cabrini University,cabrini-university,Radnor,PA,19087-3698,FOUR_YEAR,https://www.cabrini.edu/,40.056355,-75.375263,645
211431,Carlow University,carlow-university,Pittsburgh,PA,15213-3165,FOUR_YEAR,https://www.carlow.edu/,40.439293,-79.963448,1336
211440,Carnegie Mellon University,carnegie-mellon-university,Pittsburgh,PA,15213-3890,FOUR_YEAR,https://www.cmu.edu/,40.44357,-79.941993,7187
211468,Cedar Crest College,cedar-crest-college,Allentown,PA,18104-6196,FOUR_YEAR,https://www.cedarcrest.edu/,40.586318,-75.519221,857
211477,Central Penn College,central-penn-college,Summerdale,PA,17093-0309,FOUR_YEAR,https://www.centralpenn.edu/,40.3049,-76.934461,721
211556,Chatham University,chatham-university,Pittsburgh,PA,15232,FOUR_YEAR,https://www.chatham.edu/,40.448432,-79.926083,1252
211583,Chestnut Hill College,chestnut-hill-college,Philadelphia,PA,19118-2693,FOUR_YEAR,https://www.chc.edu/,40.08678,-75.228742,931
211608,Cheyney University of Pennsylvania,cheyney-university-of-pennsylvania,Cheyney,PA,19319-0200,FOUR_YEAR,https://www.cheyney.edu/,39.932274,-75.529262,721
211893,Curtis Institute of Music,curtis-institute-of-music,Philadelphia,PA,19103,FOUR_YEAR,https://www.curtis.edu/,39.948857,-75.170727,106
211927,Delaware County Community College,delaware-county-community-college,Media,PA,19063-1094,TWO_YEAR,https://www.dccc.edu/,39.966724,-75.39308,7065
211981,Delaware Valley University,delaware-valley-university,Doylestown,PA,18901-2697,FOUR_YEAR,https://www.delval.edu/,40.298659,-75.158452,1644
212009,Dickinson College,dickinson-college,Carlisle,PA,17013-2896,FOUR_YEAR,https://www.dickinson.edu/,40.202796,-77.197854,2157
212054,Drexel University,drexel-university,Philadelphia,PA,19104,FOUR_YEAR,https://drexel.edu/,39.955217,-75.190051,13509
212106,Duquesne University,duquesne-university,Pittsburgh,PA,15282,FOUR_YEAR,https://www.duq.edu/,40.43589,-79.993123,5216
212115,East Stroudsburg University of Pennsylvania,east-stroudsburg-university-of-pennsylvania,East Stroudsburg,PA,18301-2999,FOUR_YEAR,https://www.esu.edu/,40.99599,-75.173905,4611
212133,Eastern University,eastern-university,Saint Davids,PA,19087-3696,FOUR_YEAR,https://www.eastern.edu/about/student-consumer-information,40.050448,-75.370316,1978
212197,Elizabethtown College,elizabethtown-college,Elizabethtown,PA,17022-2298,FOUR_YEAR,https://www.etown.edu/,40.149236,-76.593224,1815
212577,Franklin and Marshall College,franklin-and-marshall-college,Lancaster,PA,17604-3003,FOUR_YEAR,https://www.fandm.edu/,40.048045,-76.319037,1904
212601,Gannon University,gannon-university,Erie,PA,16541-0001,FOUR_YEAR,https://www.gannon.edu/,42.128403,-80.087166,2467
212656,Geneva College,geneva-college,Beaver Falls,PA,15010-3599,FOUR_YEAR,https://www.geneva.edu/,40.772518,-80.321826,1000
212674,Gettysburg College,gettysburg-college,Gettysburg,PA,17325,FOUR_YEAR,https://www.gettysburg.edu/,39.836597,-77.236792,2209
212771,Gratz College,gratz-college,Melrose Park,PA,19027,FOUR_YEAR,https://www.gratz.edu/,40.067206,-75.133915,158
212805,Grove City College,grove-city-college,Grove City,PA,16127-2104,FOUR_YEAR,https://www.gcc.edu/,41.1558,-80.081481,2221
212832,Gwynedd Mercy University,gwynedd-mercy-university,Gwynedd Valley,PA,19437-0901,FOUR_YEAR,https://www.gmercyu.edu/,40.19774,-75.237224,1141
212869,Harcum College,harcum-college,Bryn Mawr,PA,19010-3476,TWO_YEAR,https://www.harcum.edu/s/1044/edu/start.aspx,40.022582,-75.314801,904
212878,Harrisburg Area Community College,harrisburg-area-community-college,Harrisburg,PA,17110-2999,TWO_YEAR,https://www.hacc.edu/,40.296777,-76.886408,9802
212911,Haverford College,haverford-college,Haverford,PA,19041-1392,FOUR_YEAR,https://www.haverford.edu/,40.007452,-75.305207,1421
212984,Holy Family University,holy-family-university,Philadelphia,PA,19114-2009,FOUR_YEAR,https://www.holyfamily.edu/,40.060581,-74.986451,2298
213011,Immaculata University,immaculata-university,Immaculata,PA,19345,FOUR_YEAR,https://www.immaculata.edu/,40.027981,-75.570711,1265
213020,Indiana University of Pennsylvania-Main Campus,indiana-university-of-pennsylvania-main-campus,Indiana,PA,15705-1098,FOUR_YEAR,https://www.iup.edu/,40.617531,-79.159332,6893
213233,Johnson College,johnson-college,Scranton,PA,18508-1495,TWO_YEAR,https://www.johnson.edu/,41.450409,-75.642476,549
213251,Juniata College,juniata-college,Huntingdon,PA,16652-2196,FOUR_YEAR,https://www.juniata.edu/,40.500523,-78.017292,1175
213303,Keystone College,keystone-college,La Plume,PA,18440-0200,FOUR_YEAR,https://www.keystone.edu/,41.558969,-75.777456,870
213321,King's College,king-s-college,Wilkes-Barre,PA,18711-0801,FOUR_YEAR,https://www.kings.edu/,41.250097,-75.879822,1519
213349,Kutztown University of Pennsylvania,kutztown-university-of-pennsylvania,Kutztown,PA,19530-0730,FOUR_YEAR,https://www.kutztown.edu/,40.513561,-75.783933,6348
213358,La Roche University,la-roche-university,Pittsburgh,PA,15237-5898,FOUR_YEAR,https://www.laroche.edu/,40.568615,-80.014851,786
213367,La Salle University,la-salle-university,Philadelphia,PA,19141-1199,FOUR_YEAR,https://www.lasalle.edu/,40.037979,-75.153061,1966
213376,Lackawanna College,lackawanna-college,Scranton,PA,18509-3206,TWO_YEAR,https://www.lackawanna.edu/,41.411556,-75.658963,1837
213385,Lafayette College,lafayette-college,Easton,PA,18042-1768,FOUR_YEAR,https://www.lafayette.edu/,40.69956,-75.209786,2746
213400,Lancaster Bible College,lancaster-bible-college,Lancaster,PA,17601-5036,FOUR_YEAR,https://www.lbc.edu/,40.075347,-76.287761,1511
213507,Lebanon Valley College,lebanon-valley-college,Annville,PA,17003-1400,FOUR_YEAR,https://www.lvc.edu/,40.330604,-76.514431,1670
213525,Lehigh Carbon Community College,lehigh-carbon-community-college,Schnecksville,PA,18078-2598,TWO_YEAR,https://www.lccc.edu/,40.66474,-75.610715,4465
213543,Lehigh University,lehigh-university,Bethlehem,PA,18015,FOUR_YEAR,https://www.lehigh.edu/,40.606822,-75.380236,5803
213598,Lincoln University,lincoln-university-pa,Lincoln University,PA,19352-0999,FOUR_YEAR,https://www.lincoln.edu/,39.807723,-75.926458,1712
213659,Luzerne County Community College,luzerne-county-community-college,Nanticoke,PA,18634,TWO_YEAR,https://www.luzerne.edu/,41.194728,-75.991095,3241
213668,Lycoming College,lycoming-college,Williamsport,PA,17701-5192,FOUR_YEAR,https://www.lycoming.edu/,41.24666,-77,1049
213774,Manor College,manor-college,Jenkintown,PA,19046-3399,TWO_YEAR,https://www.manor.edu/,40.08714,-75.104786,462
213826,Marywood University,marywood-university,Scranton,PA,18509-1598,FOUR_YEAR,https://www.marywood.edu/,41.434587,-75.634142,1821
213914,Vet Tech Institute,vet-tech-institute,Pittsburgh,PA,15222-3400,TWO_YEAR,https://vti.edu/,40.443884,-80.000229,199
213987,Mercyhurst University,mercyhurst-university,Erie,PA,16546,FOUR_YEAR,https://www.mercyhurst.edu/,42.10578,-80.053412,2217
213996,Messiah University,messiah-university,Mechanicsburg,PA,17055,FOUR_YEAR,https://www.messiah.edu/,40.156579,-76.988269,2318
214041,Millersville University of Pennsylvania,millersville-university-of-pennsylvania,Millersville,PA,17551-0302,FOUR_YEAR,https://www.millersville.edu/,40.000337,-76.357381,5610
214069,Misericordia University,misericordia-university,Dallas,PA,18612-1098,FOUR_YEAR,https://www.misericordia.edu/,41.345277,-75.971541,1632
214111,Montgomery County Community College,montgomery-county-community-college,Blue Bell,PA,19422-0796,TWO_YEAR,https://www.mc3.edu/,40.175609,-75.276093,7181
214148,Moore College of Art and Design,moore-college-of-art-and-design,Philadelphia,PA,19103-1179,FOUR_YEAR,https://www.moore.edu/,39.957078,-75.172105,390
214157,Moravian University,moravian-university,Bethlehem,PA,18018-6650,FOUR_YEAR,https://www.moravian.edu/,40.630947,-75.383638,1970
214166,Mount Aloysius College,mount-aloysius-college,Cresson,PA,16630-1999,FOUR_YEAR,https://www.mtaloy.edu/,40.459679,-78.600898,1123
214175,Muhlenberg College,muhlenberg-college,Allentown,PA,18104,FOUR_YEAR,https://www.muhlenberg.edu/,40.596416,-75.508502,1777
214272,Neumann University,neumann-university,Aston,PA,19014-1298,FOUR_YEAR,https://www.neumann.edu/,39.874876,-75.440022,1574
214379,Northampton County Area Community College,northampton-county-area-community-college,Bethlehem,PA,18020-7599,TWO_YEAR,https://www.northampton.edu/,40.67253,-75.32351,7512
214591,Pennsylvania State University-Penn State Erie-Behrend College,pennsylvania-state-university-penn-state-erie-behrend-college,Erie,PA,16563-0001,FOUR_YEAR,https://behrend.psu.edu/,42.119417,-79.983818,3172
214625,Pennsylvania State University-Penn State New Kensington,pennsylvania-state-university-penn-state-new-kensington,New Kensington,PA,15068-1765,FOUR_YEAR,https://newkensington.psu.edu/,40.551056,-79.697461,423
214634,Pennsylvania State University-Penn State Shenango,pennsylvania-state-university-penn-state-shenango,Sharon,PA,16146-1537,FOUR_YEAR,https://shenango.psu.edu/,41.235131,-80.50924,261
214643,Pennsylvania State University-Penn State Wilkes-Barre,pennsylvania-state-university-penn-state-wilkes-barre,Dallas,PA,18627-0217,FOUR_YEAR,https://wilkesbarre.psu.edu/,41.305602,-76.016151,338
214652,Pennsylvania State University-Penn State Scranton,pennsylvania-state-university-penn-state-scranton,Dunmore,PA,18512-1602,FOUR_YEAR,https://scranton.psu.edu/,41.439843,-75.621401,821
214670,Pennsylvania State University-Penn State Lehigh Valley,pennsylvania-state-university-penn-state-lehigh-valley,Center Valley,PA,18034-8447,FOUR_YEAR,https://lehighvalley.psu.edu/,40.559201,-75.40267,902
214689,Pennsylvania State University-Penn State Altoona,pennsylvania-state-university-penn-state-altoona,Altoona,PA,16601-3777,FOUR_YEAR,https://altoona.psu.edu/,40.541759,-78.409601,2412
214698,Pennsylvania State University-Penn State Beaver,pennsylvania-state-university-penn-state-beaver,Monaca,PA,15061-2764,FOUR_YEAR,https://beaver.psu.edu/,40.678271,-80.296316,491
214704,Pennsylvania State University-Penn State Berks,pennsylvania-state-university-penn-state-berks,Reading,PA,19610-1016,FOUR_YEAR,https://berks.psu.edu/,40.358839,-75.97329,1887
214713,Pennsylvania State University-Penn State Harrisburg,pennsylvania-state-university-penn-state-harrisburg,Middletown,PA,17057-4846,FOUR_YEAR,https://harrisburg.psu.edu/,40.204253,-76.741216,4154
214731,Pennsylvania State University-Penn State Brandywine,pennsylvania-state-university-penn-state-brandywine,Media,PA,19063-5522,FOUR_YEAR,https://www.brandywine.psu.edu/,39.927123,-75.449704,1218
214740,Pennsylvania State University-Penn State DuBois,pennsylvania-state-university-penn-state-dubois,DuBois,PA,15801-2549,TWO_YEAR,https://dubois.psu.edu/,41.127184,-78.751554,316
214759,Pennsylvania State University-Penn State Fayette- Eberly,pennsylvania-state-university-penn-state-fayette-eberly,Lemont Furnace,PA,15456-1025,FOUR_YEAR,https://fayette.psu.edu/,39.946455,-79.659317,415
214768,Pennsylvania State University-Penn State Hazleton,pennsylvania-state-university-penn-state-hazleton,Hazleton,PA,18202-8025,FOUR_YEAR,https://hazleton.psu.edu/,40.98396,-76.030975,508
214777,Pennsylvania State University-Main Campus,pennsylvania-state-university-main-campus,University Park,PA,16802-1503,FOUR_YEAR,https://www.psu.edu/,40.7965,-77.862848,41862
214786,Pennsylvania State University-Penn State Greater Allegheny,pennsylvania-state-university-penn-state-greater-allegheny,McKeesport,PA,15132-7644,FOUR_YEAR,https://greaterallegheny.psu.edu/,40.345591,-79.827428,360
214795,Pennsylvania State University-Penn State Mont Alto,pennsylvania-state-university-penn-state-mont-alto,Mont Alto,PA,17237-9700,FOUR_YEAR,https://montalto.psu.edu/,39.842212,-77.541797,547
214801,Pennsylvania State University-Penn State Abington,pennsylvania-state-university-penn-state-abington,Abington,PA,19001-3918,FOUR_YEAR,https://www.abington.psu.edu/,40.117101,-75.110724,3074
214810,Pennsylvania State University-Penn State Schuylkill,pennsylvania-state-university-penn-state-schuylkill,Schuylkill Haven,PA,17972-2202,FOUR_YEAR,https://schuylkill.psu.edu/,40.640512,-76.166374,617
214829,Pennsylvania State University-Penn State York,pennsylvania-state-university-penn-state-york,York,PA,17403-3326,FOUR_YEAR,https://www.york.psu.edu/,39.95283,-76.703486,668
214883,Peirce College,peirce-college,Philadelphia,PA,19103-5443,FOUR_YEAR,https://www.peirce.edu/,39.949623,-75.168105,789
214971,Pennsylvania Academy of the Fine Arts,pennsylvania-academy-of-the-fine-arts,Philadelphia,PA,19102-1510,FOUR_YEAR,https://www.pafa.org/,39.955692,-75.163456,99
215053,Pennsylvania College of Art and Design,pennsylvania-college-of-art-and-design,Lancaster,PA,17603-0059,FOUR_YEAR,https://pcad.edu/,40.041152,-76.308769,312
215062,University of Pennsylvania,university-of-pennsylvania,Philadelphia,PA,19104-6303,FOUR_YEAR,https://www.upenn.edu/,39.950929,-75.19391,10768
215105,University of the Arts,university-of-the-arts,Philadelphia,PA,19102-4901,FOUR_YEAR,https://www.uarts.edu/,39.946017,-75.165888,1064
215114,Cairn University-Langhorne,cairn-university-langhorne,Langhorne,PA,19047-2990,FOUR_YEAR,https://www.cairn.edu/,40.165809,-74.909509,782
215239,Community College of Philadelphia,community-college-of-philadelphia,Philadelphia,PA,19130-3991,TWO_YEAR,https://www.ccp.edu/,39.962458,-75.165604,11312
215266,University of Pittsburgh-Bradford,university-of-pittsburgh-bradford,Bradford,PA,16701,FOUR_YEAR,https://www.upb.pitt.edu/,41.943415,-78.673701,980
215275,University of Pittsburgh-Greensburg,university-of-pittsburgh-greensburg,Greensburg,PA,15601-5860,FOUR_YEAR,https://www.greensburg.pitt.edu/,40.276447,-79.532676,1322
215284,University of Pittsburgh-Johnstown,university-of-pittsburgh-johnstown,Johnstown,PA,15904,FOUR_YEAR,https://www.upj.pitt.edu/,40.265957,-78.834163,1934
215293,University of Pittsburgh-Pittsburgh Campus,university-of-pittsburgh-pittsburgh-campus,Pittsburgh,PA,15260,FOUR_YEAR,https://www.pitt.edu/,40.444388,-79.953254,20189
215309,University of Pittsburgh-Titusville,university-of-pittsburgh-titusville,Titusville,PA,16354,TWO_YEAR,https://www.titusville.pitt.edu/home,41.628697,-79.664156,28
215381,Pittsburgh Institute of Aeronautics,pittsburgh-institute-of-aeronautics,West Mifflin,PA,15122,TWO_YEAR,https://www.pia.edu/,40.350804,-79.926575,591
215390,Pittsburgh Institute of Mortuary Science Inc,pittsburgh-institute-of-mortuary-science-inc,Pittsburgh,PA,15206-3706,TWO_YEAR,https://www.pims.edu/,40.459175,-79.930487,369
215415,Pittsburgh Technical College,pittsburgh-technical-college,Oakdale,PA,15071,TWO_YEAR,https://www.ptcollege.edu/,40.424679,-80.189404,822
215442,Point Park University,point-park-university,Pittsburgh,PA,15222-1984,FOUR_YEAR,https://www.pointpark.edu/,40.438768,-80.002061,2320
215585,Reading Area Community College,reading-area-community-college,Reading,PA,19603,TWO_YEAR,https://www.racc.edu/,40.334861,-75.935086,3338
215637,Walnut Hill College,walnut-hill-college,Philadelphia,PA,19104,TWO_YEAR,https://www.walnuthillcollege.edu/,39.955098,-75.20749,127
215655,Robert Morris University,robert-morris-university,Moon Township,PA,15108-1189,FOUR_YEAR,https://www.rmu.edu/,40.520415,-80.210468,2866
215682,Rosedale Technical College,rosedale-technical-college,Pittsburgh,PA,15205-9791,TWO_YEAR,https://www.rosedaletech.edu/,40.45205,-80.103926,405
215691,Rosemont College,rosemont-college,Rosemont,PA,19010-1699,FOUR_YEAR,https://www.rosemont.edu/,40.033417,-75.32925,466
215743,Saint Francis University,saint-francis-university,Loretto,PA,15940,FOUR_YEAR,https://www.francis.edu/,40.506734,-78.63904,1525
215770,Saint Joseph's University - Philadelphia,saint-joseph-s-university-philadelphia,Philadelphia,PA,19131-1395,FOUR_YEAR,https://www.sju.edu/,39.994442,-75.238343,4742
215798,Saint Vincent College,saint-vincent-college,Latrobe,PA,15650-2690,FOUR_YEAR,https://www.stvincent.edu/,40.29265,-79.403762,1264
215929,University of Scranton,university-of-scranton,Scranton,PA,18510-4699,FOUR_YEAR,https://www.scranton.edu/,41.406556,-75.656915,3589
215947,Seton Hill University,seton-hill-university,Greensburg,PA,15601,FOUR_YEAR,https://www.setonhill.edu/,40.309407,-79.557433,1581
216010,Shippensburg University of Pennsylvania,shippensburg-university-of-pennsylvania,Shippensburg,PA,17257-2299,FOUR_YEAR,https://www.ship.edu/,40.057933,-77.522335,4179
216038,Slippery Rock University of Pennsylvania,slippery-rock-university-of-pennsylvania,Slippery Rock,PA,16057-1383,FOUR_YEAR,https://www.sru.edu/,41.062719,-80.045965,6728
216047,Saint Charles Borromeo Seminary-Overbrook,saint-charles-borromeo-seminary-overbrook,Ambler,PA,19002,FOUR_YEAR,https://www.scs.edu/,40.201235,-75.231732,41
216083,South Hills School of Business & Technology,south-hills-school-of-business-technology,State College,PA,16801-4516,TWO_YEAR,https://www.southhills.edu/,40.775033,-77.855466,241
216278,Susquehanna University,susquehanna-university,Selinsgrove,PA,17870-1025,FOUR_YEAR,https://www.susqu.edu/,40.797502,-76.875329,2120
216287,Swarthmore College,swarthmore-college,Swarthmore,PA,19081,FOUR_YEAR,https://www.swarthmore.edu/,39.905159,-75.354278,1627
216296,Thaddeus Stevens College of Technology,thaddeus-stevens-college-of-technology,Lancaster,PA,17602-3198,TWO_YEAR,https://stevenscollege.edu/,40.037951,-76.288718,1449
216311,Talmudical Yeshiva of Philadelphia,talmudical-yeshiva-of-philadelphia,Philadelphia,PA,19131,FOUR_YEAR,https://www.meterware.com/typ/Talmudical_Yeshiva_of_Philadelphia/?C=N;O=D,39.989249,-75.247964,120
216339,Temple University,temple-university,Philadelphia,PA,19122-6096,FOUR_YEAR,https://www.temple.edu/,39.980546,-75.156859,21249
216357,Thiel College,thiel-college,Greenville,PA,16125-2181,FOUR_YEAR,https://www.thiel.edu/,41.41354,-80.384383,773
216366,Thomas Jefferson University,thomas-jefferson-university,Philadelphia,PA,19107,FOUR_YEAR,https://www.jefferson.edu/,39.948274,-75.158266,3708
216436,Triangle Tech Inc-Pittsburgh,triangle-tech-inc-pittsburgh,Pittsburgh,PA,15214-3897,TWO_YEAR,https://www.triangle-tech.edu/,40.462003,-80.012781,90
216445,Triangle Tech Inc-Greensburg,triangle-tech-inc-greensburg,Greensburg,PA,15601-3304,TWO_YEAR,https://triangle-tech.edu/,40.303168,-79.539468,100
216454,Triangle Tech Inc-Dubois,triangle-tech-inc-dubois,Falls Creek,PA,15840-3333,TWO_YEAR,https://www.triangle-tech.edu/,41.147974,-78.795923,79
216524,Ursinus College,ursinus-college,Collegeville,PA,19426-1000,FOUR_YEAR,https://www.ursinus.edu/,40.193023,-75.456505,1477
216542,University of Valley Forge,university-of-valley-forge,Phoenixville,PA,19460-2373,FOUR_YEAR,https://www.valleyforge.edu/,40.117835,-75.5469,471
216551,Valley Forge Military College,valley-forge-military-college,Wayne,PA,19087-3695,TWO_YEAR,https://www.vfmac.edu/,40.053697,-75.382097,83
216597,Villanova University,villanova-university,Villanova,PA,19085-1699,FOUR_YEAR,https://www.villanova.edu/,40.036463,-75.340502,7005
216667,Washington & Jefferson College,washington-jefferson-college,Washington,PA,15301,FOUR_YEAR,https://www.washjeff.edu/,40.170622,-80.24049,1154
216694,Waynesburg University,waynesburg-university,Waynesburg,PA,15370-1257,FOUR_YEAR,https://www.waynesburg.edu/,39.899871,-80.186205,1081
216764,West Chester University of Pennsylvania,west-chester-university-of-pennsylvania,West Chester,PA,19383,FOUR_YEAR,https://www.wcupa.edu/,39.953398,-75.59812,14067
216807,Westminster College,westminster-college-pa,New Wilmington,PA,16172,FOUR_YEAR,https://www.westminster.edu/,41.119272,-80.331017,1051
216825,Westmoreland County Community College,westmoreland-county-community-college,Youngwood,PA,15697-1895,TWO_YEAR,https://westmoreland.edu/,40.234321,-79.564897,2628
216852,Widener University,widener-university,Chester,PA,19013-5792,FOUR_YEAR,https://www.widener.edu/,39.861689,-75.355363,2765
216931,Wilkes University,wilkes-university,Wilkes-Barre,PA,18766,FOUR_YEAR,https://www.wilkes.edu/,41.244199,-75.890262,1893
216940,Williamson College of the Trades,williamson-college-of-the-trades,Media,PA,19063-5299,TWO_YEAR,https://www.williamson.edu/,39.90807,-75.422024,313
217013,Wilson College,wilson-college,Chambersburg,PA,17201-1285,FOUR_YEAR,https://www.wilson.edu/,39.949659,-77.650712,745
217040,Yeshivath Beth Moshe,yeshivath-beth-moshe,Scranton,PA,18505-2196,TWO_YEAR,https://yeshivabethmoshe.com/,41.394852,-75.656191,39
217059,York College of Pennsylvania,york-college-of-pennsylvania,York,PA,17403-3651,FOUR_YEAR,https://www.ycp.edu/,39.94614,-76.727984,3187
217156,Brown University,brown-university,Providence,RI,02912,FOUR_YEAR,https://www.brown.edu/,41.82617,-71.40385,7273
217165,Bryant University,bryant-university,Smithfield,RI,02917-1291,FOUR_YEAR,https://www.bryant.edu/,41.920092,-71.539547,3236
217235,Johnson & Wales University-Providence,johnson-wales-university-providence,Providence,RI,02903-3703,FOUR_YEAR,https://www.jwu.edu/campuses/providence/,41.819956,-71.41277,3913
217305,New England Institute of Technology,new-england-institute-of-technology,East Greenwich,RI,02818-1205,TWO_YEAR,https://www.neit.edu/,41.661783,-71.502892,1712
217402,Providence College,providence-college,Providence,RI,02918-0001,FOUR_YEAR,https://www.providence.edu/,41.842742,-71.437446,4170
217420,Rhode Island College,rhode-island-college,Providence,RI,02908,FOUR_YEAR,https://www.ric.edu/,41.842415,-71.46556,4630
217475,Community College of Rhode Island,community-college-of-rhode-island,Warwick,RI,02886-1807,TWO_YEAR,https://www.ccri.edu/,41.712817,-71.481509,11455
217484,University of Rhode Island,university-of-rhode-island,Kingston,RI,02881,FOUR_YEAR,https://web.uri.edu/,41.484691,-71.527356,13822
217493,Rhode Island School of Design,rhode-island-school-of-design,Providence,RI,02903-2784,FOUR_YEAR,https://www.risd.edu/,41.827114,-71.409309,2090
217518,Roger Williams University,roger-williams-university,Bristol,RI,02809-2921,FOUR_YEAR,https://www.rwu.edu/,41.650214,-71.260374,3957
217536,Salve Regina University,salve-regina-university,Newport,RI,02840-4192,FOUR_YEAR,https://www.salve.edu/,41.471545,-71.30124,2102
217606,Northpoint Bible College,northpoint-bible-college,Haverhill,MA,01835,FOUR_YEAR,https://www.northpoint.edu/,42.765357,-71.079335,89
217624,Allen University,allen-university,Columbia,SC,29204,FOUR_YEAR,https://www.allenuniversity.edu/,34.010348,-81.020045,635
217633,Anderson University,anderson-university-sc,Anderson,SC,29621-4035,FOUR_YEAR,https://www.andersonuniversity.edu/,34.5152,-82.640358,3080
217688,Charleston Southern University,charleston-southern-university,Charleston,SC,29406-9121,FOUR_YEAR,https://www.charlestonsouthern.edu/,32.983047,-80.072587,2716
217721,Benedict College,benedict-college,Columbia,SC,29204-1086,FOUR_YEAR,https://www.benedict.edu/,34.012941,-81.020403,1573
217749,Bob Jones University,bob-jones-university,Greenville,SC,29614-0001,FOUR_YEAR,https://www.bju.edu/,34.874016,-82.365838,2209
217776,Southern Wesleyan University,southern-wesleyan-university,Central,SC,29630-1020,FOUR_YEAR,https://www.swu.edu/,34.728068,-82.761586,771
217819,College of Charleston,college-of-charleston,Charleston,SC,29424-0001,FOUR_YEAR,https://www.charleston.edu/,32.784225,-79.939794,10366
217864,Citadel Military College of South Carolina,citadel-military-college-of-south-carolina,Charleston,SC,29409,FOUR_YEAR,https://citadel.edu/,32.797183,-79.958775,2624
217873,Claflin University,claflin-university,Orangeburg,SC,29115-4498,FOUR_YEAR,https://www.claflin.edu/,33.498444,-80.854319,1727
217882,Clemson University,clemson-university,Clemson,SC,29634,FOUR_YEAR,https://www.clemson.edu/,34.679381,-82.835114,22778
217891,Clinton College,clinton-college,Rock Hill,SC,29730,FOUR_YEAR,https://www.clintoncollege.edu/,34.913721,-81.043469,94
217907,Coker University,coker-university,Hartsville,SC,29550,FOUR_YEAR,https://coker.edu/,34.37696,-80.070416,807
217925,Columbia International University,columbia-international-university,Columbia,SC,29203-1513,FOUR_YEAR,https://www.ciu.edu/,34.07551,-81.07443,690
217934,Columbia College,columbia-college-sc,Columbia,SC,29203,FOUR_YEAR,https://www.columbiasc.edu/,34.045581,-81.029967,1245
217961,Converse University,converse-university,Spartanburg,SC,29302-0006,FOUR_YEAR,https://www.converse.edu/,34.955534,-81.917881,845
217998,Erskine College,erskine-college,Due West,SC,29639,FOUR_YEAR,https://www.erskine.edu/,34.332087,-82.39095,821
218025,Florence-Darlington Technical College,florence-darlington-technical-college,Florence,SC,29501-0548,TWO_YEAR,https://www.fdtc.edu/,34.243882,-79.81469,2890
218061,Francis Marion University,francis-marion-university,Florence,SC,29506,FOUR_YEAR,https://www.fmarion.edu/,34.189777,-79.652854,2640
218070,Furman University,furman-university,Greenville,SC,29613-6162,FOUR_YEAR,https://www.furman.edu/,34.924676,-82.440458,2322
218229,Lander University,lander-university,Greenwood,SC,29649-2099,FOUR_YEAR,https://www.lander.edu/,34.199892,-82.164736,3384
218238,Limestone University,limestone-university,Gaffney,SC,29340-3799,FOUR_YEAR,https://www.limestone.edu/,35.057076,-81.649161,1528
218335,Medical University of South Carolina,medical-university-of-south-carolina,Charleston,SC,29425,FOUR_YEAR,https://web.musc.edu/,32.784363,-79.947158,281
218353,Midlands Technical College,midlands-technical-college,West Columbia,SC,29170-2176,TWO_YEAR,https://www.midlandstech.edu/,33.949325,-81.115761,7731
218399,Morris College,morris-college,Sumter,SC,29150-3599,FOUR_YEAR,https://www.morris.edu/,33.938574,-80.346155,421
218414,Newberry College,newberry-college,Newberry,SC,29108,FOUR_YEAR,https://www.newberry.edu/,34.285868,-81.619777,1462
218441,North Greenville University,north-greenville-university,Tigerville,SC,29688-1892,FOUR_YEAR,https://www.ngu.edu/,35.069758,-82.37026,1719
218539,Presbyterian College,presbyterian-college,Clinton,SC,29325,FOUR_YEAR,https://www.presby.edu/,34.465834,-81.87448,862
218645,University of South Carolina Aiken,university-of-south-carolina-aiken,Aiken,SC,29801,FOUR_YEAR,https://www.usca.edu/,33.572704,-81.767612,2805
218654,University of South Carolina Beaufort,university-of-south-carolina-beaufort,Bluffton,SC,29909,FOUR_YEAR,https://www.uscb.edu/,32.303308,-80.973595,1958
218663,University of South Carolina-Columbia,university-of-south-carolina-columbia,Columbia,SC,29208,FOUR_YEAR,https://www.sc.edu/,33.996788,-81.026935,28113
218672,University of South Carolina-Lancaster,university-of-south-carolina-lancaster,Lancaster,SC,29720-0889,TWO_YEAR,https://www.sc.edu/about/system_and_campuses/lancaster/index.php,34.736282,-80.787069,649
218681,University of South Carolina-Salkehatchie,university-of-south-carolina-salkehatchie,Allendale,SC,29810-0617,TWO_YEAR,https://sc.edu/about/system_and_campuses/salkehatchie/index.php,33.014312,-81.301838,290
218690,University of South Carolina-Sumter,university-of-south-carolina-sumter,Sumter,SC,29150-2498,TWO_YEAR,https://www.sc.edu/about/system_and_campuses/sumter/index.php,33.934698,-80.373459,631
218706,University of South Carolina-Union,university-of-south-carolina-union,Union,SC,29379-0729,TWO_YEAR,https://www.sc.edu/about/system_and_campuses/union/index.php,34.717771,-81.621042,267
218724,Coastal Carolina University,coastal-carolina-university,Conway,SC,29526,FOUR_YEAR,https://www.coastal.edu/,33.794995,-79.011767,9909
218733,South Carolina State University,south-carolina-state-university,Orangeburg,SC,29117-0001,FOUR_YEAR,https://scsu.edu/,33.497968,-80.848722,2757
218742,University of South Carolina-Upstate,university-of-south-carolina-upstate,Spartanburg,SC,29303-4999,FOUR_YEAR,https://www.uscupstate.edu/,34.996403,-81.970583,4008
218821,Spartanburg Methodist College,spartanburg-methodist-college,Spartanburg,SC,29301-5899,TWO_YEAR,https://www.smcsc.edu/,34.955117,-81.970863,1029
218830,Spartanburg Community College,spartanburg-community-college,Spartanburg,SC,29303,TWO_YEAR,https://www.sccsc.edu/,34.974587,-81.989811,5063
218858,Central Carolina Technical College,central-carolina-technical-college,Sumter,SC,29150-2499,TWO_YEAR,https://www.cctech.edu/,33.933342,-80.37101,2388
218894,Trident Technical College,trident-technical-college,Charleston,SC,29423-8067,TWO_YEAR,https://www.tridenttech.edu/,32.928767,-80.031276,11091
218919,Voorhees University,voorhees-university,Denmark,SC,29042,FOUR_YEAR,https://www.voorhees.edu/,33.307199,-81.127863,460
218964,Winthrop University,winthrop-university,Rock Hill,SC,29733,FOUR_YEAR,https://www.winthrop.edu/,34.941515,-81.031404,3424
218973,Wofford College,wofford-college,Spartanburg,SC,29303-3663,FOUR_YEAR,https://www.wofford.edu/,34.959411,-81.933568,1873
219000,Augustana University,augustana-university,Sioux Falls,SD,57197-0001,FOUR_YEAR,https://www.augie.edu/,43.525148,-96.736975,1818
219046,Black Hills State University,black-hills-state-university,Spearfish,SD,57799-9500,FOUR_YEAR,https://www.bhsu.edu/,44.494889,-103.870966,1935
219082,Dakota State University,dakota-state-university,Madison,SD,57042-1799,FOUR_YEAR,https://dsu.edu/,44.013014,-97.113358,1969
219091,Dakota Wesleyan University,dakota-wesleyan-university,Mitchell,SD,57301-4398,FOUR_YEAR,https://www.dwu.edu/,43.697432,-98.031188,661
219143,Lake Area Technical College,lake-area-technical-college,Watertown,SD,57201-0730,TWO_YEAR,https://www.lakeareatech.edu/,44.901714,-97.095229,1710
219189,Mitchell Technical College,mitchell-technical-college,Mitchell,SD,57301,TWO_YEAR,https://www.mitchelltech.edu/,43.688663,-98.002505,953
219198,Mount Marty University,mount-marty-university,Yankton,SD,57078-3724,FOUR_YEAR,https://www.mountmarty.edu/,42.874475,-97.409904,702
219204,National American University-Rapid City,national-american-university-rapid-city,Rapid City,SD,57702,FOUR_YEAR,https://www.national.edu/locations/campuses/rapid-city/,44.061498,-103.286487,832
219240,Kairos University,kairos-university,Sioux Falls,SD,57105,FOUR_YEAR,https://www.kairos.edu/,43.525446,-96.735896,36
219259,Northern State University,northern-state-university,Aberdeen,SD,57401-7198,FOUR_YEAR,https://northern.edu/,45.450829,-98.484728,1239
219277,Oglala Lakota College,oglala-lakota-college,Kyle,SD,57752-0490,TWO_YEAR,https://www.olc.edu/,43.366813,-102.240331,1156
219347,South Dakota School of Mines and Technology,south-dakota-school-of-mines-and-technology,Rapid City,SD,57701-3995,FOUR_YEAR,https://www.sdsmt.edu/,44.075439,-103.205753,2042
219356,South Dakota State University,south-dakota-state-university,Brookings,SD,57007-1898,FOUR_YEAR,https://www.sdstate.edu/,44.317485,-96.782139,8798
219374,Sinte Gleska University,sinte-gleska-university,Mission,SD,57555-0105,FOUR_YEAR,https://www.sintegleska.edu/,43.298878,-100.622549,579
219383,University of Sioux Falls,university-of-sioux-falls,Sioux Falls,SD,57105-1699,FOUR_YEAR,https://www.usiouxfalls.edu/,43.531574,-96.738229,1258
219408,Sisseton Wahpeton College,sisseton-wahpeton-college,Sisseton,SD,57262,TWO_YEAR,https://www.swcollege.edu/,45.562731,-97.060835,209
219426,Southeast Technical College,southeast-technical-college,Sioux Falls,SD,57107-1301,TWO_YEAR,https://www.southeasttech.edu/,43.570446,-96.780241,2164
219471,University of South Dakota,university-of-south-dakota,Vermillion,SD,57069-2390,FOUR_YEAR,https://www.usd.edu/,42.786019,-96.925283,5239
219480,Western Dakota Technical College,western-dakota-technical-college,Rapid City,SD,57703-4018,TWO_YEAR,https://www.wdt.edu/,44.076648,-103.179501,733
219505,American Baptist College,american-baptist-college,Nashville,TN,37207-9980,FOUR_YEAR,https://www.abcnash.edu/,36.202623,-86.789912,48
219602,Austin Peay State University,austin-peay-state-university,Clarksville,TN,37044,FOUR_YEAR,https://www.apsu.edu/,36.533319,-87.354081,7365
219639,Baptist Health Sciences University,baptist-health-sciences-university,Memphis,TN,38104,FOUR_YEAR,https://www.baptistu.edu/,35.138415,-90.027501,673
219709,Belmont University,belmont-university,Nashville,TN,37212-3757,FOUR_YEAR,https://www.belmont.edu/,36.135589,-86.794807,7306
219718,Bethel University,bethel-university-tn,McKenzie,TN,38201,FOUR_YEAR,https://www.bethelu.edu/,36.137848,-88.516762,1671
219790,Bryan College-Dayton,bryan-college-dayton,Dayton,TN,37321,FOUR_YEAR,https://www.bryan.edu/,35.497209,-84.999552,815
219806,Carson-Newman University,carson-newman-university,Jefferson City,TN,37760,FOUR_YEAR,https://www.cn.edu/,36.122934,-83.491709,1374
219824,Chattanooga State Community College,chattanooga-state-community-college,Chattanooga,TN,37406-1097,TWO_YEAR,https://www.chattanoogastate.edu/,35.100202,-85.237389,4689
219833,Christian Brothers University,christian-brothers-university,Memphis,TN,38104,FOUR_YEAR,https://www.cbu.edu/,35.127437,-89.983241,953
219888,Columbia State Community College,columbia-state-community-college,Columbia,TN,38401,TWO_YEAR,https://www.columbiastate.edu/,35.616757,-87.101917,3679
219949,Cumberland University,cumberland-university,Lebanon,TN,37087,FOUR_YEAR,https://www.cumberland.edu/,36.204514,-86.298782,2053
219976,Lipscomb University,lipscomb-university,Nashville,TN,37204-3951,FOUR_YEAR,https://www.lipscomb.edu/,36.106253,-86.799791,3021
220075,East Tennessee State University,east-tennessee-state-university,Johnson City,TN,37614,FOUR_YEAR,https://www.etsu.edu/,36.301643,-82.366954,9807
220181,Fisk University,fisk-university,Nashville,TN,37208-4501,FOUR_YEAR,https://www.fisk.edu/,36.167087,-86.804805,950
220206,Welch College,welch-college,Gallatin,TN,37066-8460,FOUR_YEAR,https://www.welch.edu/,36.36719,-86.549153,261
220215,Freed-Hardeman University,freed-hardeman-university,Henderson,TN,38340-2399,FOUR_YEAR,https://www.fhu.edu/,35.440611,-88.637964,1244
220400,Jackson State Community College,jackson-state-community-college,Jackson,TN,38301-3797,TWO_YEAR,https://www.jscc.edu/,35.645571,-88.780005,2211
220464,John A Gupton College,john-a-gupton-college,Nashville,TN,37203-2954,TWO_YEAR,https://www.guptoncollege.edu/,36.156633,-86.7948,160
220473,Johnson University,johnson-university,Knoxville,TN,37998,FOUR_YEAR,https://johnsonu.edu/,35.937193,-83.750273,703
220516,King University,king-university,Bristol,TN,37620-2699,FOUR_YEAR,https://www.king.edu/,36.585309,-82.159421,975
220552,South College,south-college,Knoxville,TN,37909-0000,TWO_YEAR,https://www.south.edu/,35.958283,-83.97362,6323
220598,Lane College,lane-college,Jackson,TN,38301-4598,FOUR_YEAR,https://www.lanecollege.edu/,35.627378,-88.806535,822
220604,Le Moyne-Owen College,le-moyne-owen-college,Memphis,TN,38126-6595,FOUR_YEAR,https://www.loc.edu/,35.118641,-90.034101,571
220613,Lee University,lee-university,Cleveland,TN,37311,FOUR_YEAR,https://www.leeuniversity.edu/,35.166019,-84.871399,2712
220631,Lincoln Memorial University,lincoln-memorial-university,Harrogate,TN,37752-8231,FOUR_YEAR,https://www.lmunet.edu/,36.578508,-83.660198,1487
220701,The University of Tennessee Southern,the-university-of-tennessee-southern,Pulaski,TN,38478-2799,FOUR_YEAR,https://www.utsouthern.edu/,35.201019,-87.035661,827
220710,Maryville College,maryville-college,Maryville,TN,37804-5907,FOUR_YEAR,https://www.maryvillecollege.edu/,35.751505,-83.964223,1028
220862,University of Memphis,university-of-memphis,Memphis,TN,38152,FOUR_YEAR,https://www.memphis.edu/,35.118878,-89.938068,13645
220978,Middle Tennessee State University,middle-tennessee-state-university,Murfreesboro,TN,37132,FOUR_YEAR,https://www.mtsu.edu/,35.848005,-86.360618,16115
221096,Motlow State Community College,motlow-state-community-college,Tullahoma,TN,37388,TWO_YEAR,https://www.mscc.edu/,35.365903,-86.299184,4055
221184,Nashville State Community College,nashville-state-community-college,Nashville,TN,37209-4515,TWO_YEAR,https://www.nscc.edu/,36.134857,-86.857342,4931
221351,Rhodes College,rhodes-college,Memphis,TN,38112-1690,FOUR_YEAR,https://www.rhodes.edu/,35.154405,-89.990803,1931
221397,Roane State Community College,roane-state-community-college,Harriman,TN,37748,TWO_YEAR,https://www.roanestate.edu/,35.880911,-84.620051,3203
221485,Southwest Tennessee Community College,southwest-tennessee-community-college,Memphis,TN,38134,TWO_YEAR,https://www.southwest.tn.edu/,35.161335,-89.86634,5207
221519,The University of the South,the-university-of-the-south,Sewanee,TN,37383-1000,FOUR_YEAR,https://www.sewanee.edu/,35.204719,-85.920179,1598
221643,Pellissippi State Community College,pellissippi-state-community-college,Knoxville,TN,37933-0990,TWO_YEAR,https://www.pstcc.edu/,35.948303,-84.166504,6391
221661,Southern Adventist University,southern-adventist-university,Collegedale,TN,37315-0370,FOUR_YEAR,https://www.southern.edu/,35.048254,-85.052088,2673
221731,Tennessee Wesleyan University,tennessee-wesleyan-university,Athens,TN,37303,FOUR_YEAR,https://www.tnwesleyan.edu/,35.446331,-84.592728,832
221740,The University of Tennessee-Chattanooga,the-university-of-tennessee-chattanooga,Chattanooga,TN,37403-2598,FOUR_YEAR,https://utc.edu/,35.047519,-85.300247,9878
221759,The University of Tennessee-Knoxville,the-university-of-tennessee-knoxville,Knoxville,TN,37996,FOUR_YEAR,https://www.utk.edu/,35.952082,-83.925852,28763
221768,The University of Tennessee-Martin,the-university-of-tennessee-martin,Martin,TN,38238,FOUR_YEAR,https://www.utm.edu/,36.340338,-88.864211,4600
221838,Tennessee State University,tennessee-state-university,Nashville,TN,37209-1561,FOUR_YEAR,https://www.tnstate.edu/,36.166321,-86.828275,6498
221847,Tennessee Technological University,tennessee-technological-university,Cookeville,TN,38505-0001,FOUR_YEAR,https://www.tntech.edu/,36.174754,-85.504039,8495
221892,Trevecca Nazarene University,trevecca-nazarene-university,Nashville,TN,37210,FOUR_YEAR,https://www.trevecca.edu/,36.141324,-86.754238,1697
221908,Northeast State Community College,northeast-state-community-college,Blountville,TN,37617-0246,TWO_YEAR,https://www.northeaststate.edu/,36.484961,-82.408885,4214
221953,Tusculum University,tusculum-university,Greeneville,TN,37743,FOUR_YEAR,https://www.tusculum.edu/,36.172435,-82.760818,903
221971,Union University,union-university,Jackson,TN,38305-3697,FOUR_YEAR,https://www.uu.edu/,35.676896,-88.858524,1637
221999,Vanderbilt University,vanderbilt-university,Nashville,TN,37240,FOUR_YEAR,https://www.vanderbilt.edu/,36.14659,-86.803369,7143
222053,Volunteer State Community College,volunteer-state-community-college,Gallatin,TN,37066-3188,TWO_YEAR,https://www.volstate.edu/,36.362518,-86.497127,5139
222062,Walters State Community College,walters-state-community-college,Morristown,TN,37813-6899,TWO_YEAR,https://www.ws.edu/,36.213179,-83.262503,3781
222178,Abilene Christian University,abilene-christian-university,Abilene,TX,79699,FOUR_YEAR,https://www.acu.edu/,32.468943,-99.709797,3129
222567,Alvin Community College,alvin-community-college,Alvin,TX,77511-4898,TWO_YEAR,https://www.alvincollege.edu/,29.396244,-95.240671,3451
222576,Amarillo College,amarillo-college,Amarillo,TX,79109,TWO_YEAR,https://www.actx.edu/,35.187839,-101.846988,7347
222628,Amberton University,amberton-university,Garland,TX,75041-5595,FOUR_YEAR,https://www.amberton.edu/,32.859931,-96.65302,110
222831,Angelo State University,angelo-state-university,San Angelo,TX,76909,FOUR_YEAR,https://www.angelo.edu/,31.440914,-100.465051,5515
222877,Arlington Baptist University,arlington-baptist-university,Arlington,TX,76012-3425,FOUR_YEAR,https://abu.edu/,32.739489,-97.156024,268
222983,Austin College,austin-college,Sherman,TX,75090-4400,FOUR_YEAR,https://www.austincollege.edu/,33.646345,-96.596331,1125
222992,Austin Community College District,austin-community-college-district,Austin,TX,78752-7000,TWO_YEAR,https://www.austincc.edu/,30.326304,-97.713778,25969
223083,Baptist Health System School of Health Professions,baptist-health-system-school-of-health-professions,San Antonio,TX,78229,TWO_YEAR,https://www.bshp.edu/,29.517063,-98.567486,524
223117,Baptist Missionary Association Theological Seminary,baptist-missionary-association-theological-seminary,Jacksonville,TX,75766-5407,FOUR_YEAR,https://www.bmats.edu/,31.978961,-95.255524,49
223232,Baylor University,baylor-university,Waco,TX,76798,FOUR_YEAR,https://www.baylor.edu/,31.546872,-97.121041,15007
223320,Coastal Bend College,coastal-bend-college,Beeville,TX,78102,TWO_YEAR,https://www.coastalbend.edu/,28.435194,-97.755896,1793
223427,Blinn College District,blinn-college-district,Brenham,TX,77833-4098,TWO_YEAR,https://www.blinn.edu/,30.160457,-96.40852,16156
223472,Vet Tech Institute of Houston,vet-tech-institute-of-houston,Houston,TX,77027,TWO_YEAR,https://www.vti.edu/,29.728907,-95.455533,190
223816,Central Texas College,central-texas-college,Killeen,TX,76549-4199,TWO_YEAR,https://www.ctcd.edu/,31.120516,-97.810827,5985
224004,Concordia University Texas,concordia-university-texas,Austin,TX,78726,FOUR_YEAR,https://www.concordia.edu/,30.420232,-97.835703,1388
224110,North Central Texas College,north-central-texas-college,Gainesville,TX,76240-4699,TWO_YEAR,https://www.nctc.edu/,33.6188,-97.1658,5703
224147,Texas A & M University-Corpus Christi,texas-a-m-university-corpus-christi,Corpus Christi,TX,78412-5503,FOUR_YEAR,https://www.tamucc.edu/,27.713723,-97.32395,7804
224226,Dallas Baptist University,dallas-baptist-university,Dallas,TX,75211-9299,FOUR_YEAR,https://www.dbu.edu/,32.710017,-96.947006,2526
224244,Dallas Christian College,dallas-christian-college,Dallas,TX,75234-7299,FOUR_YEAR,https://www.dallas.edu/,32.913692,-96.887117,272
224271,Dallas Institute of Funeral Service,dallas-institute-of-funeral-service,Dallas,TX,75227-4314,TWO_YEAR,https://www.dallasinstitute.edu/,32.771368,-96.683404,483
224323,University of Dallas,university-of-dallas,Irving,TX,75062-4736,FOUR_YEAR,https://udallas.edu/,32.846221,-96.919512,1403
224350,Del Mar College,del-mar-college,Corpus Christi,TX,78404-3897,TWO_YEAR,https://www.delmar.edu/,27.763619,-97.40762,9038
224527,East Texas Baptist University,east-texas-baptist-university,Marshall,TX,75670-1498,FOUR_YEAR,https://www.etbu.edu/,32.557847,-94.374488,1364
224545,Texas A&M University-Texarkana,texas-a-m-university-texarkana,Texarkana,TX,75503,FOUR_YEAR,https://www.tamut.edu/,33.490482,-94.103617,1748
224554,East Texas A&M University,east-texas-a-m-university,Commerce,TX,75428,FOUR_YEAR,https://www.tamuc.edu/,33.242112,-95.904579,8249
224615,Dallas College,dallas-college,Dallas,TX,75215-3604,TWO_YEAR,https://www.dallascollege.edu/pages/default.aspx,32.766319,-96.794036,41815
224642,El Paso Community College,el-paso-community-college,El Paso,TX,79925-6507,TWO_YEAR,https://www.epcc.edu/,31.773359,-106.373616,22893
224660,Western Technical College,western-technical-college,El Paso,TX,79924,TWO_YEAR,https://www.westerntech.edu/,31.877794,-106.425881,619
224891,Frank Phillips College,frank-phillips-college,Borger,TX,79008-5118,TWO_YEAR,https://www.fpctx.edu/,35.657778,-101.406005,749
225201,Hallmark University,hallmark-university,San Antonio,TX,78251,FOUR_YEAR,https://www.hallmarkuniversity.edu/,29.466862,-98.685754,781
225247,Hardin-Simmons University,hardin-simmons-university,Abilene,TX,79698-0001,FOUR_YEAR,https://www.hsutx.edu/,32.476434,-99.73564,1275
225308,Trinity Valley Community College,trinity-valley-community-college,Athens,TX,75751,TWO_YEAR,https://www.tvcc.edu/,32.196596,-95.858513,4793
225371,Hill College,hill-college,Hillsboro,TX,76645,TWO_YEAR,https://www.hillcollege.edu/,32.010928,-97.088332,2269
225399,Houston Christian University,houston-christian-university,Houston,TX,77074-3298,FOUR_YEAR,https://www.hc.edu/,29.693819,-95.515954,2777
225414,University of Houston-Clear Lake,university-of-houston-clear-lake,Houston,TX,77058-1002,FOUR_YEAR,https://www.uhcl.edu/,29.582523,-95.098129,6082
225423,Houston Community College,houston-community-college,Houston,TX,77002,TWO_YEAR,https://www.hccs.edu/,29.742114,-95.377319,37970
225432,University of Houston-Downtown,university-of-houston-downtown,Houston,TX,77002-1014,FOUR_YEAR,https://www.uhd.edu/,29.7661,-95.359338,12812
225502,University of Houston-Victoria,university-of-houston-victoria,Victoria,TX,77901,FOUR_YEAR,https://uhv.edu/,28.816248,-96.976334,2630
225511,University of Houston,university-of-houston,Houston,TX,77204-2018,FOUR_YEAR,https://www.uh.edu/,29.720393,-95.343537,37175
225520,Howard College,howard-college,Big Spring,TX,79720,TWO_YEAR,https://www.howardcollege.edu/,32.252292,-101.450104,1588
225548,Howard Payne University,howard-payne-university,Brownwood,TX,76801-2794,FOUR_YEAR,https://www.hputx.edu/,31.716467,-98.985204,716
225575,Huston-Tillotson University,huston-tillotson-university,Austin,TX,78702-2795,FOUR_YEAR,https://www.htu.edu/,30.264667,-97.721691,982
225627,University of the Incarnate Word,university-of-the-incarnate-word,San Antonio,TX,78209,FOUR_YEAR,https://www.uiw.edu/,29.46708,-98.46583,4545
225876,Jacksonville College-Main Campus,jacksonville-college-main-campus,Jacksonville,TX,75766-4759,TWO_YEAR,https://jacksonvillecollege.edu/,31.965846,-95.281311,197
225885,Jarvis Christian University,jarvis-christian-university,Hawkins,TX,75765-1470,FOUR_YEAR,https://www.jarvis.edu/,32.587942,-95.181513,730
225991,KD Conservatory College of Film and Dramatic Arts,kd-conservatory-college-of-film-and-dramatic-arts,Dallas,TX,75207,TWO_YEAR,https://www.kdstudio.com/,32.808265,-96.841975,87
226019,Kilgore College,kilgore-college,Kilgore,TX,75662-3299,TWO_YEAR,https://www.kilgore.edu/,32.377821,-94.871468,3133
226091,Lamar University,lamar-university,Beaumont,TX,77705,FOUR_YEAR,https://www.lamar.edu/,30.042738,-94.072244,7945
226116,Lamar State College-Port Arthur,lamar-state-college-port-arthur,Port Arthur,TX,77640,TWO_YEAR,https://www.lamarpa.edu/,29.880385,-93.925886,1455
226134,Laredo College,laredo-college,Laredo,TX,78040-4395,TWO_YEAR,https://www.laredo.edu/index.html,27.506477,-99.520772,5086
226152,Texas A & M International University,texas-a-m-international-university,Laredo,TX,78041-1900,FOUR_YEAR,https://www.tamiu.edu/,27.571172,-99.436043,6502
226231,LeTourneau University,letourneau-university,Longview,TX,75602,FOUR_YEAR,https://www.letu.edu/,32.46632,-94.726394,1510
226383,Lubbock Christian University,lubbock-christian-university,Lubbock,TX,79407-2099,FOUR_YEAR,https://lcu.edu/,33.575973,-101.934426,1210
226408,College of the Mainland,college-of-the-mainland,Texas City,TX,77591-2499,TWO_YEAR,https://www.com.edu/,29.39581,-94.999602,3342
226471,University of Mary Hardin-Baylor,university-of-mary-hardin-baylor,Belton,TX,76513-2599,FOUR_YEAR,https://go.umhb.edu/,31.066793,-97.463471,2959
226578,McLennan Community College,mclennan-community-college,Waco,TX,76708,TWO_YEAR,https://www.mclennan.edu/,31.58947,-97.171228,4997
226587,McMurry University,mcmurry-university,Abilene,TX,79697,FOUR_YEAR,https://mcm.edu/,32.429776,-99.748682,1108
226833,Midwestern State University,midwestern-state-university,Wichita Falls,TX,76308-2099,FOUR_YEAR,https://www.msutexas.edu/,33.874809,-98.519386,4043
226879,Wade College,wade-college,Dallas,TX,75207,TWO_YEAR,https://www.wadecollege.edu/,32.800854,-96.819516,205
227146,Navarro College,navarro-college,Corsicana,TX,75110,TWO_YEAR,https://www.navarrocollege.edu/,32.076061,-96.498731,3959
227182,Lone Star College System,lone-star-college-system,The Woodlands,TX,77381-4399,TWO_YEAR,https://www.lonestar.edu/,30.18737,-95.488103,47486
227216,University of North Texas,university-of-north-texas,Denton,TX,76203-1277,FOUR_YEAR,https://www.unt.edu/,33.211178,-97.148422,33680
227225,Northeast Texas Community College,northeast-texas-community-college,Mount Pleasant,TX,75455,TWO_YEAR,https://www.ntcc.edu/,33.104931,-94.881855,1964
227304,Odessa College,odessa-college,Odessa,TX,79764,TWO_YEAR,https://www.odessa.edu/,31.866812,-102.383477,4176
227331,Our Lady of the Lake University,our-lady-of-the-lake-university,San Antonio,TX,78207-4689,FOUR_YEAR,https://www.ollusa.edu/,29.426194,-98.54365,1110
227368,The University of Texas Rio Grande Valley,the-university-of-texas-rio-grande-valley,Edinburg,TX,78539-2999,FOUR_YEAR,https://www.utrgv.edu/,26.306759,-98.173567,27026
227377,Texas Southmost College,texas-southmost-college,Brownsville,TX,78520,TWO_YEAR,https://www.tsc.edu/,25.899628,-97.492241,3453
227386,Panola College,panola-college,Carthage,TX,75633-2397,TWO_YEAR,https://www.panola.edu/,32.156214,-94.356355,1378
227429,Paul Quinn College,paul-quinn-college,Dallas,TX,75241,FOUR_YEAR,https://paulquinn.edu/,32.678837,-96.755778,600
227526,Prairie View A & M University,prairie-view-a-m-university,Prairie View,TX,77446,FOUR_YEAR,https://www.pvamu.edu/,30.092425,-95.989475,8527
227687,Ranger College,ranger-college,Ranger,TX,76470,TWO_YEAR,https://www.rangercollege.edu/#gsc.tab=0,32.456773,-98.685215,935
227757,Rice University,rice-university,Houston,TX,77005-1827,FOUR_YEAR,https://www.rice.edu/,29.717897,-95.402035,4562
227845,Saint Edward's University,saint-edward-s-university,Austin,TX,78704-6489,FOUR_YEAR,https://www.stedwards.edu/,30.229618,-97.754998,2729
227863,University of St Thomas,university-of-st-thomas-tx,Houston,TX,77006-4696,FOUR_YEAR,https://www.stthom.edu/,29.736438,-95.393102,2826
227881,Sam Houston State University,sam-houston-state-university,Huntsville,TX,77340,FOUR_YEAR,https://www.shsu.edu/,30.714738,-95.546205,18138
227924,San Antonio College,san-antonio-college,San Antonio,TX,78212-3941,TWO_YEAR,https://www.alamo.edu/sac,29.44634,-98.497647,16067
227979,San Jacinto Community College,san-jacinto-community-college,Pasadena,TX,77505,TWO_YEAR,https://www.sanjac.edu/,29.660032,-95.114677,23071
228042,Schreiner University,schreiner-university,Kerrville,TX,78028-5697,FOUR_YEAR,https://schreiner.edu/,30.031458,-99.130586,1028
228149,St. Mary's University,st-mary-s-university,San Antonio,TX,78228,FOUR_YEAR,https://www.stmarytx.edu/,29.453244,-98.562778,1911
228158,South Plains College,south-plains-college,Levelland,TX,79336,TWO_YEAR,https://www.southplainscollege.edu/,33.575904,-102.365075,6124
228246,Southern Methodist University,southern-methodist-university,Dallas,TX,75275-0221,FOUR_YEAR,https://www.smu.edu/,32.843612,-96.783365,7106
228316,Southwest Texas College,southwest-texas-college,Uvalde,TX,78801-6297,TWO_YEAR,https://www.swtjc.edu/,29.219671,-99.741237,3170
228325,Nelson University,nelson-university,Waxahachie,TX,75165,FOUR_YEAR,https://www.nelson.edu/,32.40443,-96.853492,1366
228343,Southwestern University,southwestern-university,Georgetown,TX,78626,FOUR_YEAR,https://www.southwestern.edu/,30.634341,-97.665738,1454
228431,Stephen F Austin State University,stephen-f-austin-state-university,Nacogdoches,TX,75961,FOUR_YEAR,https://www.sfasu.edu/,31.621056,-94.64908,8746
228459,Texas State University,texas-state-university,San Marcos,TX,78666,FOUR_YEAR,https://www.txst.edu/,29.888885,-97.943029,34547
228468,Southwestern Adventist University,southwestern-adventist-university,Keene,TX,76059,FOUR_YEAR,https://www.swau.edu/,32.397617,-97.32702,574
228486,Southwestern Christian College,southwestern-christian-college,Terrell,TX,75160-4812,TWO_YEAR,https://www.swcc.edu/,32.735508,-96.285649,128
228501,Sul Ross State University,sul-ross-state-university,Alpine,TX,79832,FOUR_YEAR,https://www.sulross.edu/,30.363139,-103.651469,1378
228529,Tarleton State University,tarleton-state-university,Stephenville,TX,76401-0000,FOUR_YEAR,https://www.tarleton.edu/,32.217805,-98.219039,12263
228547,Tarrant County College District,tarrant-county-college-district,Fort Worth,TX,76102,TWO_YEAR,https://www.tccd.edu/,32.757362,-97.337149,40214
228608,Temple College,temple-college,Temple,TX,76504-7435,TWO_YEAR,https://www.templejc.edu/,31.070715,-97.350471,3168
228644,The University of Texas Health Science Center at San Antonio,the-university-of-texas-health-science-center-at-san-antonio,San Antonio,TX,78229-3900,FOUR_YEAR,https://www.uthscsa.edu/,29.508107,-98.575655,864
228653,The University of Texas Medical Branch at Galveston,the-university-of-texas-medical-branch-at-galveston,Galveston,TX,77555-0129,FOUR_YEAR,https://www.utmb.edu/,29.310758,-94.775956,559
228699,Texarkana College,texarkana-college,Texarkana,TX,75599,TWO_YEAR,https://www.texarkanacollege.edu/,33.441868,-94.078,1609
228705,Texas A&M University-Kingsville,texas-a-m-university-kingsville,Kingsville,TX,78363,FOUR_YEAR,https://www.tamuk.edu/,27.525168,-97.882387,4622
228723,Texas A&M University-College Station,texas-a-m-university-college-station,College Station,TX,77843-1246,FOUR_YEAR,https://www.tamu.edu/,30.618726,-96.336475,59099
228769,The University of Texas at Arlington,the-university-of-texas-at-arlington,Arlington,TX,76013,FOUR_YEAR,https://www.uta.edu/,32.729718,-97.11296,30834
228778,The University of Texas at Austin,the-university-of-texas-at-austin,Austin,TX,78705,FOUR_YEAR,https://www.utexas.edu/,30.282825,-97.738273,42100
228787,The University of Texas at Dallas,the-university-of-texas-at-dallas,Richardson,TX,75080-3021,FOUR_YEAR,https://www.utdallas.edu/,32.984673,-96.749702,21317
228796,The University of Texas at El Paso,the-university-of-texas-at-el-paso,El Paso,TX,79968-0691,FOUR_YEAR,https://www.utep.edu/,31.77015,-106.504098,20547
228802,The University of Texas at Tyler,the-university-of-texas-at-tyler,Tyler,TX,75799-6699,FOUR_YEAR,https://www.uttyler.edu/,32.315772,-95.254337,7009
228875,Texas Christian University,texas-christian-university,Fort Worth,TX,76129,FOUR_YEAR,https://www.tcu.edu/,32.70961,-97.364758,10919
228884,Texas College,texas-college,Tyler,TX,75702,FOUR_YEAR,https://www.texascollege.edu/,32.37456,-95.312454,644
228981,Texas Lutheran University,texas-lutheran-university,Seguin,TX,78155-5999,FOUR_YEAR,https://www.tlu.edu/,29.573261,-97.982669,1260
229018,The University of Texas Permian Basin,the-university-of-texas-permian-basin,Odessa,TX,79762-0001,FOUR_YEAR,https://www.utpb.edu/,31.889509,-102.329634,4122
229027,The University of Texas at San Antonio,the-university-of-texas-at-san-antonio,San Antonio,TX,78249-1644,FOUR_YEAR,https://www.utsa.edu/,29.583709,-98.620657,29675
229063,Texas Southern University,texas-southern-university,Houston,TX,77004,FOUR_YEAR,https://www.tsu.edu/,29.721046,-95.361113,6619
229115,Texas Tech University,texas-tech-university,Lubbock,TX,79409-5005,FOUR_YEAR,https://www.ttu.edu/,33.583448,-101.874783,32446
229160,Texas Wesleyan University,texas-wesleyan-university,Fort Worth,TX,76105-1536,FOUR_YEAR,https://www.txwes.edu/,32.732962,-97.279613,1671
229179,Texas Woman's University,texas-woman-s-university,Denton,TX,76204,FOUR_YEAR,https://www.twu.edu/,33.226211,-97.127842,8804
229267,Trinity University,trinity-university,San Antonio,TX,78212-7200,FOUR_YEAR,https://new.trinity.edu/,29.462682,-98.48186,2518
229300,The University of Texas Health Science Center at Houston,the-university-of-texas-health-science-center-at-houston,Houston,TX,77030,FOUR_YEAR,https://www.uth.edu/,29.702873,-95.403183,460
229337,Texas Tech University Health Sciences Center,texas-tech-university-health-sciences-center,Lubbock,TX,79430,FOUR_YEAR,https://www.ttuhsc.edu/,33.589284,-101.891915,1374
229355,Tyler Junior College,tyler-junior-college,Tyler,TX,75701,TWO_YEAR,https://www.tjc.edu/,32.33601,-95.284122,9065
229416,Universal Technical Institute of Texas Inc.,universal-technical-institute-of-texas-inc,Houston,TX,77073,TWO_YEAR,https://www.uti.edu/,29.990487,-95.412113,1823
229540,Victoria College,victoria-college,Victoria,TX,77901,TWO_YEAR,https://www.victoriacollege.edu/,28.816446,-96.979226,2385
229780,Wayland Baptist University,wayland-baptist-university,Plainview,TX,79072,FOUR_YEAR,https://www.wbu.edu/,34.187677,-101.730042,2090
229799,Weatherford College,weatherford-college,Weatherford,TX,76086-5699,TWO_YEAR,https://www.wc.edu/,32.74133,-97.792629,3961
229814,West Texas A & M University,west-texas-a-m-university,Canyon,TX,79016-0001,FOUR_YEAR,https://www.wtamu.edu/,34.982789,-101.914736,6771
229832,Western Texas College,western-texas-college,Snyder,TX,79549,TWO_YEAR,https://www.wtc.edu/,32.678458,-100.914945,486
229841,Wharton County Junior College,wharton-county-junior-college,Wharton,TX,77488,TWO_YEAR,https://www.wcjc.edu/,29.3238,-96.085815,4832
229887,Wiley University,wiley-university,Marshall,TX,75670,FOUR_YEAR,https://wileyc.edu/,32.537641,-94.376814,636
230038,Brigham Young University,brigham-young-university,Provo,UT,84602,FOUR_YEAR,https://byu.edu/,40.250851,-111.649281,32221
230047,Brigham Young University-Hawaii,brigham-young-university-hawaii,Laie,HI,96762-1294,FOUR_YEAR,https://www.byuh.edu/,21.642074,-157.926586,2812
230366,Eagle Gate College-Murray,eagle-gate-college-murray,Murray,UT,84123-6965,FOUR_YEAR,https://eaglegatecollege.edu/,40.649984,-111.903609,252
230597,Snow College,snow-college,Ephraim,UT,84627,TWO_YEAR,https://www.snow.edu/,39.360177,-111.58296,3552
230603,Southern Utah University,southern-utah-university,Cedar City,UT,84720,TWO_YEAR,https://www.suu.edu/,37.674617,-113.070146,9533
230728,Utah State University,utah-state-university,Logan,UT,84322-1400,FOUR_YEAR,https://www.usu.edu/,41.740748,-111.81391,20342
230737,Utah Valley University,utah-valley-university,Orem,UT,84058-5999,FOUR_YEAR,https://www.uvu.edu/,40.281078,-111.716456,27481
230746,Salt Lake Community College,salt-lake-community-college,Salt Lake City,UT,84123,TWO_YEAR,https://www.slcc.edu/,40.671575,-111.942809,17247
230764,University of Utah,university-of-utah,Salt Lake City,UT,84112-9008,FOUR_YEAR,https://www.utah.edu/,40.762484,-111.846044,26041
230782,Weber State University,weber-state-university,Ogden,UT,84408-1001,TWO_YEAR,https://www.weber.edu/,41.192591,-111.944845,15619
230807,Westminster University,westminster-university,Salt Lake City,UT,84105,FOUR_YEAR,https://www.westminstercollege.edu/,40.730779,-111.855757,882
230816,Bennington College,bennington-college,Bennington,VT,05201-6003,FOUR_YEAR,https://www.bennington.edu/,42.919547,-73.237799,759
230852,Champlain College,champlain-college,Burlington,VT,05401,FOUR_YEAR,https://www.champlain.edu/,44.473287,-73.202746,2870
230861,Community College of Vermont,community-college-of-vermont,Montpelier,VT,05602,TWO_YEAR,https://www.ccv.edu/,44.280811,-72.573774,3093
230889,Goddard College,goddard-college,Plainfield,VT,05667-9432,FOUR_YEAR,https://www.goddard.edu/,44.279087,-72.438388,113
230959,Middlebury College,middlebury-college,Middlebury,VT,05753,FOUR_YEAR,https://www.middlebury.edu/college/,44.009117,-73.176068,2785
230995,Norwich University,norwich-university,Northfield,VT,05663-1035,FOUR_YEAR,https://www.norwich.edu/,44.140237,-72.659783,2490
231059,Saint Michael's College,saint-michael-s-college,Colchester,VT,05439,FOUR_YEAR,https://www.smcvt.edu/,44.494558,-73.167069,1157
231095,Sterling College,sterling-college-vt,Craftsbury Common,VT,05827-0072,FOUR_YEAR,https://www.sterlingcollege.edu/,44.65225,-72.382372,66
231165,Vermont State University,vermont-state-university,Randolph,VT,05061,FOUR_YEAR,https://vermontstate.edu/,43.939623,-72.604498,3567
231174,University of Vermont,university-of-vermont,Burlington,VT,05405-0160,FOUR_YEAR,https://www.uvm.edu/,44.477325,-73.196646,11614
231420,Averett University,averett-university,Danville,VA,24541,FOUR_YEAR,https://www.averett.edu/,36.577287,-79.413203,1162
231554,Bluefield University,bluefield-university,Bluefield,VA,24605,FOUR_YEAR,https://www.bluefield.edu/,37.244557,-81.246233,683
231581,Bridgewater College,bridgewater-college,Bridgewater,VA,22812-1599,FOUR_YEAR,https://www.bridgewater.edu/,38.378484,-78.969007,1388
231624,William & Mary,william-mary,Williamsburg,VA,23187-8795,FOUR_YEAR,https://www.wm.edu/,37.269489,-76.708214,6949
231651,Regent University,regent-university,Virginia Beach,VA,23464,FOUR_YEAR,https://www.regent.edu/,36.801173,-76.194627,4282
231712,Christopher Newport University,christopher-newport-university,Newport News,VA,23606-3072,FOUR_YEAR,https://cnu.edu/,37.062495,-76.494364,4402
231785,Bryant & Stratton College-Virginia Beach,bryant-stratton-college-virginia-beach,Virginia Beach,VA,23462,TWO_YEAR,https://www.bryantstratton.edu/,36.827826,-76.13819,1327
232025,Emory & Henry University,emory-henry-university,Emory,VA,24327-0947,FOUR_YEAR,https://www.emoryhenry.edu/,36.772857,-81.829142,1107
232043,Eastern Mennonite University,eastern-mennonite-university,Harrisonburg,VA,22802-2462,FOUR_YEAR,https://emu.edu/,38.471134,-78.880326,800
232089,Ferrum College,ferrum-college,Ferrum,VA,24088-9000,FOUR_YEAR,https://www.ferrum.edu/,36.926431,-80.020614,745
232186,George Mason University,george-mason-university,Fairfax,VA,22030-4444,FOUR_YEAR,https://www.gmu.edu/,38.83195,-77.307063,27083
232195,Germanna Community College,germanna-community-college,Locust Grove,VA,22508-2102,TWO_YEAR,https://www.germanna.edu/,38.375532,-77.78012,5469
232256,Hampden-Sydney College,hampden-sydney-college,Hampden-Sydney,VA,23943,FOUR_YEAR,https://www.hsc.edu/,37.240615,-78.464216,876
232265,Hampton University,hampton-university,Hampton,VA,23668-0099,FOUR_YEAR,https://www.hamptonu.edu/,37.019944,-76.339161,3254
232308,Hollins University,hollins-university,Roanoke,VA,24020,FOUR_YEAR,https://www.hollins.edu/,37.354201,-79.943277,673
232414,J Sargeant Reynolds Community College,j-sargeant-reynolds-community-college,Richmond,VA,23228-2327,TWO_YEAR,https://www.reynolds.edu/,37.636837,-77.473918,5284
232423,James Madison University,james-madison-university,Harrisonburg,VA,22807,FOUR_YEAR,https://www.jmu.edu/index.shtml,38.436311,-78.870484,20497
232450,Brightpoint Community College,brightpoint-community-college,Chester,VA,23831-5316,TWO_YEAR,https://www.brightpoint.edu/,37.346254,-77.407919,5548
232557,Liberty University,liberty-university,Lynchburg,VA,24515,FOUR_YEAR,https://www.liberty.edu/,37.350232,-79.18222,50059
232566,Longwood University,longwood-university,Farmville,VA,23909,FOUR_YEAR,https://www.longwood.edu/,37.297975,-78.396987,2957
232575,Laurel Ridge Community College,laurel-ridge-community-college,Middletown,VA,22645,TWO_YEAR,https://www.laurelridge.edu/,39.036001,-78.267336,3167
232609,University of Lynchburg,university-of-lynchburg,Lynchburg,VA,24501-3113,FOUR_YEAR,https://www.lynchburg.edu/,37.399774,-79.181653,1599
232618,Centra College,centra-college,Lynchburg,VA,24501,TWO_YEAR,https://www.centrahealth.com/college,37.4051,-79.174101,212
232672,Mary Baldwin University,mary-baldwin-university,Staunton,VA,24401,FOUR_YEAR,https://www.marybaldwin.edu/,38.153884,-79.069273,1188
232681,University of Mary Washington,university-of-mary-washington,Fredericksburg,VA,22401-5300,FOUR_YEAR,https://www.umw.edu/,38.302492,-77.476055,3504
232706,Marymount University,marymount-university,Arlington,VA,22207-4299,FOUR_YEAR,https://www.marymount.edu/,38.905562,-77.128785,1795
232724,Sovah School of Health Professions,sovah-school-of-health-professions,Danville,VA,24541,TWO_YEAR,https://www.sovahhealth.com/sohp,36.577965,-79.405312,20
232867,New River Community College,new-river-community-college,Dublin,VA,24084-3660,TWO_YEAR,https://www.nr.edu/,37.105239,-80.69605,1917
232885,Sentara College of Health Sciences,sentara-college-of-health-sciences,Chesapeake,VA,23320,FOUR_YEAR,https://www.sentara.edu/,36.777043,-76.243308,239
232937,Norfolk State University,norfolk-state-university,Norfolk,VA,23504-8000,FOUR_YEAR,https://www.nsu.edu/,36.848429,-76.261375,5495
232946,Northern Virginia Community College,northern-virginia-community-college,Annandale,VA,22003-3796,TWO_YEAR,https://www.nvcc.edu/,38.833361,-77.236718,31737
232982,Old Dominion University,old-dominion-university,Norfolk,VA,23529,FOUR_YEAR,https://www.odu.edu/,36.886418,-76.30666,17521
233019,Patrick & Henry Community College,patrick-henry-community-college,Martinsville,VA,24112,TWO_YEAR,https://www.patrickhenry.edu/,36.737893,-79.871133,1411
233082,Southside College of Health Sciences,southside-college-of-health-sciences,Colonial Heights,VA,23834,TWO_YEAR,https://www.schs.edu/,37.267704,-77.400278,91
233116,Piedmont Virginia Community College,piedmont-virginia-community-college,Charlottesville,VA,22902-7589,TWO_YEAR,https://www.pvcc.edu/,38.006895,-78.483707,3032
233277,Radford University,radford-university,Radford,VA,24142,FOUR_YEAR,https://www.radford.edu/,37.136907,-80.549728,5609
233295,Randolph-Macon College,randolph-macon-college,Ashland,VA,23005-5505,FOUR_YEAR,https://www.rmc.edu/,37.76043,-77.478416,1489
233301,Randolph College,randolph-college,Lynchburg,VA,24503-1555,FOUR_YEAR,https://www.randolphcollege.edu/,37.437315,-79.171887,520
233338,Richard Bland College,richard-bland-college,South Prince George,VA,23805-7100,TWO_YEAR,https://www.rbc.edu/,37.156972,-77.399932,799
233356,Bon Secours Memorial College of Nursing,bon-secours-memorial-college-of-nursing,Richmond,VA,23227-1149,FOUR_YEAR,https://www.bsmcon.edu/,37.646698,-77.433569,527
233374,University of Richmond,university-of-richmond,University of Richmond,VA,23173,FOUR_YEAR,https://www.richmond.edu/,37.577393,-77.538806,3002
233408,Riverside College of Health Careers,riverside-college-of-health-careers,Newport News,VA,23601,TWO_YEAR,https://www.riversideonline.com/careers/college-of-health-careers,37.034972,-76.456164,325
233426,Roanoke College,roanoke-college,Salem,VA,24153-3794,FOUR_YEAR,https://www.roanoke.edu/,37.294861,-80.055467,1801
233541,Shenandoah University,shenandoah-university,Winchester,VA,22601-5195,FOUR_YEAR,https://www.su.edu/,39.167355,-78.157433,2127
233602,Southeastern Free Will Baptist Bible College,southeastern-free-will-baptist-bible-college,Wendell,NC,27591-9072,FOUR_YEAR,https://www.sfwbc.edu/,35.80023,-78.4164,74
233611,Southern Virginia University,southern-virginia-university,Buena Vista,VA,24416,FOUR_YEAR,https://svu.edu/,37.740368,-79.35037,967
233684,Strayer University-Virginia,strayer-university-virginia,Arlington,VA,22201,FOUR_YEAR,https://www.strayer.edu/campus-locations/virginia/arlington,38.890995,-77.085294,2010
233718,Sweet Briar College,sweet-briar-college,Sweet Briar,VA,24595-9998,FOUR_YEAR,https://www.sbc.edu/,37.556725,-79.081014,463
233754,Virginia Peninsula Community College,virginia-peninsula-community-college,Hampton,VA,23666,TWO_YEAR,https://vpcc.edu/,37.063821,-76.420046,3901
233772,Tidewater Community College,tidewater-community-college,Norfolk,VA,23510,TWO_YEAR,https://www.tcc.edu/,36.85009,-76.291376,11797
233897,University of Virginia's College at Wise,university-of-virginia-s-college-at-wise,Wise,VA,24293-4400,FOUR_YEAR,https://www.uvawise.edu/,36.970602,-82.559656,1214
233921,Virginia Polytechnic Institute and State University,virginia-polytechnic-institute-and-state-university,Blacksburg,VA,24061-0131,FOUR_YEAR,https://www.vt.edu/,37.229012,-80.423675,30435
233949,Virginia Western Community College,virginia-western-community-college,Roanoke,VA,24015,TWO_YEAR,https://www.virginiawestern.edu/,37.245029,-79.973011,3777
234030,Virginia Commonwealth University,virginia-commonwealth-university,Richmond,VA,23284-2512,FOUR_YEAR,https://www.vcu.edu/,37.54962,-77.452697,20797
234076,University of Virginia-Main Campus,university-of-virginia-main-campus,Charlottesville,VA,22903-2628,FOUR_YEAR,https://www.virginia.edu/,38.035665,-78.503428,17315
234085,Virginia Military Institute,virginia-military-institute,Lexington,VA,24450-0304,FOUR_YEAR,https://www.vmi.edu/,37.7896,-79.437067,1560
234137,Virginia University of Lynchburg,virginia-university-of-lynchburg,Lynchburg,VA,24501,FOUR_YEAR,https://www.vul.edu/,37.395187,-79.151615,170
234155,Virginia State University,virginia-state-university,Petersburg,VA,23806,FOUR_YEAR,https://www.vsu.edu/,37.234692,-77.419026,4787
234164,Virginia Union University,virginia-union-university,Richmond,VA,23220,FOUR_YEAR,https://www.vuu.edu/,37.562405,-77.450903,1153
234173,Virginia Wesleyan University,virginia-wesleyan-university,Virginia Beach,VA,23455,FOUR_YEAR,https://www.vwu.edu/,36.868417,-76.18606,1243
234207,Washington and Lee University,washington-and-lee-university,Lexington,VA,24450-2116,FOUR_YEAR,https://www.wlu.edu/,37.788939,-79.443018,1884
234377,Wytheville Community College,wytheville-community-college,Wytheville,VA,24382-3308,TWO_YEAR,https://www.wcc.vccs.edu/,36.95731,-81.071181,1229
234669,Bellevue College,bellevue-college,Bellevue,WA,98007-6484,TWO_YEAR,https://bellevuecollege.edu/,47.584014,-122.150118,6901
234696,Bellingham Technical College,bellingham-technical-college,Bellingham,WA,98225-1599,TWO_YEAR,https://www.btc.edu/,48.766189,-122.51216,1523
234711,Big Bend Community College,big-bend-community-college,Moses Lake,WA,98837-3299,TWO_YEAR,https://www.bigbend.edu/,47.183651,-119.325678,1281
234827,Central Washington University,central-washington-university,Ellensburg,WA,98926,FOUR_YEAR,https://www.cwu.edu/,47.002687,-120.538368,8081
234845,Centralia College,centralia-college,Centralia,WA,98531-4099,TWO_YEAR,https://www.centralia.edu/,46.715017,-122.960591,1476
234915,City University of Seattle,city-university-of-seattle,Seattle,WA,98121,FOUR_YEAR,https://www.cityu.edu/,47.617381,-122.344594,1091
234933,Clark College,clark-college,Vancouver,WA,98663-3598,TWO_YEAR,https://www.clark.edu/,45.636133,-122.651257,4699
234951,Clover Park Technical College,clover-park-technical-college,Lakewood,WA,98499-4004,TWO_YEAR,https://www.cptc.edu/,47.176084,-122.497873,2417
234979,Columbia Basin College,columbia-basin-college,Pasco,WA,99301,TWO_YEAR,https://www.columbiabasin.edu/,46.25216,-119.12103,4226
235024,Cornish College of the Arts,cornish-college-of-the-arts,Seattle,WA,98121,FOUR_YEAR,https://www.cornish.edu/,47.618174,-122.336238,480
235097,Eastern Washington University,eastern-washington-university,Cheney,WA,99004-2496,FOUR_YEAR,https://www.ewu.edu/,47.490667,-117.583808,6517
235103,Edmonds College,edmonds-college,Lynnwood,WA,98036,TWO_YEAR,https://www.edmonds.edu/,47.816376,-122.327598,3354
235149,Everett Community College,everett-community-college,Everett,WA,98201,TWO_YEAR,https://www.everettcc.edu/,48.006626,-122.204736,4378
235167,The Evergreen State College,the-evergreen-state-college,Olympia,WA,98505-0001,FOUR_YEAR,https://www.evergreen.edu/,47.07382,-122.977492,2042
235237,Pierce College District,pierce-college-district,Lakewood,WA,98498-1999,TWO_YEAR,https://www.pierce.ctc.edu/,47.172082,-122.570935,4487
235316,Gonzaga University,gonzaga-university,Spokane,WA,99258-0001,FOUR_YEAR,https://www.gonzaga.edu/,47.666531,-117.400625,5098
235334,Grays Harbor College,grays-harbor-college,Aberdeen,WA,98520-7599,TWO_YEAR,https://www.ghc.edu/,46.953881,-123.803068,1058
235343,Green River College,green-river-college,Auburn,WA,98092-3622,TWO_YEAR,https://www.greenriver.edu/,47.313648,-122.175819,4573
235422,Heritage University,heritage-university,Toppenish,WA,98948,FOUR_YEAR,https://www.heritage.edu/,46.3748,-120.394972,782
235431,Highline College,highline-college,Des Moines,WA,98198-9800,TWO_YEAR,https://www.highline.edu/,47.388231,-122.303064,3487
235547,Bastyr University,bastyr-university,Kenmore,WA,98028-4966,FOUR_YEAR,https://www.bastyr.edu/,47.729935,-122.251708,58
235750,Lower Columbia College,lower-columbia-college,Longview,WA,98632,TWO_YEAR,https://lowercolumbia.edu/,46.14214,-122.935928,1743
236133,Northwest University,northwest-university,Kirkland,WA,98083-0579,FOUR_YEAR,https://www.northwestu.edu/,47.657945,-122.192763,642
236188,Olympic College,olympic-college,Bremerton,WA,98337-1699,TWO_YEAR,https://www.olympic.edu/,47.574769,-122.635113,3263
236230,Pacific Lutheran University,pacific-lutheran-university,Tacoma,WA,98447-0003,FOUR_YEAR,https://www.plu.edu/,47.14516,-122.440421,2350
236258,Peninsula College,peninsula-college,Port Angeles,WA,98362,TWO_YEAR,https://www.pencol.edu/,48.101295,-123.412865,1139
236328,University of Puget Sound,university-of-puget-sound,Tacoma,WA,98416,FOUR_YEAR,https://www.pugetsound.edu/,47.26308,-122.478982,1631
236452,Saint Martin's University,saint-martin-s-university,Lacey,WA,98503-7500,FOUR_YEAR,https://www.stmartin.edu/,47.041068,-122.816354,1254
236504,South Seattle College,south-seattle-college,Seattle,WA,98106-1499,TWO_YEAR,https://southseattle.edu/,47.5475,-122.352672,1495
236513,Seattle Central College,seattle-central-college,Seattle,WA,98122,TWO_YEAR,https://seattlecentral.edu/,47.616748,-122.321231,3879
236577,Seattle Pacific University,seattle-pacific-university,Seattle,WA,98119-1997,FOUR_YEAR,https://spu.edu/,47.650214,-122.361667,2073
236595,Seattle University,seattle-university,Seattle,WA,98122-4340,FOUR_YEAR,https://www.seattleu.edu/,47.608859,-122.318851,4117
236610,Shoreline Community College,shoreline-community-college,Shoreline,WA,98133-5696,TWO_YEAR,https://www.shoreline.edu/,47.747402,-122.358626,3109
236638,Skagit Valley College,skagit-valley-college,Mount Vernon,WA,98273,TWO_YEAR,https://www.skagit.edu/,48.437194,-122.30894,2581
236656,South Puget Sound Community College,south-puget-sound-community-college,Olympia,WA,98512-6292,TWO_YEAR,https://www.spscc.edu/,47.023698,-122.929578,2692
236692,Spokane Community College,spokane-community-college,Spokane,WA,99217-5399,TWO_YEAR,https://scc.spokane.edu/,47.674034,-117.360065,4114
236708,Spokane Falls Community College,spokane-falls-community-college,Spokane,WA,99224-5288,TWO_YEAR,https://sfcc.spokane.edu/,47.676741,-117.463538,2881
236753,Tacoma Community College,tacoma-community-college,Tacoma,WA,98466-6100,TWO_YEAR,https://www.tacomacc.edu/,47.244622,-122.524793,4248
236887,Walla Walla Community College,walla-walla-community-college,Walla Walla,WA,99362-9267,TWO_YEAR,https://www.wwcc.edu/,46.078557,-118.276505,2372
236896,Walla Walla University,walla-walla-university,College Place,WA,99324-1198,FOUR_YEAR,https://www.wallawalla.edu/,46.048088,-118.389555,1214
236939,Washington State University,washington-state-university,Pullman,WA,99164-5910,FOUR_YEAR,https://wsu.edu/,46.730448,-117.158168,21583
236948,University of Washington-Seattle Campus,university-of-washington-seattle-campus,Seattle,WA,98195-4550,FOUR_YEAR,https://www.washington.edu/,47.65538,-122.30514,31588
236975,Wenatchee Valley College,wenatchee-valley-college,Wenatchee,WA,98801-1799,TWO_YEAR,https://www.wvc.edu/,47.431234,-120.337198,1762
237011,Western Washington University,western-washington-university,Bellingham,WA,98225-9008,FOUR_YEAR,https://wwu.edu/,48.737812,-122.485734,13574
237039,Whatcom Community College,whatcom-community-college,Bellingham,WA,98226,TWO_YEAR,https://whatcom.edu/,48.7939,-122.493253,2280
237057,Whitman College,whitman-college,Walla Walla,WA,99362,FOUR_YEAR,https://www.whitman.edu/,46.069815,-118.331546,1523
237066,Whitworth University,whitworth-university,Spokane,WA,99251,FOUR_YEAR,https://www.whitworth.edu/,47.753358,-117.416714,1927
237109,Yakima Valley College,yakima-valley-college,Yakima,WA,98907-2520,TWO_YEAR,https://www.yvcc.edu/,46.586098,-120.528525,2539
237136,Appalachian Bible College,appalachian-bible-college,Mount Hope,WV,25880-9557,FOUR_YEAR,https://abc.edu/,37.853335,-81.198867,168
237181,Bethany College,bethany-college-wv,Bethany,WV,26032,FOUR_YEAR,https://www.bethanywv.edu/,40.205819,-80.560056,642
237215,Bluefield State University,bluefield-state-university,Bluefield,WV,24701-2198,FOUR_YEAR,https://bluefieldstate.edu/,37.265732,-81.239037,1231
237312,University of Charleston,university-of-charleston,Charleston,WV,25304,FOUR_YEAR,https://www.ucwv.edu/,38.333367,-81.616244,2083
237330,Concord University,concord-university,Athens,WV,24712,FOUR_YEAR,https://www.concord.edu/,37.423723,-81.006696,1394
237358,Davis & Elkins College,davis-elkins-college,Elkins,WV,26241-3996,FOUR_YEAR,https://www.dewv.edu/,38.931232,-79.846022,681
237367,Fairmont State University,fairmont-state-university,Fairmont,WV,26554-2470,FOUR_YEAR,https://www.fairmontstate.edu/,39.483079,-80.162433,2690
237385,Glenville State University,glenville-state-university,Glenville,WV,26351-1292,FOUR_YEAR,https://www.glenville.edu/,38.93547,-80.834295,1177
237437,Huntington Junior College,huntington-junior-college,Huntington,WV,25701,TWO_YEAR,https://www.hjc.edu/,38.419732,-82.443234,209
237525,Marshall University,marshall-university,Huntington,WV,25755,FOUR_YEAR,https://www.marshall.edu/,38.422482,-82.428964,7149
237686,West Virginia University at Parkersburg,west-virginia-university-at-parkersburg,Parkersburg,WV,26104,TWO_YEAR,https://www.wvup.edu/,39.216379,-81.506192,1692
237701,Potomac State College of West Virginia University,potomac-state-college-of-west-virginia-university,Keyser,WV,26726,TWO_YEAR,https://www.potomacstatecollege.edu/,39.438323,-78.981441,952
237783,Salem University,salem-university,Salem,WV,26426,FOUR_YEAR,https://www.salemu.edu/,39.288632,-80.571767,695
237792,Shepherd University,shepherd-university,Shepherdstown,WV,25443,FOUR_YEAR,https://www.shepherd.edu/,39.433071,-77.804101,2375
237817,Southern West Virginia Community and Technical College,southern-west-virginia-community-and-technical-college,Logan,WV,25601,TWO_YEAR,https://www.southernwv.edu/,37.851756,-82.023014,1146
237899,West Virginia State University,west-virginia-state-university,Institute,WV,25112-1000,FOUR_YEAR,https://www.wvstateu.edu/,38.380541,-81.765034,1328
237932,West Liberty University,west-liberty-university,West Liberty,WV,26074,FOUR_YEAR,https://www.westliberty.edu/,40.164417,-80.602256,1578
237950,West Virginia University Institute of Technology,west-virginia-university-institute-of-technology,Beckley,WV,25801,FOUR_YEAR,https://www.wvutech.edu/,37.775924,-81.184072,1009
237969,West Virginia Wesleyan College,west-virginia-wesleyan-college,Buckhannon,WV,26201-2994,FOUR_YEAR,https://www.wvwc.edu/,38.990661,-80.218969,909
237987,West Virginia Junior College-Charleston,west-virginia-junior-college-charleston,Cross Lanes,WV,25313-1304,TWO_YEAR,https://www.wvjc.edu/,38.422967,-81.789743,317
237996,West Virginia Junior College-Morgantown,west-virginia-junior-college-morgantown,Morgantown,WV,26505,TWO_YEAR,https://www.wvjc.edu/,39.63248,-79.955006,584
238014,West Virginia Northern Community College,west-virginia-northern-community-college,Wheeling,WV,26003-3699,TWO_YEAR,https://www.wvncc.edu/,40.063318,-80.721263,785
238032,West Virginia University,west-virginia-university,Morgantown,WV,26506,FOUR_YEAR,https://www.wvu.edu/,39.634371,-79.954391,17705
238078,Wheeling University,wheeling-university,Wheeling,WV,26003,FOUR_YEAR,https://www.wheeling.edu/,40.070873,-80.690804,567
238193,Alverno College,alverno-college,Milwaukee,WI,53234-3922,FOUR_YEAR,https://www.alverno.edu/,42.982842,-87.965174,724
238324,Bellin College,bellin-college,Green Bay,WI,54311,FOUR_YEAR,https://www.bellincollege.edu/,44.468277,-87.921722,338
238333,Beloit College,beloit-college,Beloit,WI,53511-5595,FOUR_YEAR,https://www.beloit.edu/,42.504022,-89.029285,898
238458,Carroll University,carroll-university,Waukesha,WI,53186,FOUR_YEAR,https://www.carrollu.edu/,43.004527,-88.228114,2525
238476,Carthage College,carthage-college,Kenosha,WI,53140-1994,FOUR_YEAR,https://www.carthage.edu/,42.622969,-87.820924,2628
238616,Concordia University-Wisconsin,concordia-university-wisconsin,Mequon,WI,53097-2402,FOUR_YEAR,https://www.cuw.edu/,43.253387,-87.91552,2310
238661,Edgewood College,edgewood-college,Madison,WI,53711-1997,FOUR_YEAR,https://www.edgewood.edu/,43.057059,-89.422884,1104
238980,Lakeland University,lakeland-university,Plymouth,WI,53073,FOUR_YEAR,https://www.lakeland.edu/,43.841573,-87.883414,1230
239017,Lawrence University,lawrence-university,Appleton,WI,54911,FOUR_YEAR,https://www.lawrence.edu/,44.261323,-88.397822,1394
239071,Maranatha Baptist University,maranatha-baptist-university,Watertown,WI,53094,FOUR_YEAR,https://www.mbu.edu/,43.195013,-88.737016,566
239080,Marian University,marian-university-wi,Fond Du Lac,WI,54935-4699,FOUR_YEAR,https://www.marianuniversity.edu/,43.777411,-88.420638,1050
239105,Marquette University,marquette-university,Milwaukee,WI,53233,FOUR_YEAR,https://www.marquette.edu/,43.03903,-87.927961,7238
239309,Milwaukee Institute of Art & Design,milwaukee-institute-of-art-design,Milwaukee,WI,53202-6003,FOUR_YEAR,https://www.miad.edu/,43.030917,-87.907925,883
239318,Milwaukee School of Engineering,milwaukee-school-of-engineering,Milwaukee,WI,53202-3109,FOUR_YEAR,https://www.msoe.edu/,43.045364,-87.907691,2607
239390,Mount Mary University,mount-mary-university,Milwaukee,WI,53222-4597,FOUR_YEAR,https://www.mtmary.edu/,43.072507,-88.030732,703
239512,Northland College,northland-college,Ashland,WI,54806-3999,FOUR_YEAR,https://www.northland.edu/,46.579087,-90.87476,457
239628,Ripon College,ripon-college,Ripon,WI,54971-0248,FOUR_YEAR,https://www.ripon.edu/,43.844135,-88.842333,720
239716,Saint Norbert College,saint-norbert-college,De Pere,WI,54115-2099,FOUR_YEAR,https://www.snc.edu/,44.44483,-88.067812,1749
240107,Viterbo University,viterbo-university,La Crosse,WI,54601-8804,FOUR_YEAR,https://www.viterbo.edu/,43.803133,-91.244297,1392
240189,University of Wisconsin-Whitewater,university-of-wisconsin-whitewater,Whitewater,WI,53190-1790,FOUR_YEAR,https://www.uww.edu/,42.835563,-88.742368,9180
240268,University of Wisconsin-Eau Claire,university-of-wisconsin-eau-claire,Eau Claire,WI,54701,FOUR_YEAR,https://www.uwec.edu/,44.798284,-91.501906,8995
240277,University of Wisconsin-Green Bay,university-of-wisconsin-green-bay,Green Bay,WI,54311-7001,FOUR_YEAR,https://www.uwgb.edu/,44.532298,-87.919973,6230
240329,University of Wisconsin-La Crosse,university-of-wisconsin-la-crosse,La Crosse,WI,54601-9959,FOUR_YEAR,https://www.uwlax.edu/,43.81568,-91.23186,9194
240338,Wisconsin Lutheran College,wisconsin-lutheran-college,Milwaukee,WI,53226-4699,FOUR_YEAR,https://www.wlc.edu/,43.036943,-88.022718,1009
240365,University of Wisconsin-Oshkosh,university-of-wisconsin-oshkosh,Oshkosh,WI,54901,FOUR_YEAR,https://www.uwosh.edu/,44.026206,-88.549369,7613
240374,University of Wisconsin-Parkside,university-of-wisconsin-parkside,Kenosha,WI,53144,FOUR_YEAR,https://www.uwp.edu/,42.647718,-87.855231,2951
240417,University of Wisconsin-Stout,university-of-wisconsin-stout,Menomonie,WI,54751,FOUR_YEAR,https://www.uwstout.edu/,44.873187,-91.926653,5900
240426,University of Wisconsin-Superior,university-of-wisconsin-superior,Superior,WI,54880-4500,FOUR_YEAR,https://www.uwsuper.edu/,46.717629,-92.091007,1899
240444,University of Wisconsin-Madison,university-of-wisconsin-madison,Madison,WI,53706-1380,FOUR_YEAR,https://www.wisc.edu/,43.075409,-89.404098,35665
240453,University of Wisconsin-Milwaukee,university-of-wisconsin-milwaukee,Milwaukee,WI,53211,FOUR_YEAR,https://uwm.edu/,43.076848,-87.880488,16762
240462,University of Wisconsin-Platteville,university-of-wisconsin-platteville,Platteville,WI,53818-3099,FOUR_YEAR,https://www.uwplatt.edu/,42.733451,-90.48622,5928
240471,University of Wisconsin-River Falls,university-of-wisconsin-river-falls,River Falls,WI,54022-5001,FOUR_YEAR,https://www.uwrf.edu/,44.8534,-92.622641,4152
240480,University of Wisconsin-Stevens Point,university-of-wisconsin-stevens-point,Stevens Point,WI,54481-3897,FOUR_YEAR,https://www.uwsp.edu/,44.529582,-89.570934,7104
240505,Casper College,casper-college,Casper,WY,82601-4699,TWO_YEAR,https://www.caspercollege.edu/,42.832788,-106.326712,2239
240514,Central Wyoming College,central-wyoming-college,Riverton,WY,82501,TWO_YEAR,https://www.cwc.edu/,43.030556,-108.426738,981
240596,Eastern Wyoming College,eastern-wyoming-college,Torrington,WY,82240-1699,TWO_YEAR,https://ewc.wy.edu/,42.079354,-104.190823,489
240620,Laramie County Community College,laramie-county-community-college,Cheyenne,WY,82007-3299,TWO_YEAR,https://www.lccc.wy.edu/,41.104288,-104.778789,2563
240657,Northwest College,northwest-college,Powell,WY,82435-1898,TWO_YEAR,https://www.nwc.edu/,44.760656,-108.761853,826
240666,Northern Wyoming Community College District,northern-wyoming-community-college-district,Sheridan,WY,82801,TWO_YEAR,https://www.sheridan.edu/,44.763926,-106.941105,1607
240693,Western Wyoming Community College,western-wyoming-community-college,Rock Springs,WY,82901,TWO_YEAR,https://www.westernwyoming.edu/,41.590964,-109.237126,1289
240727,University of Wyoming,university-of-wyoming,Laramie,WY,82071,FOUR_YEAR,https://www.uwyo.edu/,41.311773,-105.57931,8047
240736,American Samoa Community College,american-samoa-community-college,Pago Pago,AS,96799-2609,TWO_YEAR,https://www.amsamoa.edu/,-14.322636,-170.742774,884
240745,Guam Community College,guam-community-college,Mangilao,GU,96913,TWO_YEAR,https://www.guamcc.edu/,13.440649,144.808944,1263
240754,University of Guam,university-of-guam,Mangilao,GU,96923,FOUR_YEAR,https://www.uog.edu/,13.433047,144.803978,2573
240790,Northern Marianas College,northern-marianas-college,Saipan,MP,96950-1250,TWO_YEAR,https://www.marianas.edu/,15.152247,145.721733,1236
241191,Universidad Adventista de las Antillas,universidad-adventista-de-las-antillas,Mayaguez,PR,00680-0000,FOUR_YEAR,https://www.uaa.edu/,18.205685,-67.111207,769
241216,Atlantic University,atlantic-university,Guaynabo,PR,00970,FOUR_YEAR,https://www.atlanticu.edu/,18.357395,-66.111714,1517
241225,Universidad Central de Bayamon,universidad-central-de-bayamon,Bayamón,PR,00960-1725,FOUR_YEAR,https://ucb.edu.pr/,18.398864,-66.180773,594
241331,Albizu University-San Juan,albizu-university-san-juan,San Juan,PR,00902-3711,FOUR_YEAR,https://www.albizu.edu/,18.466573,-66.113908,758
241386,Caribbean University-Carolina,caribbean-university-carolina,Carolina,PR,00985,FOUR_YEAR,https://www.caribbean.edu/,18.380193,-65.960036,113
241395,Pontifical Catholic University of Puerto Rico-Arecibo,pontifical-catholic-university-of-puerto-rico-arecibo,Arecibo,PR,00614-4045,FOUR_YEAR,https://www.pucpr.edu/arecibo,18.446006,-66.679114,273
241410,Pontifical Catholic University of Puerto Rico-Ponce,pontifical-catholic-university-of-puerto-rico-ponce,Ponce,PR,00717-9997,FOUR_YEAR,https://www.pucpr.edu/,18.00165,-66.617138,3827
241517,CEM College-San Juan,cem-college-san-juan,San Juan,PR,00926-1931,TWO_YEAR,https://www.cemcollege.edu/cem/,18.393955,-66.035797,178
241614,Universidad Teologica del Caribe,universidad-teologica-del-caribe,Trujillo Alto,PR,00978-0901,FOUR_YEAR,https://utcpr.edu/,18.373928,-66.010617,192
241720,Colegio Universitario de San Juan,colegio-universitario-de-san-juan,San Juan,PR,00918,FOUR_YEAR,https://www.cunisanjuan.edu/,18.428528,-66.066529,542
241739,Universidad Ana G. Mendez-Cupey Campus,universidad-ana-g-mendez-cupey-campus,San Juan,PR,00928,FOUR_YEAR,https://uagm.edu/,18.387183,-66.061647,4579
241766,Puerto Rico Conservatory of Music,puerto-rico-conservatory-of-music,San Juan,PR,00907-3373,FOUR_YEAR,https://cmpr.edu/,18.454016,-66.078811,295
241836,EDP University of Puerto Rico Inc-San Sebastian,edp-university-of-puerto-rico-inc-san-sebastian,San Sebastian,PR,00685,TWO_YEAR,https://www.edpuniversity.edu/,18.338036,-66.992287,968
241951,Escuela de Artes Plasticas y Diseno de Puerto Rico,escuela-de-artes-plasticas-y-diseno-de-puerto-rico,San Juan,PR,00902-1112,FOUR_YEAR,https://www.eap.edu/,18.46778,-66.121348,497
242042,Instituto Tecnologico de Puerto Rico-Recinto de Manati,instituto-tecnologico-de-puerto-rico-recinto-de-manati,Manati,PR,00674-1091,TWO_YEAR,https://itec.pr/ITPR-Joomla/,18.432962,-66.472476,297
242121,Humacao Community College,humacao-community-college,Humacao,PR,00791,TWO_YEAR,https://www.hccpr.edu/,18.148274,-65.826857,207
242556,Instituto Tecnologico de Puerto Rico-Recinto de Guayama,instituto-tecnologico-de-puerto-rico-recinto-de-guayama,Guayama,PR,00784-0000,TWO_YEAR,https://www.de.gov/itec-2/,17.977897,-66.118728,262
242583,Instituto Tecnologico de Puerto Rico-Recinto de San Juan,instituto-tecnologico-de-puerto-rico-recinto-de-san-juan,San Juan,PR,00924,TWO_YEAR,https://instituto-tecnologico-de-puerto-rico-1.jimdosite.com/,18.411097,-66.016003,190
242617,Inter American University of Puerto Rico-San German,inter-american-university-of-puerto-rico-san-german,San German,PR,00683,FOUR_YEAR,https://www.sg.inter.edu/,18.08353,-67.05082,2641
242626,Inter American University of Puerto Rico-Aguadilla,inter-american-university-of-puerto-rico-aguadilla,Aguadilla,PR,00603,FOUR_YEAR,https://aguadilla.inter.edu/,18.467886,-67.121671,3002
242635,Inter American University of Puerto Rico-Arecibo,inter-american-university-of-puerto-rico-arecibo,Arecibo,PR,00614,FOUR_YEAR,https://www.arecibo.inter.edu/,18.47509,-66.75901,2275
242644,Inter American University of Puerto Rico-Barranquitas,inter-american-university-of-puerto-rico-barranquitas,Barranquitas,PR,00794,FOUR_YEAR,https://www.br.inter.edu/,18.182777,-66.303153,919
242653,Inter American University of Puerto Rico-Metro,inter-american-university-of-puerto-rico-metro,San Juan,PR,00919,FOUR_YEAR,https://metro.inter.edu/,18.368988,-66.077711,2692
242662,Inter American University of Puerto Rico-Ponce,inter-american-university-of-puerto-rico-ponce,Mercedita,PR,00715-1602,FOUR_YEAR,https://www.ponce.inter.edu/,18.007388,-66.578498,2602
242680,Inter American University of Puerto Rico-Fajardo,inter-american-university-of-puerto-rico-fajardo,Fajardo,PR,00738-7003,FOUR_YEAR,https://www.fajardo.inter.edu/,18.329222,-65.648052,1149
242699,Inter American University of Puerto Rico-Guayama,inter-american-university-of-puerto-rico-guayama,Guayama,PR,00784,FOUR_YEAR,https://www.guayama.inter.edu/,17.96635,-66.108164,1661
242705,Inter American University of Puerto Rico-Bayamon,inter-american-university-of-puerto-rico-bayamon,Bayamon,PR,00957-6257,FOUR_YEAR,https://bayamon.inter.edu/,18.351631,-66.182473,3453
243106,University of Puerto Rico-Aguadilla,university-of-puerto-rico-aguadilla,Aguadilla,PR,00604-1309,FOUR_YEAR,https://www.uprag.edu/,18.498652,-67.13793,1847
243115,University of Puerto Rico-Arecibo,university-of-puerto-rico-arecibo,Arecibo,PR,00614-4010,FOUR_YEAR,https://www.upra.edu/,18.469199,-66.74114,2788
243133,University of Puerto Rico-Bayamon,university-of-puerto-rico-bayamon,Bayamon,PR,00959,FOUR_YEAR,https://www.uprb.edu/,18.371398,-66.143541,2967
243142,University of Puerto Rico-Carolina,university-of-puerto-rico-carolina,Carolina,PR,00984-4800,FOUR_YEAR,https://www.uprc.edu/,18.392069,-65.990165,2367
243151,University of Puerto Rico at Cayey,university-of-puerto-rico-at-cayey,Cayey,PR,00737-2230,FOUR_YEAR,https://www.cayey.upr.edu/,18.11882,-66.162066,2201
243179,University of Puerto Rico-Humacao,university-of-puerto-rico-humacao,Humacao,PR,00792,FOUR_YEAR,https://www.upr.edu/humacao/,18.146589,-65.838602,2555
243188,University of Puerto Rico-Utuado,university-of-puerto-rico-utuado,Utuado,PR,00641,TWO_YEAR,https://www.uprutuado.edu/,18.254577,-66.721667,310
243197,University of Puerto Rico-Mayaguez,university-of-puerto-rico-mayaguez,Mayaguez,PR,00681,FOUR_YEAR,https://www.uprm.edu/,18.211142,-67.139172,9564
243203,University of Puerto Rico-Medical Sciences,university-of-puerto-rico-medical-sciences,San Juan,PR,00936-5067,FOUR_YEAR,https://www.rcm.upr.edu/,18.396548,-66.074894,224
243212,University of Puerto Rico at Ponce,university-of-puerto-rico-at-ponce,Ponce,PR,00716-9996,FOUR_YEAR,https://www.uprp.edu/,17.993314,-66.606215,2276
243221,University of Puerto Rico-Rio Piedras,university-of-puerto-rico-rio-piedras,San Juan,PR,00931-0000,FOUR_YEAR,https://www.uprrp.edu/,18.402826,-66.050009,8748
243346,Universidad Ana G. Mendez-Carolina Campus,universidad-ana-g-mendez-carolina-campus,Carolina,PR,00985-0985,FOUR_YEAR,https://uagm.edu/,18.414805,-65.983869,4383
243443,Universidad del Sagrado Corazon,universidad-del-sagrado-corazon,Santurce,PR,00907,FOUR_YEAR,https://www.sagrado.edu/,18.441166,-66.059617,4042
243577,Universidad Politecnica de Puerto Rico,universidad-politecnica-de-puerto-rico,Hato Rey,PR,00919,FOUR_YEAR,https://www.pupr.edu/,18.422195,-66.056084,3791
243586,Pontifical Catholic University of Puerto Rico-Mayaguez,pontifical-catholic-university-of-puerto-rico-mayaguez,Mayaguez,PR,00680-1713,FOUR_YEAR,https://mayaguez.pucpr.edu/,18.182375,-67.145695,597
243601,Universidad Ana G. Mendez-Gurabo Campus,universidad-ana-g-mendez-gurabo-campus,Gurabo,PR,00778-3030,FOUR_YEAR,https://uagm.edu/,18.239647,-66.006259,7666
243638,College of Micronesia-FSM,college-of-micronesia-fsm,Pohnpei,FM,96941,TWO_YEAR,https://www.comfsm.fm/,6.909759,158.158189,1740
243647,Palau Community College,palau-community-college,Koror,PW,96940,TWO_YEAR,https://palau.edu/,7.343177,134.473744,386
243665,University of the Virgin Islands,university-of-the-virgin-islands,Charlotte Amalie,VI,00802-9990,FOUR_YEAR,https://www.uvi.edu/,18.344193,-64.972866,1431
243744,Stanford University,stanford-university,Stanford,CA,94305,FOUR_YEAR,https://www.stanford.edu/,37.429434,-122.167359,7841
243780,Purdue University-Main Campus,purdue-university-main-campus,West Lafayette,IN,47907-2040,FOUR_YEAR,https://www.purdue.edu/,40.428206,-86.914435,39637
243823,Parker University,parker-university,Dallas,TX,75229-5668,TWO_YEAR,https://www.parker.edu/,32.880335,-96.893564,494
243832,EDP University of Puerto Rico Inc-San Juan,edp-university-of-puerto-rico-inc-san-juan,San Juan,PR,00918,TWO_YEAR,https://edpuniversity.edu/,18.415375,-66.055403,1258
244437,Georgia State University-Perimeter College,georgia-state-university-perimeter-college,Atlanta,GA,30303-3083,TWO_YEAR,https://perimeter.gsu.edu/,33.7527,-84.38667,12871
245625,Warren County Community College,warren-county-community-college,Washington,NJ,07882-4343,TWO_YEAR,https://www.warren.edu/,40.744812,-75.018309,867
245652,St. John's College,st-john-s-college-nm,Santa Fe,NM,87505-4599,FOUR_YEAR,https://www.sjc.edu/,35.666974,-105.912478,369
245777,Bais Medrash Elyon,bais-medrash-elyon,Monsey,NY,10952,FOUR_YEAR,https://baismedroshelyon.com/,41.114079,-74.069798,41
245838,Antioch University-Los Angeles,antioch-university-los-angeles,Culver City,CA,90230-7615,FOUR_YEAR,https://www.antiochla.edu/,33.988533,-118.384458,61
245847,Antioch University-Santa Barbara,antioch-university-santa-barbara,Santa Barbara,CA,93101,FOUR_YEAR,https://www.antiochsb.edu/,34.419203,-119.6958,52
245892,Antioch University,antioch-university,Yellow Springs,OH,45387,FOUR_YEAR,https://www.antioch.edu/,39.80321,-83.908684,107
245953,Mid-America Christian University,mid-america-christian-university,Oklahoma City,OK,73170-9797,FOUR_YEAR,https://www.macu.edu/,35.347785,-97.578297,1532
245962,Miller-Motte College-Tulsa,miller-motte-college-tulsa,Tulsa,OK,74145,TWO_YEAR,https://www.miller-motte.edu/,36.109468,-95.903824,283
246354,Palo Alto College,palo-alto-college,San Antonio,TX,78224-2499,TWO_YEAR,https://alamo.edu/pac/,29.322955,-98.543468,7723
247065,Beckfield College-Florence,beckfield-college-florence,Florence,KY,41042,TWO_YEAR,https://www.beckfield.edu/,39.017166,-84.641475,612
247603,Sussex County Community College,sussex-county-community-college,Newton,NJ,07860,TWO_YEAR,https://www.sussex.edu/,41.067633,-74.758079,2055
247649,Landmark College,landmark-college,Putney,VT,05346,TWO_YEAR,https://www.landmark.edu/,42.977172,-72.512549,480
247773,Yeshiva Gedolah of Greater Detroit,yeshiva-gedolah-of-greater-detroit,Oak Park,MI,48237,FOUR_YEAR,https://www.yeshivagedolahgreaterdetroit.com/,42.471924,-83.200754,71
247834,Collin County Community College District,collin-county-community-college-district,McKinney,TX,75069,TWO_YEAR,https://www.collin.edu/,33.16241,-96.63894,25857
248934,ECPI University,ecpi-university,Virginia Beach,VA,23462,TWO_YEAR,https://www.ecpi.edu/,36.842526,-76.178773,11270
251312,South University-Columbia,south-university-columbia,Columbia,SC,29203,FOUR_YEAR,"https://www.southuniversity.edu/columbia#location=Columbia, SC",34.098042,-80.961839,445
260372,Lac Courte Oreilles Ojibwe University,lac-courte-oreilles-ojibwe-university,Hayward,WI,54843,TWO_YEAR,https://www.lco.edu/,45.942252,-91.365002,205
260691,Pima Medical Institute-Mesa,pima-medical-institute-mesa,Mesa,AZ,85202,TWO_YEAR,https://pmi.edu/,33.396878,-111.87417,721
260789,Platt College-Los Angeles,platt-college-los-angeles,Alhambra,CA,91803,TWO_YEAR,https://www.plattcollege.edu/,34.081723,-118.150013,598
260813,Platt College-Aurora,platt-college-aurora,Greenwood Village,CO,80111,FOUR_YEAR,https://www.plattcolorado.edu/,39.613133,-104.899235,215
260992,Northwestern College,northwestern-college-il,Oak Lawn,IL,60453,TWO_YEAR,https://www.nc.edu/,41.721406,-87.742567,464
262031,St Charles Community College,st-charles-community-college,Cottleville,MO,63376-0975,TWO_YEAR,https://www.stchas.edu/,38.759703,-90.641105,5008
262086,University of Massachusetts Global,university-of-massachusetts-global,Aliso Viejo,CA,92656,FOUR_YEAR,https://www.umassglobal.edu/,33.582886,-117.727737,4902
262129,New College of Florida,new-college-of-florida,Sarasota,FL,34243-2109,FOUR_YEAR,https://www.ncf.edu/,27.384925,-82.55858,707
363633,Luna Community College,luna-community-college,Las Vegas,NM,87701,TWO_YEAR,https://www.luna.edu/,35.616303,-105.250865,459
363712,Yeshivah Gedolah Rabbinical College,yeshivah-gedolah-rabbinical-college,Miami Beach,FL,33139,FOUR_YEAR,https://www.lecfl.com/,25.782445,-80.141334,77
363907,Caribbean University-Ponce,caribbean-university-ponce,Ponce,PR,00716-7733,FOUR_YEAR,https://www.caribbean.edu/,18.006633,-66.59425,419
363916,Caribbean University-Vega Baja,caribbean-university-vega-baja,Vega Baja,PR,00964,FOUR_YEAR,https://www.caribbean.edu/,18.444882,-66.40315,176
363934,University of Advancing Technology,university-of-advancing-technology,Tempe,AZ,85283,FOUR_YEAR,https://www.uat.edu/,33.377712,-111.976087,892
364016,Paradise Valley Community College,paradise-valley-community-college,Phoenix,AZ,85032,TWO_YEAR,https://www.paradisevalley.edu/,33.652135,-112.009865,4076
366003,South Florida Bible College and Theological Seminary,south-florida-bible-college-and-theological-seminary,Deerfield Beach,FL,33442,TWO_YEAR,https://www.sfbc.edu/,26.30294,-80.134508,271
366252,Pennsylvania College of Technology,pennsylvania-college-of-technology,Williamsport,PA,17701-5799,TWO_YEAR,https://www.pct.edu/,41.234145,-77.023665,4254
366261,Commonwealth Institute of Funeral Service,commonwealth-institute-of-funeral-service,Houston,TX,77090-5918,TWO_YEAR,https://www.commonwealth.edu/,29.989545,-95.430153,382
366340,Stone Child College,stone-child-college,Box Elder,MT,59521-9796,TWO_YEAR,https://www.stonechild.edu/,48.289808,-109.870182,187
366395,Suffolk County Community College,suffolk-county-community-college,Selden,NY,11784-2899,TWO_YEAR,https://www.sunysuffolk.edu/,40.848963,-73.056165,14134
366401,Las Positas College,las-positas-college,Livermore,CA,94551-7650,TWO_YEAR,https://www.laspositascollege.edu/,37.710873,-121.80058,6766
366711,California State University-San Marcos,california-state-university-san-marcos,San Marcos,CA,92096-0001,FOUR_YEAR,https://www.csusm.edu/,33.130569,-117.159013,14174
367459,NorthWest Arkansas Community College,northwest-arkansas-community-college,Bentonville,AR,72712-5091,TWO_YEAR,https://www.nwacc.edu/,36.357704,-94.17289,4632
367884,Hodges University,hodges-university,Fort Myers,FL,33966,FOUR_YEAR,https://www.hodges.edu/,26.610865,-81.821419,171
368452,Nossi College of Art and Design,nossi-college-of-art-and-design,Nashville,TN,37115,FOUR_YEAR,https://www.nossi.edu/,36.24323,-86.738561,278
369400,Universal Technical Institute-Orlando,universal-technical-institute-orlando,Orlando,FL,32837,TWO_YEAR,https://www.uti.edu/,28.420257,-81.407041,866
369455,Worsham College of Mortuary Science,worsham-college-of-mortuary-science,Wheeling,IL,60090-2646,TWO_YEAR,https://www.worsham.edu/,42.147858,-87.927374,187
369516,Bryan University,bryan-university,Springfield,MO,65804,TWO_YEAR,https://www.bryanu.edu/,37.135397,-93.248107,150
372073,Fremont University,fremont-university,Cerritos,CA,90703,TWO_YEAR,https://www.fremont.edu/,33.868382,-118.097019,153
375230,Yeshiva Gedolah Imrei Yosef D'spinka,yeshiva-gedolah-imrei-yosef-d-spinka,Brooklyn,NY,11219,FOUR_YEAR,https://spinka58st.com/,40.628468,-73.992328,232
375939,YTI Career Institute-Altoona,yti-career-institute-altoona,Altoona,PA,16601,TWO_YEAR,https://www.yti.edu/,40.485879,-78.401194,112
376224,CEM College-Humacao,cem-college-humacao,Humacao,PR,00791-4210,TWO_YEAR,https://www.cemcollege.edu/cem/,18.148771,-65.821107,174
376695,College of the Marshall Islands,college-of-the-marshall-islands,Majuro,MH,96960,TWO_YEAR,https://www.cmi.edu/,7.102688,171.378129,1216
377546,Northwest College of Art & Design,northwest-college-of-art-design,Tacoma,WA,98402,FOUR_YEAR,https://ncad.edu/,47.25249,-122.43885,150
377555,University of Washington-Bothell Campus,university-of-washington-bothell-campus,Bothell,WA,98011-8246,FOUR_YEAR,https://www.uwb.edu/,47.759773,-122.191293,5228
377564,University of Washington-Tacoma Campus,university-of-washington-tacoma-campus,Tacoma,WA,98402-3100,FOUR_YEAR,https://www.tacoma.uw.edu/,47.244594,-122.438541,3989
380368,Fond du Lac Tribal and Community College,fond-du-lac-tribal-and-community-college,Cloquet,MN,55720-2342,TWO_YEAR,https://www.fdltcc.edu/,46.690069,-92.451326,457
380377,Northwest Indian College,northwest-indian-college,Bellingham,WA,98226-9217,TWO_YEAR,https://www.nwic.edu/,48.794131,-122.614656,677
380438,Provo College,provo-college,Provo,UT,84601,FOUR_YEAR,https://www.provocollege.edu/,40.245294,-111.68431,704
382911,Southwest College for the Deaf,southwest-college-for-the-deaf,Big Spring,TX,79720-7298,TWO_YEAR,https://howardcollege.edu/swcd/,32.226498,-101.50294,47
383190,Hawaii Community College,hawaii-community-college,Hilo,HI,96720-5096,TWO_YEAR,https://www.hawaii.hawaii.edu/,19.704756,-155.069653,1470
383996,Eastern New Mexico University Ruidoso Branch Community College,eastern-new-mexico-university-ruidoso-branch-community-college,Ruidoso,NM,88345,TWO_YEAR,https://www.ruidoso.enmu.edu/,33.346376,-105.677273,409
384254,Beacon College,beacon-college,Leesburg,FL,34748,FOUR_YEAR,https://www.beaconcollege.edu/,28.811281,-81.87415,497
384412,University of the Potomac-Washington DC Campus,university-of-the-potomac-washington-dc-campus,Washington,DC,20005,FOUR_YEAR,https://www.potomac.edu/,38.90054,-77.032531,266
384421,Rabbi Jacob Joseph School,rabbi-jacob-joseph-school,Edison,NJ,08817-4494,FOUR_YEAR,https://rabbijacobjoseph.com/,40.501001,-74.397954,96
385503,Fortis Institute-Scranton,fortis-institute-scranton,Scranton,PA,18509-2903,TWO_YEAR,https://www.fortis.edu/,41.417104,-75.651683,205
385619,Everglades University,everglades-university,Boca Raton,FL,33431,FOUR_YEAR,https://www.evergladesuniversity.edu/,26.391218,-80.108331,2369
386472,Herzing University-Orlando,herzing-university-orlando,Winter Park,FL,32792,TWO_YEAR,https://www.herzing.edu/,28.615784,-81.312669,700
388520,College of Biblical Studies-Houston,college-of-biblical-studies-houston,Houston,TX,77036-3211,FOUR_YEAR,https://cbshouston.edu/,29.716676,-95.506559,482
395362,Copper Mountain Community College,copper-mountain-community-college,Joshua Tree,CA,92252,TWO_YEAR,https://www.cmccd.edu/,34.140464,-116.213939,1090
399911,Soka University of America,soka-university-of-america,Aliso Viejo,CA,92656-8081,FOUR_YEAR,https://www.soka.edu/,33.554546,-117.735344,464
401223,World Mission University,world-mission-university,Los Angeles,CA,90020,FOUR_YEAR,https://www.wmu.edu/,34.064918,-118.289484,180
403487,Wabash Valley College,wabash-valley-college,Mount Carmel,IL,62863,TWO_YEAR,https://www.iecc.edu/wvc,38.42889,-87.778448,526
404055,Brookline College-Tempe,brookline-college-tempe,Tempe,AZ,85281,TWO_YEAR,https://www.brooklinecollege.edu/,33.4163,-111.961365,294
404338,Schiller International University,schiller-international-university,Tampa,FL,33602,FOUR_YEAR,https://www.schiller.edu/,27.947866,-82.459292,35
405058,Yeshivas Novominsk,yeshivas-novominsk,Brooklyn,NY,11204-2138,TWO_YEAR,https://yeshivasnovominsk.com/,40.623395,-73.989968,163
405854,Rabbinical College of Ohr Shimon Yisroel,rabbinical-college-of-ohr-shimon-yisroel,Brooklyn,NY,11211,FOUR_YEAR,https://ohr-sy.com/,40.704389,-73.956772,233
405872,Carroll Community College,carroll-community-college,Westminster,MD,21157,TWO_YEAR,https://www.carrollcc.edu/,39.531805,-76.991113,2006
406024,Galen College of Nursing-Tampa Bay,galen-college-of-nursing-tampa-bay,Saint Petersburg,FL,33716,TWO_YEAR,https://www.galencollege.edu/tampabay,27.865391,-82.648151,1601
406033,Galen College of Nursing-San Antonio,galen-college-of-nursing-san-antonio,San Antonio,TX,78229,TWO_YEAR,https://www.galencollege.edu/sanantonio/,29.507685,-98.585653,3206
407610,Pacific Bible College,pacific-bible-college,Medford,OR,97501,TWO_YEAR,https://pacificbible.edu/,42.326183,-122.880612,44
408844,Florida National University-Main Campus,florida-national-university-main-campus,Hialeah,FL,33012,FOUR_YEAR,https://www.fnu.edu/,25.86178,-80.321846,2354
409315,South Texas College,south-texas-college,McAllen,TX,78501,TWO_YEAR,https://www.southtexascollege.edu/,26.217591,-98.253634,16131
409698,California State University-Monterey Bay,california-state-university-monterey-bay,Seaside,CA,93955-8001,FOUR_YEAR,https://csumb.edu/,36.652397,-121.796178,5811
412173,Academy for Nursing and Health Occupations,academy-for-nursing-and-health-occupations,West Palm Beach,FL,33417,TWO_YEAR,https://www.anho.edu/,26.70653,-80.121497,559
413413,Capella University,capella-university,Minneapolis,MN,55402-3389,FOUR_YEAR,https://www.capella.edu/,44.976286,-93.268796,16173
413617,College of Menominee Nation,college-of-menominee-nation,Keshena,WI,54135-1179,TWO_YEAR,https://www.menominee.edu/,44.859044,-88.625628,199
413626,Leech Lake Tribal College,leech-lake-tribal-college,Cass Lake,MN,56633,TWO_YEAR,https://www.lltc.edu/,47.395686,-94.651563,243
414595,Pacific College of Health and Science,pacific-college-of-health-and-science,New York,NY,10038,TWO_YEAR,https://www.pacificcollege.edu/,40.7088,-74.006721,264
414878,Trine University-Regional/Non-Traditional Campuses,trine-university-regional-non-traditional-campuses,Angola,IN,46703,FOUR_YEAR,https://trine.edu/online/index.aspx,41.632502,-85.008009,273
414911,Pennsylvania Highlands Community College,pennsylvania-highlands-community-college,Johnstown,PA,15904-2949,TWO_YEAR,https://www.pennhighlands.edu/,40.26408,-78.837175,719
416801,The University of Texas MD Anderson Cancer Center,the-university-of-texas-md-anderson-cancer-center,Houston,TX,77030-4009,FOUR_YEAR,https://www.mdanderson.org/,29.707016,-95.396804,322
417327,City College-Altamonte Springs,city-college-altamonte-springs,Altamonte Springs,FL,32714,TWO_YEAR,https://www.citycollege.edu/,28.663604,-81.402219,293
417734,Southeast Missouri Hospital College of Nursing and Health Sciences,southeast-missouri-hospital-college-of-nursing-and-health-sciences,Cape Girardeau,MO,63703-4507,TWO_YEAR,https://www.sehcollege.edu/,37.302453,-89.54587,146
417752,Messenger College,messenger-college,Bedford,TX,76021,FOUR_YEAR,https://www.messengercollege.edu/,32.85076,-97.161015,26
418126,New York College of Health Professions,new-york-college-of-health-professions,Syosset,NY,11791-4413,FOUR_YEAR,https://www.nycollege.edu/,40.811129,-73.51534,32
419244,Atlanta Institute of Music and Media,atlanta-institute-of-music-and-media,Duluth,GA,30096,TWO_YEAR,https://aimm.edu/,33.961164,-84.105311,264
420042,University of Phoenix-Hawaii,university-of-phoenix-hawaii,Kapolei,HI,96707-2082,FOUR_YEAR,https://www.phoenix.edu/,21.334103,-158.08161,10
420325,Yeshiva D'monsey Rabbinical College,yeshiva-d-monsey-rabbinical-college,Monsey,NY,10952,FOUR_YEAR,https://yeshivadmonsey.com/,41.114173,-74.064721,86
420398,Northwest Vista College,northwest-vista-college,San Antonio,TX,78251,TWO_YEAR,https://alamo.edu/nvc/,29.471308,-98.70513,13872
420440,York County Community College,york-county-community-college,Wells,ME,04090,TWO_YEAR,https://www.yccc.edu/,43.306797,-70.590783,1055
420556,Columbia Gorge Community College,columbia-gorge-community-college,The Dalles,OR,97058,TWO_YEAR,https://www.cgcc.edu/,45.590724,-121.190197,515
420723,Tillamook Bay Community College,tillamook-bay-community-college,Tillamook,OR,97141,TWO_YEAR,https://tillamookbaycc.edu/,45.456603,-123.813624,268
421708,Arizona College of Nursing-Tempe,arizona-college-of-nursing-tempe,Tempe,AZ,85282-1840,FOUR_YEAR,https://www.arizonacollege.edu/,33.403079,-111.965808,1246
421841,New York Conservatory for Dramatic Arts,new-york-conservatory-for-dramatic-arts,New York,NY,10011-4225,TWO_YEAR,https://www.nycda.edu/,40.740148,-73.993388,286
421878,Eastern International College-Jersey City,eastern-international-college-jersey-city,Jersey City,NJ,07306,TWO_YEAR,https://www.eicollege.edu/,40.735178,-74.060452,474
422695,Pacific College,pacific-college,Costa Mesa,CA,92626-3402,TWO_YEAR,https://www.pacific-college.edu/,33.680043,-117.873382,285
423652,Oregon Coast Community College,oregon-coast-community-college,Newport,OR,97366,TWO_YEAR,https://www.oregoncoastcc.org/,44.603136,-124.046973,321
426314,Embry-Riddle Aeronautical University-Worldwide,embry-riddle-aeronautical-university-worldwide,Daytona Beach,FL,32114-3900,FOUR_YEAR,https://worldwide.erau.edu/,29.189903,-81.048367,8786
428170,Southeastern College-West Palm Beach,southeastern-college-west-palm-beach,West Palm Beach,FL,33409,TWO_YEAR,https://www.sec.edu/,26.702216,-80.085966,644
428259,Ottawa University-Milwaukee,ottawa-university-milwaukee,Brookfield,WI,53005,FOUR_YEAR,https://www.ottawa.edu/,43.02963,-88.115185,57
430184,Strayer University-Maryland,strayer-university-maryland,Suitland,MD,20746,FOUR_YEAR,https://www.strayer.edu/campus-locations/maryland/prince-georges,38.827438,-76.918039,1177
430670,San Juan Bautista School of Medicine,san-juan-bautista-school-of-medicine,Caguas,PR,00725-4968,FOUR_YEAR,https://www.sanjuanbautista.edu/,18.220528,-66.050389,60
430704,Texas Health and Science University,texas-health-and-science-university,Austin,TX,78704,FOUR_YEAR,https://thsu.edu/,30.233143,-97.785289,
431983,Yeshiva of the Telshe Alumni,yeshiva-of-the-telshe-alumni,Riverdale,NY,10471-2897,FOUR_YEAR,https://yeshivatelshealumni.com/,40.896668,-73.911096,78
432384,Platt College-Ontario,platt-college-ontario,Ontario,CA,91764,TWO_YEAR,https://www.plattcollege.edu/,34.068595,-117.571744,467
432524,Delaware College of Art and Design,delaware-college-of-art-and-design,Wilmington,DE,19801-3007,TWO_YEAR,https://www.dcad.edu/,39.741947,-75.549882,104
433004,American University of Health Sciences,american-university-of-health-sciences,Signal Hill,CA,90755-3612,FOUR_YEAR,https://www.auhs.edu/,33.796849,-118.171366,364
433013,Career Networks Institute,career-networks-institute,Santa Ana,CA,92705,TWO_YEAR,https://www.cnicollege.edu/,33.721058,-117.8478,971
433174,Carolinas College of Health Sciences,carolinas-college-of-health-sciences,Charlotte,NC,28217,TWO_YEAR,https://www.carolinascollege.edu/,35.181863,-80.927508,409
433387,Western Governors University,western-governors-university,Salt Lake City,UT,84107,FOUR_YEAR,https://www.wgu.edu/,40.68481,-111.869752,135822
433420,California Aeronautical University,california-aeronautical-university,Bakersfield,CA,93308,FOUR_YEAR,https://www.calaero.edu/,35.434905,-119.049264,383
433536,Herzing University-New Orleans,herzing-university-new-orleans,Metairie,LA,70002,TWO_YEAR,https://www.herzing.edu/,30.019252,-90.155851,361
433660,Florida Gulf Coast University,florida-gulf-coast-university,Fort Myers,FL,33965-6565,FOUR_YEAR,https://www.fgcu.edu/,26.463638,-81.7726,13809
434432,Myotherapy Institute,myotherapy-institute,Lincoln,NE,68510,TWO_YEAR,https://www.myotherapy.edu/,40.811958,-96.607025,10
434469,New Professions Technical Institute,new-professions-technical-institute,Miami,FL,33134,TWO_YEAR,https://www.npti.edu/,25.771488,-80.261873,340
434672,Community College of Baltimore County,community-college-of-baltimore-county,Baltimore,MD,21237,TWO_YEAR,https://www.ccbcmd.edu/,39.352647,-76.48211,13195
434751,White Earth Tribal and Community College,white-earth-tribal-and-community-college,Mahnomen,MN,56557,TWO_YEAR,https://www.wetcc.edu/,47.3175,-95.953099,95
434900,Dewey University-Carolina,dewey-university-carolina,Carolina,PR,00986,TWO_YEAR,https://dewey.edu/,18.376596,-65.958397,356
434937,Yeshiva College of the Nations Capital,yeshiva-college-of-the-nations-capital,Silver  Spring,MD,20902,FOUR_YEAR,https://ycnc.org/,39.042404,-77.030566,57
435000,Louisiana State University Health Sciences Center-Shreveport,louisiana-state-university-health-sciences-center-shreveport,Shreveport,LA,71103,FOUR_YEAR,https://www.lsuhs.edu/,32.480683,-93.761018,20
436429,Los Angeles Film School,los-angeles-film-school,Hollywood,CA,90028,FOUR_YEAR,https://www.lafilm.edu/,34.098338,-118.3284,5833
436599,FINE Mortuary College,fine-mortuary-college,Norwood,MA,02062,TWO_YEAR,https://www.fmc.edu/,42.181479,-71.19293,176
436614,International Baptist College and Seminary,international-baptist-college-and-seminary,Chandler,AZ,85286,FOUR_YEAR,https://www.ibcs.edu/,33.273788,-111.879629,55
436818,University of Connecticut-Waterbury Campus,university-of-connecticut-waterbury-campus,Waterbury,CT,06702,FOUR_YEAR,https://waterbury.uconn.edu/,41.555617,-73.039242,746
436827,University of Connecticut-Avery Point,university-of-connecticut-avery-point,Groton,CT,06340-6097,FOUR_YEAR,https://averypoint.uconn.edu/,41.316419,-72.065336,464
436836,University of Connecticut-Stamford,university-of-connecticut-stamford,Stamford,CT,06901-2315,FOUR_YEAR,https://stamford.uconn.edu/,41.056081,-73.542206,2177
437097,University of Management and Technology,university-of-management-and-technology,Arlington,VA,22209-1609,FOUR_YEAR,https://www.umtweb.edu/,38.89743,-77.072001,322
437750,Professional Golfers Career College,professional-golfers-career-college,Temecula,CA,92591,TWO_YEAR,https://www.golfcollege.edu/,33.528952,-117.163739,110
438504,Universal Technical Institute of California Inc,universal-technical-institute-of-california-inc,Rancho Cucamonga,CA,91730-0000,TWO_YEAR,https://www.uti.edu/,34.082782,-117.576366,1484
438586,American InterContinental University-Atlanta,american-intercontinental-university-atlanta,Atlanta,GA,30328,TWO_YEAR,https://www.aiuniv.edu/online-campus/campus-locations/atlanta,33.938779,-84.354907,670
438708,Eastern West Virginia Community and Technical College,eastern-west-virginia-community-and-technical-college,Moorefield,WV,26836-0000,TWO_YEAR,https://www.easternwv.edu/,39.075562,-78.932546,196
439190,Cascadia College,cascadia-college,Bothell,WA,98011-8205,TWO_YEAR,https://www.cascadia.edu/,47.760915,-122.191572,970
439367,CBD College,cbd-college,Los Angeles,CA,90010,TWO_YEAR,https://www.cbd.edu/,34.06231,-118.306221,1408
439446,Atlantic Institute of Oriental Medicine,atlantic-institute-of-oriental-medicine,Fort Lauderdale,FL,33301-3510,FOUR_YEAR,https://www.atom.edu/,26.121964,-80.142235,74
439701,The King's University,the-king-s-university,Southlake,TX,76092,FOUR_YEAR,https://www.tku.edu/,32.93973,-97.121526,272
439862,Pacific Islands University,pacific-islands-university,Mangilao,GU,96913-5917,FOUR_YEAR,https://www.piu.edu/,13.465046,144.835821,55
439871,PCI College,pci-college,Cerritos,CA,90703,TWO_YEAR,https://www.pci-ed.com/,33.87475,-118.100169,168
439899,Rosedale Bible College,rosedale-bible-college,Irwin,OH,43029,TWO_YEAR,https://www.rosedale.edu/,40.077583,-83.456645,84
440396,New Saint Andrews College,new-saint-andrews-college,Moscow,ID,83843-1525,FOUR_YEAR,https://nsa.edu/,46.731422,-117.001804,273
440651,Atenas University,atenas-university,Manati,PR,00674-0000,TWO_YEAR,https://www.atenasuniversity.edu/,18.429776,-66.488422,545
440794,Pillar College,pillar-college,Newark,NJ,07102,TWO_YEAR,https://www.pillar.edu/,40.738539,-74.169153,469
440828,Oregon State University-Cascades Campus,oregon-state-university-cascades-campus,Bend,OR,97702,FOUR_YEAR,https://osucascades.edu/,44.042795,-121.333703,1054
440916,Southern University Law Center,southern-university-law-center,Baton Rouge,LA,70813,FOUR_YEAR,https://www.sulc.edu/,30.523898,-91.194417,648
441070,Saginaw Chippewa Tribal College,saginaw-chippewa-tribal-college,Mount Pleasant,MI,48858,TWO_YEAR,https://www.sagchip.edu/,43.612084,-84.731121,124
441229,Smith Chason College,smith-chason-college,Los Angeles,CA,90010,TWO_YEAR,https://smithchason.edu/,34.061409,-118.302836,2221
441371,Ultimate Medical Academy,ultimate-medical-academy,Clearwater,FL,33755-4933,TWO_YEAR,https://www.ultimatemedical.edu/,27.965294,-82.78558,7436
441487,Texas County Technical College,texas-county-technical-college,Houston,MO,65483,TWO_YEAR,https://www.texascountytech.edu/,37.300967,-91.964963,71
441609,Yeshiva Shaarei Torah of Rockland,yeshiva-shaarei-torah-of-rockland,Suffern,NY,10901-4003,FOUR_YEAR,https://www.yst.edu/,41.12362,-74.090159,141
441690,Universidad Pentecostal Mizpa,universidad-pentecostal-mizpa,Rio Piedras,PR,00928,FOUR_YEAR,https://mizpa.edu/,18.358258,-66.085117,138
441760,Lamar Institute of Technology,lamar-institute-of-technology,Beaumont,TX,77705,TWO_YEAR,https://www.lit.edu/,30.047885,-94.077126,2937
441900,Nevada State University,nevada-state-university,Henderson,NV,89002,FOUR_YEAR,https://nevadastate.edu/,35.982345,-114.938044,3791
441937,California State University-Channel Islands,california-state-university-channel-islands,Camarillo,CA,93012,FOUR_YEAR,https://www.csuci.edu/,34.162949,-119.04356,5230
441982,Franklin W Olin College of Engineering,franklin-w-olin-college-of-engineering,Needham,MA,02492-1200,FOUR_YEAR,https://www.olin.edu/,42.293527,-71.263378,373
442356,Saint Joseph's University - Lancaster,saint-joseph-s-university-lancaster,Lancaster,PA,17601,TWO_YEAR,https://www.sju.edu/lancaster,40.060419,-76.247035,1548
442383,West Virginia Junior College-Bridgeport,west-virginia-junior-college-bridgeport,Bridgeport,WV,26330,TWO_YEAR,https://www.wvjc.edu/,39.284512,-80.271826,175
442426,St Louis College of Health Careers-Fenton,st-louis-college-of-health-careers-fenton,Fenton,MO,63026,TWO_YEAR,https://www.slchc.edu/,38.544635,-90.470904,401
442523,Alaska Christian College,alaska-christian-college,Soldotna,AK,99669,TWO_YEAR,https://www.alaskacc.edu/,60.490459,-151.136005,60
442569,University of Arkansas Grantham,university-of-arkansas-grantham,LIttle Rock,AR,72207,FOUR_YEAR,https://www.uagrantham.edu/,34.775996,-92.343582,3202
442611,NASCAR Technical Institute,nascar-technical-institute,Mooresville,NC,28117,TWO_YEAR,https://www.uti.edu/,35.605305,-80.855128,1306
442639,University of the Potomac-VA Campus,university-of-the-potomac-va-campus,FALLS CHURCH,VA,22043-2536,FOUR_YEAR,https://www.potomac.edu/,38.906944,-77.216062,177
442781,Tohono O'odham Community College,tohono-o-odham-community-college,Sells,AZ,85634-3129,TWO_YEAR,https://www.tocc.edu/,31.989869,-111.715445,984
443049,Faith International University,faith-international-university,Tacoma,WA,98407-2607,FOUR_YEAR,https://www.faithiu.edu/,47.280168,-122.51687,196
443058,Family of Faith Christian University,family-of-faith-christian-university,Shawnee,OK,74804,FOUR_YEAR,https://www.familyoffaith.edu/,35.462234,-96.901413,41
443331,West Coast University-Los Angeles,west-coast-university-los-angeles,North Hollywood,CA,91606,FOUR_YEAR,https://westcoastuniversity.edu/,34.187134,-118.39941,2687
443340,Williamson Christian College,williamson-christian-college,Franklin,TN,37067,FOUR_YEAR,https://www.williamsoncc.edu/,35.95616,-86.828311,40
443377,Triangle Tech Inc-Sunbury,triangle-tech-inc-sunbury,Sunbury,PA,17801,TWO_YEAR,https://www.triangle-tech.edu/,40.855276,-76.765478,64
443410,DigiPen Institute of Technology,digipen-institute-of-technology,Redmond,WA,98052,FOUR_YEAR,https://www.digipen.edu/,47.68871,-122.150603,1032
443562,Dewey University-Hato Rey,dewey-university-hato-rey,Hato Rey,PR,00910,FOUR_YEAR,https://dewey.edu/,18.417614,-66.043033,270
443650,Miller-Motte College-Chattanooga,miller-motte-college-chattanooga,Chattanooga,TN,37421,TWO_YEAR,https://www.miller-motte.edu/,35.034287,-85.181925,3667
443766,Strayer University-Tennessee,strayer-university-tennessee,Memphis,TN,38118,FOUR_YEAR,https://www.strayer.edu/campus-locations/tennessee/thousand-oaks,35.076643,-89.901042,2670
443784,Strayer University-Pennsylvania,strayer-university-pennsylvania,Trevose,PA,19053,FOUR_YEAR,https://www.strayer.edu/campus-locations/pennsylvania/lower-bucks-county,40.13955,-74.962991,1334
444088,Brookline College-Albuquerque,brookline-college-albuquerque,Albuquerque,NM,87102,FOUR_YEAR,https://www.brooklinecollege.edu/,35.0894,-106.649835,492
444130,Northcentral University,northcentral-university,San Diego,CA,92123,FOUR_YEAR,https://www.nu.edu/,32.829299,-117.127296,98
444219,Folsom Lake College,folsom-lake-college,Folsom,CA,95630,TWO_YEAR,https://www.flc.losrios.edu/,38.661372,-121.127486,8937
444334,Advance Science International College,advance-science-international-college,Miami Lakes,FL,33014,TWO_YEAR,https://www.asicollege.edu/,25.924708,-80.284567,44
444398,Baptist University of the Americas,baptist-university-of-the-americas,San Antonio,TX,78224-1443,FOUR_YEAR,https://www.bua.edu/,29.342919,-98.541223,98
444413,Beis Medrash Heichal Dovid,beis-medrash-heichal-dovid,Far Rockaway,NY,11691-4433,FOUR_YEAR,https://www.heichaldovid.org/,40.596845,-73.751633,183
444556,Auguste Escoffier School of Culinary Arts-Austin,auguste-escoffier-school-of-culinary-arts-austin,Austin,TX,78752,TWO_YEAR,https://www.escoffier.edu/,30.326455,-97.717865,372
444565,Culinary Institute Inc,culinary-institute-inc,Houston,TX,77022-4322,TWO_YEAR,https://www.culinaryinstitute.edu/,29.823623,-95.378633,334
444778,Charlotte Christian College and Theological Seminary,charlotte-christian-college-and-theological-seminary,Charlotte,NC,28227-9446,FOUR_YEAR,https://www.charlottechristian.edu/,35.159664,-80.737194,36
444787,Nightingale College,nightingale-college,Salt Lake City,UT,84111,FOUR_YEAR,https://www.nightingale.edu/,40.767465,-111.887917,4244
444811,PITC Institute,pitc-institute,Wyncote,PA,19095,TWO_YEAR,https://pitc.edu/index.html,40.097592,-75.145122,113
444954,Mountwest Community and Technical College,mountwest-community-and-technical-college,Huntington,WV,25701,TWO_YEAR,https://www.mctc.edu/,38.392635,-82.458186,1098
445027,American InterContinental University System,american-intercontinental-university-system,Chandler,AZ,85286,FOUR_YEAR,https://www.aius.education/,33.278816,-111.804036,6734
445133,American InterContinental University-Houston,american-intercontinental-university-houston,Houston,TX,77042,FOUR_YEAR,https://www.aiuniv.edu/online-campus/campus-locations/houston,29.728216,-95.548302,124
445188,University of California-Merced,university-of-california-merced,Merced,CA,95343-5603,FOUR_YEAR,https://ucmerced.edu/,37.366237,-120.424944,8372
445267,Central Methodist University-College of Graduate and Extended Studies,central-methodist-university-college-of-graduate-and-extended-studies,Fayette,MO,65248-1198,FOUR_YEAR,https://www.centralmethodist.edu/,39.150497,-92.685253,1807
445692,Neumont College of Computer Science,neumont-college-of-computer-science,Salt Lake City,UT,84111-1917,FOUR_YEAR,https://www.neumont.edu/,40.766096,-111.890573,530
445708,Johnson & Wales University-Charlotte,johnson-wales-university-charlotte,Charlotte,NC,28202,TWO_YEAR,https://www.jwu.edu/campuses/charlotte/,35.233502,-80.851208,1126
445735,Roseman University of Health Sciences,roseman-university-of-health-sciences,Henderson,NV,89014,FOUR_YEAR,https://www.roseman.edu/,36.073182,-115.064633,554
446048,Ave Maria University,ave-maria-university,Ave Maria,FL,34142-9505,FOUR_YEAR,https://www.avemaria.edu/,26.335983,-81.438945,1229
446163,Community Christian College,community-christian-college,Quartzsite,AZ,85346,TWO_YEAR,https://www.cccollege.edu/,34.068664,-117.217101,428
446233,Ecclesia College,ecclesia-college,Springdale,AR,72762,FOUR_YEAR,https://ecollege.edu/,36.2141,-94.236643,132
446385,Los Angeles College of Music,los-angeles-college-of-music,Pasadena,CA,91105,FOUR_YEAR,https://www.lacm.edu/,34.139293,-118.150113,267
446561,Stanbridge University,stanbridge-university,Irvine,CA,92612,TWO_YEAR,https://www.stanbridge.edu/,33.678879,-117.857636,2373
446604,Uta Mesivta of Kiryas Joel,uta-mesivta-of-kiryas-joel,Monroe,NY,10950,FOUR_YEAR,https://utam.edu/,41.333864,-74.161179,2729
446640,Harrisburg University of Science and Technology,harrisburg-university-of-science-and-technology,Harrisburg,PA,17101-2208,FOUR_YEAR,https://www.harrisburgu.edu/,40.26193,-76.880261,650
446774,Blue Ridge Community and Technical College,blue-ridge-community-and-technical-college,Martinsburg,WV,25403,TWO_YEAR,https://www.blueridgectc.edu/,39.43529,-78.001918,1565
447050,United States University,united-states-university,San Diego,CA,92108,FOUR_YEAR,https://www.usuniversity.edu/,32.761148,-117.162166,167
447263,Joyce University of Nursing and Health Sciences,joyce-university-of-nursing-and-health-sciences,Draper,UT,84020-6545,TWO_YEAR,https://www.joyce.edu/,40.527932,-111.892792,1892
447421,Eagle Gate College-Layton,eagle-gate-college-layton,Layton,UT,84041,FOUR_YEAR,https://www.eaglegatecollege.edu/,41.073374,-111.973885,205
447689,Georgia Gwinnett College,georgia-gwinnett-college,Lawrenceville,GA,30043,FOUR_YEAR,https://www.ggc.edu/,33.979409,-84.00459,11156
447713,California Career College,california-career-college,Canoga Park,CA,91303-2006,TWO_YEAR,https://www.californiacareercollege.edu/,34.197566,-118.601794,195
447759,National Polytechnic College,national-polytechnic-college,Lakewood,CA,90712,TWO_YEAR,https://npcollege.edu/,33.860528,-118.143809,299
447777,Asher College,asher-college,Sacramento,CA,95825,TWO_YEAR,https://www.asher.edu/,38.587784,-121.415767,699
447935,ATA College,ata-college,Louisville,KY,40223,TWO_YEAR,https://www.ata.edu/,38.223667,-85.563365,337
447953,SUM Bible College and Theological Seminary,sum-bible-college-and-theological-seminary,El Dorado Hills,CA,95762,FOUR_YEAR,https://www.sum.edu/,38.620833,-121.054758,312
448239,Careers Unlimited,careers-unlimited,Orem,UT,84058,FOUR_YEAR,https://www.ucdh.edu/home,40.275775,-111.731006,118
448372,San Joaquin Valley College-Rancho Cordova,san-joaquin-valley-college-rancho-cordova,Rancho Cordova,CA,95670-5642,TWO_YEAR,https://www.sjvc.edu/,38.595187,-121.28191,226
448433,Universal Technical Institute of Northern California Inc,universal-technical-institute-of-northern-california-inc,Sacramento,CA,95834,TWO_YEAR,https://www.uti.edu/,38.64575,-121.529503,1107
448594,Lemoore College,lemoore-college,Lemoore,CA,93245,TWO_YEAR,https://www.westhillscollege.com/lemoore/,36.292431,-119.823866,3223
448673,Rasmussen University-Illinois,rasmussen-university-illinois,Rockford,IL,61108-2513,TWO_YEAR,https://rasmussen.edu/,42.267628,-88.998854,1330
448859,Triangle Tech Inc-Bethlehem,triangle-tech-inc-bethlehem,Bethlehem,PA,18017,TWO_YEAR,https://www.triangle-tech.edu/,40.65445,-75.428281,94
449038,Strayer University-Florida,strayer-university-florida,Tampa,FL,33610,FOUR_YEAR,https://www.strayer.edu/campus-locations/florida/tampa-east,27.997442,-82.35991,1314
449339,American Public University System,american-public-university-system,Charles Town,WV,25414,FOUR_YEAR,https://www.apus.edu/,39.287826,-77.860121,38976
449348,Huntsville Bible College,huntsville-bible-college,Huntsville,AL,35811,FOUR_YEAR,https://www.huntsvillebiblecollege.org/,34.750363,-86.594888,82
449384,Gnomon,gnomon,North Hollywood,CA,91606-3324,FOUR_YEAR,https://www.gnomon.edu/,34.181916,-118.394477,302
449506,SABER College,saber-college,Miami,FL,33134,TWO_YEAR,https://sabercollege.edu/,25.771518,-80.261299,202
449524,Taylor College,taylor-college,Ocala,FL,34470,TWO_YEAR,https://taylorcollege.edu/,29.189031,-82.102824,216
449612,Louisiana Culinary Institute,louisiana-culinary-institute,Baton Rouge,LA,70816,TWO_YEAR,https://www.lci.edu/,30.409979,-91.066085,90
449658,Bais Medrash Toras Chesed,bais-medrash-toras-chesed,Lakewood,NJ,08701,FOUR_YEAR,https://www.bmtc.edu/,40.099704,-74.21127,125
449728,ATA College,ata-college-ok,Tulsa,OK,74146,TWO_YEAR,https://www.ata.edu/campus/tulsa-ok/,36.097005,-95.853281,178
449870,University of the West,university-of-the-west,Rosemead,CA,91770,FOUR_YEAR,https://www.uwest.edu/,34.045985,-118.082964,41
449889,American College of Education,american-college-of-education,Indianapolis,IN,46204,FOUR_YEAR,https://www.ace.edu/,39.76975,-86.160161,277
449898,South University-Tampa,south-university-tampa,Tampa,FL,33614-7095,FOUR_YEAR,"https://www.southuniversity.edu/tampa#location=Tampa, FL",27.982269,-82.500357,390
450298,Strayer University-Delaware,strayer-university-delaware,Wilmington,DE,19801,FOUR_YEAR,https://www.strayer.edu/campus-locations/delaware/wilmington,39.743357,-75.547914,240
450377,Strayer University-Alabama,strayer-university-alabama,Birmingham,AL,35203,FOUR_YEAR,https://www.strayer.edu/campus-locations/alabama/birmingham,33.513375,-86.80574,1473
450571,Rasmussen University-Wisconsin,rasmussen-university-wisconsin,Green Bay,WI,54303-2349,TWO_YEAR,https://rasmussen.edu/,44.526244,-88.080783,154
450933,Columbia Southern University,columbia-southern-university,Orange Beach,AL,36561-9000,FOUR_YEAR,https://www.columbiasouthern.edu/,30.329288,-87.653162,13053
451103,Miami Regional University,miami-regional-university,Miami Springs,FL,33166,TWO_YEAR,https://www.mru.edu/,25.810667,-80.267007,310
451370,Yeshivas Be'er Yitzchok,yeshivas-be-er-yitzchok,Elizabeth,NJ,07208,FOUR_YEAR,https://yeshivasbeeryitzchok.org/,40.682465,-74.213255,52
451398,Yeshiva Toras Chaim,yeshiva-toras-chaim,Lakewood,NJ,08701,FOUR_YEAR,https://ytclakewood.com/,40.098692,-74.182143,225
451404,Talmudical Seminary of Bobov,talmudical-seminary-of-bobov,Brooklyn,NY,11219,FOUR_YEAR,https://www.independentrabbinicalcolleges.org/,40.634485,-73.995378,515
451556,Southwest University at El Paso,southwest-university-at-el-paso,El Paso,TX,79925,TWO_YEAR,https://southwestuniversity.edu/,31.786859,-106.411867,1817
451750,Bryant & Stratton College-Wauwatosa,bryant-stratton-college-wauwatosa,Wauwatosa,WI,53226,TWO_YEAR,https://www.bryantstratton.edu/,43.043215,-88.050983,952
451927,Patrick Henry College,patrick-henry-college,Purcellville,VA,20132,FOUR_YEAR,https://www.phc.edu/,39.138687,-77.690939,373
452948,Galen College of Nursing-Cincinnati,galen-college-of-nursing-cincinnati,Cincinnati,OH,45241,TWO_YEAR,https://www.galencollege.edu/cincinnati,39.283693,-84.365946,670
453163,Strayer University-North Carolina,strayer-university-north-carolina,Greensboro,NC,27407-2638,FOUR_YEAR,https://www.strayer.edu/campus-locations/north-carolina/greensboro,36.051694,-79.882713,2728
453215,Strayer University-New Jersey,strayer-university-new-jersey,Piscataway,NJ,08854,FOUR_YEAR,https://www.strayer.edu/campus-locations/new-jersey/piscataway,40.554506,-74.474974,536
454227,Chamberlain University-Illinois,chamberlain-university-illinois,Addison,IL,60101,FOUR_YEAR,https://www.chamberlain.edu/,41.949727,-88.038558,12188
454236,Chamberlain University-Ohio,chamberlain-university-ohio,Columbus,OH,43219,FOUR_YEAR,https://www.chamberlain.edu/,40.054055,-82.912163,336
454245,Chamberlain University-Arizona,chamberlain-university-arizona,Phoenix,AZ,85027,FOUR_YEAR,https://www.chamberlain.edu/,33.670583,-112.100547,745
454582,Ottawa University-Online,ottawa-university-online,Overland Park,KS,66211,FOUR_YEAR,https://www.ottawa.edu/,38.932055,-94.635461,328
454786,Laurus College,laurus-college,San Luis Obispo,CA,93401,TWO_YEAR,https://www.lauruscollege.edu/,35.2682,-120.669519,794
454829,Aspen University,aspen-university,Phoenix,AZ,85040,FOUR_YEAR,https://aspen.edu/,33.412164,-111.981317,2396
454856,Denver College of Nursing,denver-college-of-nursing,Denver,CO,80202,FOUR_YEAR,https://www.denvercollegeofnursing.edu/,39.75303,-104.994725,949
455114,College of Western Idaho,college-of-western-idaho,Nampa,ID,83687,TWO_YEAR,https://cwi.edu/,43.614106,-116.507314,5898
455196,Jersey College,jersey-college,Teterboro,NJ,07608,TWO_YEAR,https://www.jerseycollege.edu/,40.862137,-74.057936,4089
455257,Yeshiva of Machzikai Hadas,yeshiva-of-machzikai-hadas,Brooklyn,NY,11219-1408,FOUR_YEAR,https://yeshivaofmachzikaihadas.com/,40.636104,-73.990592,461
455336,MediaTech Institute-Dallas,mediatech-institute-dallas,Dallas,TX,75234,TWO_YEAR,https://www.mediatech.edu/,32.92427,-96.902721,200
455512,Woodland Community College,woodland-community-college,Woodland,CA,95776,TWO_YEAR,https://wcc.yccd.edu/,38.660392,-121.73533,2949
455664,The Chicago School at Los Angeles,the-chicago-school-at-los-angeles,Los Angeles,CA,90017,FOUR_YEAR,https://www.thechicagoschool.edu/in-the-community/locations/,34.049478,-118.257045,324
455770,Providence Christian College,providence-christian-college,Pasadena,CA,91101,FOUR_YEAR,https://www.providencecc.edu/,34.149327,-118.141062,144
456153,MediaTech Institute-Houston,mediatech-institute-houston,Houston,TX,77042,TWO_YEAR,https://www.mediatech.edu/,29.724809,-95.568341,96
456454,Fortis College-Salt Lake City,fortis-college-salt-lake-city,Salt Lake City,UT,84107,TWO_YEAR,https://www.fortis.edu/,40.685819,-111.870502,371
456481,Polytechnic University of Puerto Rico-Miami,polytechnic-university-of-puerto-rico-miami,Miami,FL,33166,FOUR_YEAR,https://www.pupr.edu/miami/,25.80915,-80.328482,29
456490,Polytechnic University of Puerto Rico-Orlando,polytechnic-university-of-puerto-rico-orlando,Orlando,FL,32825,FOUR_YEAR,https://www.pupr.edu/orlando,28.55158,-81.253943,102
456621,Strayer University-West Virginia,strayer-university-west-virginia,Scott Depot,WV,25560,FOUR_YEAR,https://www.strayer.edu/campus-locations/west-virginia/teays-valley,38.454588,-81.92619,377
456959,University of Minnesota-Rochester,university-of-minnesota-rochester,Rochester,MN,55904,FOUR_YEAR,https://r.umn.edu/,44.022339,-92.463471,568
457110,Carrington College-Reno,carrington-college-reno,Reno,NV,89511,TWO_YEAR,https://carrington.edu/,39.463165,-119.786947,500
457129,Chamberlain University-Florida,chamberlain-university-florida,Jacksonville,FL,32256,FOUR_YEAR,https://www.chamberlain.edu/,30.243517,-81.586421,839
457402,University of Fort Lauderdale,university-of-fort-lauderdale,Lauderhill,FL,33313,FOUR_YEAR,https://uftl.edu/,26.147098,-80.204938,259
457484,Pacific Rim Christian University,pacific-rim-christian-university,Honolulu,HI,96819-2228,FOUR_YEAR,https://www.pacrim.edu/#home,21.328198,-157.888379,113
457527,Ambria College of Nursing,ambria-college-of-nursing,Hoffman Estates,IL,60192,TWO_YEAR,https://ambria.edu/,42.075628,-88.2109,195
457536,Midwestern Career College,midwestern-career-college,Chicago,IL,60601,TWO_YEAR,https://www.mccollege.edu/,41.886233,-87.632009,824
457697,City Vision University,city-vision-university,Kansas City,MO,64106-3028,FOUR_YEAR,https://www.cityvision.edu/,39.101164,-94.569475,188
458034,Houston International College Cardiotech Ultrasound School,houston-international-college-cardiotech-ultrasound-school,Houston,TX,77099,TWO_YEAR,https://www.cardiotech.org/,29.675203,-95.592909,41
458113,Ascent College,ascent-college,Gainesville,VA,20155,FOUR_YEAR,https://ascent.edu/,38.805988,-77.624657,85
458140,Northwest School of Wooden Boat Building,northwest-school-of-wooden-boat-building,Port Hadlock,WA,98339,TWO_YEAR,https://www.nwswb.edu/,48.03413,-122.752588,43
458210,West Coast University-Orange County,west-coast-university-orange-county,Anaheim,CA,92802-2905,FOUR_YEAR,https://westcoastuniversity.edu/,33.81104,-117.911811,3168
458229,West Coast University-Ontario,west-coast-university-ontario,Ontario,CA,91761-7698,FOUR_YEAR,https://westcoastuniversity.edu/,34.066591,-117.590035,2647
458885,Strayer University-Arkansas,strayer-university-arkansas,Little Rock,AR,72201,FOUR_YEAR,https://www.strayer.edu/campus-locations/arkansas/little-rock,34.745489,-92.271192,456
458919,Strayer University-Georgia,strayer-university-georgia,Chamblee,GA,30341,FOUR_YEAR,https://www.strayer.edu/campus-locations/georgia/chamblee,33.870686,-84.267177,4878
458955,Strayer University-Mississippi,strayer-university-mississippi,Jackson,MS,39201,FOUR_YEAR,https://www.strayer.edu/campus-locations/mississippi/jackson,32.300562,-90.188097,400
458964,Strayer University-South Carolina,strayer-university-south-carolina,Greenville,SC,29601,FOUR_YEAR,https://www.strayer.edu/campus-locations/south-carolina/greenville,34.839766,-82.399535,1830
458973,Strayer University-Texas,strayer-university-texas,Farmers Branch,TX,75234,FOUR_YEAR,https://www.strayer.edu/campus-locations,32.910744,-96.887509,2397
459259,South University-Richmond,south-university-richmond,Glen Allen,VA,23060,FOUR_YEAR,"https://www.southuniversity.edu/richmond#location=Richmond, VA",37.64706,-77.599967,244
459268,South University-Virginia Beach,south-university-virginia-beach,Virginia Beach,VA,23452,FOUR_YEAR,"https://www.southuniversity.edu/virginia-beach#location=Virginia Beach, VA",36.8336,-76.124288,252
459727,Touro University Worldwide,touro-university-worldwide,Los Alamitos,CA,90720,FOUR_YEAR,https://www.tuw.edu/,33.808683,-118.057754,416
459824,Touro University Nevada,touro-university-nevada,Henderson,NV,89014,FOUR_YEAR,https://www.tun.touro.edu/,36.043189,-115.024012,19
459842,Herzing University-Kenosha,herzing-university-kenosha,Kenosha,WI,53140,FOUR_YEAR,https://www.herzing.edu/,42.582628,-87.820105,543
459949,Texas A&M University-San Antonio,texas-a-m-university-san-antonio,San Antonio,TX,78224,FOUR_YEAR,https://www.tamusa.edu/,29.304762,-98.52417,6224
459994,Strayer University-Global Region,strayer-university-global-region,Washington,DC,20005,FOUR_YEAR,https://www.strayer.edu/,38.904881,-77.034133,10087
460349,Johnson & Wales University-Online,johnson-wales-university-online,Providence,RI,02903,FOUR_YEAR,https://online.jwu.edu/?_ga=2.36357734.752362341.1629739669-391300583.1600981500,41.819956,-71.41277,1980
460376,Fairfax University of America,fairfax-university-of-america,Fairfax,VA,22030-0000,FOUR_YEAR,https://www.fxua.edu/,38.84905,-77.347751,5
460394,Moreno Valley College,moreno-valley-college,Moreno Valley,CA,92551,TWO_YEAR,https://www.mvc.edu/,33.88744,-117.20271,8292
460464,Norco College,norco-college,Norco,CA,92860,TWO_YEAR,https://www.norcocollege.edu/,33.917387,-117.570212,8359
460543,Universal Technical Institute-Dallas Fort Worth,universal-technical-institute-dallas-fort-worth,Irving,TX,75063,TWO_YEAR,https://www.uti.edu/,32.93806,-97.012741,1661
460871,Chamberlain University-Virginia,chamberlain-university-virginia,Vienna,VA,22182,FOUR_YEAR,https://www.chamberlain.edu/,38.910459,-77.220505,567
461023,Crestpoint University,crestpoint-university,Phoenix,AZ,85014-1561,TWO_YEAR,https://www.crestpoint.edu/,33.530663,-112.064275,388
461032,Carolina College of Biblical Studies,carolina-college-of-biblical-studies,Fayetteville,NC,28303-5157,FOUR_YEAR,https://ccbs.edu/,35.05141,-78.939514,122
461263,American Medical Sciences Center,american-medical-sciences-center,Glendale,CA,91204-5108,TWO_YEAR,https://www.amsc.edu/,34.147117,-118.256991,200
461528,Manna University,manna-university,Fayetteville,NC,28314-2343,FOUR_YEAR,https://www.manna.edu/,35.058616,-78.961305,169
461643,Bergin University of Canine Studies,bergin-university-of-canine-studies,Penngrove,CA,94951,TWO_YEAR,https://www.berginu.edu/,38.302849,-122.68099,18
461759,Simmons College of Kentucky,simmons-college-of-kentucky,Louisville,KY,40203-3322,FOUR_YEAR,https://simmonscollegeky.edu/,38.239519,-85.764811,381
461795,North American University,north-american-university,Stafford,TX,77477-0000,FOUR_YEAR,https://www.na.edu/,29.646303,-95.588338,573
461847,Keser Torah-Mayan Hatalmud,keser-torah-mayan-hatalmud,Lakewood,NJ,08701-2758,FOUR_YEAR,https://www.mayanhatalmud.org/,40.098369,-74.17029,59
461883,Millennia Atlantic University,millennia-atlantic-university,Doral,FL,33178,FOUR_YEAR,https://www.maufl.edu/en/home,25.808134,-80.352717,104
461953,Colorado Academy of Veterinary Technology,colorado-academy-of-veterinary-technology,Colorado Springs,CO,80906-4944,TWO_YEAR,https://www.cavt.edu/,38.794277,-104.790429,25
462354,John Paul the Great Catholic University,john-paul-the-great-catholic-university,Escondido,CA,92025,FOUR_YEAR,https://jpcatholic.edu/,33.12085,-117.082401,297
463056,University of Connecticut-Hartford Campus,university-of-connecticut-hartford-campus,Hartford,CT,06103,FOUR_YEAR,https://hartford.uconn.edu/,41.762673,-72.672175,1473
464226,Ottawa University-Surprise,ottawa-university-surprise,Surprise,AZ,85374,FOUR_YEAR,https://www.ottawa.edu/ouaz/home,33.628923,-112.368233,768
466921,Chamberlain University-Missouri,chamberlain-university-missouri,St. Louis,MO,63146,FOUR_YEAR,https://www.chamberlain.edu/,38.701907,-90.436283,328
466930,Chamberlain University-Texas,chamberlain-university-texas,Houston,TX,77041,FOUR_YEAR,https://www.chamberlain.edu/,29.838386,-95.560414,2416
469416,Dewey University-Manati,dewey-university-manati,Manati,PR,00674-0000,FOUR_YEAR,https://dewey.edu/,18.433307,-66.487333,255
474863,Los Angeles Pacific University,los-angeles-pacific-university,San Dimas,CA,91773-1741,FOUR_YEAR,https://www.lapu.edu/,34.110723,-117.827484,1453
475121,South University-Savannah Online,south-university-savannah-online,Savannah,GA,31406,FOUR_YEAR,https://www.southuniversity.edu/online#location=Online Programs,31.999481,-81.105531,6492
475200,Whitworth University-Adult Degree Programs,whitworth-university-adult-degree-programs,Spokane,WA,99251,FOUR_YEAR,https://www.whitworth.edu/cms/,47.751642,-117.411568,170
475273,Springfield College-Regional Online and Continuing Education,springfield-college-regional-online-and-continuing-education,Springfield,MA,01109-3739,FOUR_YEAR,https://springfield.edu/academics/online-programs,42.1022,-72.556647,254
475398,Catholic International University,catholic-international-university,Charles Town,WV,25414,FOUR_YEAR,https://catholiciu.edu/,39.287311,-77.859242,95
475422,Finger Lakes Health College of Nursing & Health Sciences,finger-lakes-health-college-of-nursing-health-sciences,Geneva,NY,14456-1651,TWO_YEAR,https://www.flhcon.edu/,42.876429,-76.987844,65
475565,CUNY Stella and Charles Guttman Community College,cuny-stella-and-charles-guttman-community-college,New York,NY,10018-2602,TWO_YEAR,https://guttman.cuny.edu/,40.75281,-73.984131,1054
475608,Criswell College,criswell-college,Dallas,TX,75246-1537,FOUR_YEAR,https://www.criswell.edu/,32.793513,-96.77669,118
475635,Beverly Hills Design Institute,beverly-hills-design-institute,Beverly Hills,CA,90211,FOUR_YEAR,https://www.bhdi.edu/,34.06463,-118.375621,14
475732,Chamberlain University-Georgia,chamberlain-university-georgia,Sandy Springs,GA,30342,FOUR_YEAR,https://www.chamberlain.edu/,33.911943,-84.351949,1588
475741,Chamberlain University-Indiana,chamberlain-university-indiana,Indianapolis,IN,46240,FOUR_YEAR,https://www.chamberlain.edu/,39.91916,-86.111061,177
476601,Bais HaMedrash and Mesivta of Baltimore,bais-hamedrash-and-mesivta-of-baltimore,Baltimore,MD,21209-1613,FOUR_YEAR,https://www.bhmb.edu/,39.379528,-76.674414,91
476692,Yeshiva Gedolah Zichron Leyma,yeshiva-gedolah-zichron-leyma,Union,NJ,07083-3618,FOUR_YEAR,https://www.yzl.edu/,40.6992,-74.268351,47
476717,Be'er Yaakov Talmudic Seminary,be-er-yaakov-talmudic-seminary,Spring Valley,NY,10977,FOUR_YEAR,https://www.byts.edu/,41.1382062,-74.029573,679
476975,Colorado State University Global,colorado-state-university-global,Denver,CO,80202-0000,FOUR_YEAR,https://csuglobal.edu/,39.745405,-104.989255,6202
477039,West Coast University-Texas,west-coast-university-texas,Richardson,TX,75080-2712,FOUR_YEAR,https://westcoastuniversity.edu/,32.98221,-96.716284,1014
477233,Evangel University-James River Assembly of God Church,evangel-university-james-river-assembly-of-god-church,Ozark,MO,65721-6694,TWO_YEAR,https://www.evangel.edu/,37.075963,-93.227055,98
479956,Pennsylvania State University-World Campus,pennsylvania-state-university-world-campus,University Park,PA,16802-1503,FOUR_YEAR,https://www.worldcampus.psu.edu/,40.7965,-77.862848,7554
480073,South University-Austin,south-university-austin,Round Rock,TX,78681-2300,FOUR_YEAR,"https://www.southuniversity.edu/austin#location=Austin, TX",30.479474,-97.689972,243
480091,Bryant & Stratton College-Online,bryant-stratton-college-online,Orchard Park,NY,14127,TWO_YEAR,https://www.bryantstratton.edu/,42.790174,-78.770363,7847
480198,Warner Pacific University Professional and Graduate Studies,warner-pacific-university-professional-and-graduate-studies,Portland,OR,97215,FOUR_YEAR,https://www.warnerpacific.edu/,45.506265,-122.592498,161
480204,Platt College-Riverside,platt-college-riverside,Riverside,CA,92507,TWO_YEAR,https://www.plattcollege.edu/,33.932923,-117.298365,416
480569,Florida Institute of Technology-Online,florida-institute-of-technology-online,Melbourne,FL,32901-6975,FOUR_YEAR,https://www.fit.edu/,28.065773,-80.623123,628
480657,Rasmussen University-Kansas,rasmussen-university-kansas,Topeka,KS,66609,TWO_YEAR,https://rasmussen.edu/,38.998726,-95.704151,333
480781,California Miramar University,california-miramar-university,San Diego,CA,92108-1739,FOUR_YEAR,https://www.calmu.edu/,32.77942,-117.11851,105
480967,College of the Muscogee Nation,college-of-the-muscogee-nation,Okmulgee,OK,74447-0917,TWO_YEAR,https://cmn.edu/,35.635288,-95.936439,230
480985,Midwives College of Utah,midwives-college-of-utah,Salt Lake City,UT,84106,FOUR_YEAR,https://www.midwifery.edu/,40.71089,-111.857036,253
481058,Grace Mission University,grace-mission-university,Fullerton,CA,92833-3860,FOUR_YEAR,https://www.gm.edu/,33.867663,-117.958208,72
481225,Mid-South Christian College,mid-south-christian-college,Memphis,TN,38118-3151,FOUR_YEAR,https://www.midsouthchristian.edu/,35.064172,-89.911799,23
481252,Ultrasound Medical Institute,ultrasound-medical-institute,Royal Palm Beach,FL,33411,TWO_YEAR,https://www.nriinstitute.edu/,26.68295,-80.22826,110
481401,Grace School of Theology,grace-school-of-theology,Conroe,TX,77384-4894,FOUR_YEAR,https://www.gsot.edu/,30.205731,-95.472493,215
481410,Yeshiva Gedolah Kesser Torah,yeshiva-gedolah-kesser-torah,Monsey,NY,10952-2127,FOUR_YEAR,https://yeshivagedolahkessertorah.com/,41.124819,-74.068553,82
481438,Yeshiva Yesodei Hatorah,yeshiva-yesodei-hatorah,Lakewood,NJ,08701-4946,FOUR_YEAR,https://yeshivayesodeihatorahlakewood.com/,40.065908,-74.202016,72
481720,South University-High Point,south-university-high-point,High Point,NC,27265-8320,FOUR_YEAR,"https://www.southuniversity.edu/high-point#location=High Point, NC",36.040441,-79.963547,70
482149,Augusta University,augusta-university,Augusta,GA,30912,FOUR_YEAR,https://www.augusta.edu/,33.47037,-81.989071,5282
482158,Middle Georgia State University,middle-georgia-state-university,Macon,GA,31206,FOUR_YEAR,https://www.mga.edu/,32.808092,-83.732058,6655
482228,Veritas Baptist College,veritas-baptist-college,Lawrenceburg,IN,47025,FOUR_YEAR,https://www.vbc.edu/,39.093747,-84.848698,114
482413,DeVry College of New York,devry-college-of-new-york,New York,NY,10016,FOUR_YEAR,https://www.devry.edu/,40.747747,-73.983492,175
482422,DeVry University-Arizona,devry-university-arizona,Phoenix,AZ,85021,FOUR_YEAR,https://www.devry.edu/,33.565758,-112.104601,22
482431,DeVry University-California,devry-university-california,Ontario,CA,91764,FOUR_YEAR,https://www.devry.edu/,34.068481,-117.5876,2081
482459,DeVry University-Florida,devry-university-florida,Orlando,FL,32801,FOUR_YEAR,https://www.devry.edu/,28.53732,-81.379188,188
482468,DeVry University-Georgia,devry-university-georgia,Decatur,GA,30030,FOUR_YEAR,https://www.devry.edu/,33.775112,-84.297316,472
482547,DeVry University-Nevada,devry-university-nevada,Henderson,NV,89074,FOUR_YEAR,https://www.devry.edu/,36.020266,-115.096601,4
482556,DeVry University-New Jersey,devry-university-new-jersey,Iselin,NJ,08830,FOUR_YEAR,https://www.devry.edu/,40.557503,-74.311372,68
482574,DeVry University-Ohio,devry-university-ohio,Columbus,OH,43219,FOUR_YEAR,https://www.devry.edu/,40.046679,-82.906219,218
482635,DeVry University-Texas,devry-university-texas,Irving,TX,75063,FOUR_YEAR,https://www.devry.edu/,32.934524,-97.012494,26
482653,DeVry University-Virginia,devry-university-virginia,Arlington,VA,22202,FOUR_YEAR,https://www.devry.edu/,38.861096,-77.049759,25
482680,University of North Georgia,university-of-north-georgia,Dahlonega,GA,30597,FOUR_YEAR,https://www.ung.edu/,34.530219,-83.985694,15542
482699,South Georgia State College,south-georgia-state-college,Douglas,GA,31533,TWO_YEAR,https://www.sgsc.edu/,31.495903,-82.855231,1553
482705,Northeastern University Professional Programs,northeastern-university-professional-programs,Boston,MA,02115,FOUR_YEAR,https://www.northeastern.edu/,42.339992,-71.088782,1674
482936,Florida Polytechnic University,florida-polytechnic-university,Lakeland,FL,33805-8531,FOUR_YEAR,https://floridapoly.edu/,28.150149,-81.845995,1556
483018,Antioch College,antioch-college,Yellow Springs,OH,45387,FOUR_YEAR,https://antiochcollege.edu/,39.799806,-83.888077,127
483036,Texas A&M University-Central Texas,texas-a-m-university-central-texas,Killeen,TX,76549,FOUR_YEAR,https://tamuct.edu/,31.053407,-97.775182,1698
483124,Arizona State University Digital Immersion,arizona-state-university-digital-immersion,Scottsdale,AZ,85257,FOUR_YEAR,https://www.asu.edu/,33.463517,-111.924487,49000
483595,Ana G. Mendez University,ana-g-mendez-university,Orlando,FL,32822,FOUR_YEAR,https://www.agmu.edu/,28.482195,-81.30843,4897
483780,Washington University of Science and Technology,washington-university-of-science-and-technology,Alexandria,VA,22314-5202,FOUR_YEAR,https://www.wust.edu/,38.801865,-77.082968,302
484473,University of Florida-Online,university-of-florida-online,Gainesville,FL,32611,FOUR_YEAR,https://www.ufonline.ufl.edu/,29.649413,-82.339848,4577
484613,University of Phoenix-Arizona,university-of-phoenix-arizona,Phoenix,AZ,85040,FOUR_YEAR,https://www.phoenix.edu/,33.41128,-112.012761,76996
484631,University of Phoenix-California,university-of-phoenix-california,Ontario,CA,91761,FOUR_YEAR,https://www.phoenix.edu/,34.065748,-117.58377,155
484710,University of Phoenix-Nevada,university-of-phoenix-nevada,Las Vegas,NV,89135,FOUR_YEAR,https://www.phoenix.edu/,36.12164,-115.322506,
484756,University of Phoenix-Texas,university-of-phoenix-texas,Dallas,TX,75251-2004,FOUR_YEAR,https://www.phoenix.edu/,32.917551,-96.768673,20
484844,Minerva University,minerva-university,San Francisco,CA,94103,FOUR_YEAR,https://minerva.edu/,37.782711,-122.408039,603
484862,University of West Los Angeles,university-of-west-los-angeles,Inglewood,CA,90301,FOUR_YEAR,https://www.uwla.edu/,33.947341,-118.36957,6
484871,Rabbinical College Ohr Yisroel,rabbinical-college-ohr-yisroel,Brooklyn,NY,11236,FOUR_YEAR,https://www.rabbinicalcollegeohryisroel.com/,40.629707,-73.896524,116
484905,University of North Texas at Dallas,university-of-north-texas-at-dallas,Dallas,TX,75241,FOUR_YEAR,https://untdallas.edu/,32.659588,-96.803446,2914
484932,BridgeValley Community & Technical College,bridgevalley-community-technical-college,South  Charleston,WV,25136,TWO_YEAR,https://www.bridgevalley.edu/,38.353846,-81.6983,1734
485111,Georgia Military College,georgia-military-college,Milledgeville,GA,31061,TWO_YEAR,https://www.gmc.edu/,33.07944,-83.224211,3936
485272,West Coast University-Miami,west-coast-university-miami,Doral,FL,33178-2775,FOUR_YEAR,https://westcoastuniversity.edu/,25.81071,-80.347651,900
485519,Lionel University,lionel-university,Carpinteria,CA,93013-2912,TWO_YEAR,https://lionel.edu/,34.38768,-119.486417,480
485546,California Intercontinental University,california-intercontinental-university,Sioux Falls,SD,57103,FOUR_YEAR,https://www.caluniversity.edu/,43.547576,-96.723619,141
485698,American College of the Building Arts,american-college-of-the-building-arts,Charleston,SC,29403-4223,FOUR_YEAR,https://acba.edu/,32.805094,-79.946888,140
485768,Atlantis University,atlantis-university,Miami,FL,33136,FOUR_YEAR,https://atlantisuniversity.edu/,25.786495,-80.211287,313
485999,Bet Medrash Gadol Ateret Torah,bet-medrash-gadol-ateret-torah,Brooklyn,NY,11223-1933,FOUR_YEAR,https://betmedrashgadolaterettorah.com/,40.607809,-73.969945,108
486017,Yeshiva Ohr Yisrael,yeshiva-ohr-yisrael,Brooklyn,NY,11229-1817,FOUR_YEAR,https://www.yoy.edu/,40.61359,-73.944041,17
486026,Yeshiva Sholom Shachna,yeshiva-sholom-shachna,Brooklyn,NY,11230,FOUR_YEAR,https://yeshivasholomshachna.com/,40.6275,-73.973431,118
486053,Bethlehem College & Seminary,bethlehem-college-seminary,Minneapolis,MN,55415-1793,FOUR_YEAR,https://bcsmn.edu/,44.968872,-93.255399,92
486123,Theatre of Arts,theatre-of-arts,Hollywood,CA,90028,TWO_YEAR,https://www.toa.edu/,34.101265,-118.337582,37
486196,Beth Medrash Meor Yitzchok,beth-medrash-meor-yitzchok,Monsey,NY,10952-4023,TWO_YEAR,https://bethmedrashmeoryitzchok.com/,41.100906,-74.060843,222
486239,San Ignacio University,san-ignacio-university,Doral,FL,33178-2350,FOUR_YEAR,https://www.sanignaciouniversity.edu/,25.81067,-80.367975,75
486257,Valor Christian College,valor-christian-college,Canal Winchester,OH,43110,TWO_YEAR,https://www.valorcollege.edu/,39.891571,-82.829696,352
486284,Bethany Global University,bethany-global-university,Bloomington,MN,55438-2849,FOUR_YEAR,https://bethanygu.edu/,44.795501,-93.371754,162
486354,United International College,united-international-college,Dania Beach,FL,33004,FOUR_YEAR,https://www.uinternational.edu/,26.047675,-80.143309,175
486488,California Jazz Conservatory,california-jazz-conservatory,Berkeley,CA,94704-1268,FOUR_YEAR,https://www.cjc.edu/,37.871235,-122.268878,20
486840,Kennesaw State University,kennesaw-state-university,Kennesaw,GA,30144,FOUR_YEAR,https://www.kennesaw.edu/,34.038807,-84.583052,39503
486901,Milligan University,milligan-university,Milligan,TN,37682,FOUR_YEAR,https://www.milligan.edu/,36.300147,-82.29407,783
486938,Chamberlain University-Nevada,chamberlain-university-nevada,Las Vegas,NV,89144,FOUR_YEAR,https://www.chamberlain.edu/,36.185176,-115.313525,573
486947,Chamberlain University-Michigan,chamberlain-university-michigan,Troy,MI,48084,FOUR_YEAR,https://www.chamberlain.edu/,42.557063,-83.150571,643
486956,Chamberlain University-New Jersey,chamberlain-university-new-jersey,North Brunswick,NJ,08902,FOUR_YEAR,https://www.chamberlain.edu/,40.465934,-74.438877,1316
487010,The University of Tennessee Health Science Center,the-university-of-tennessee-health-science-center,Memphis,TN,38163,FOUR_YEAR,https://www.uthsc.edu/,35.138847,-90.033196,376
487092,Emory University-Oxford College,emory-university-oxford-college,Oxford,GA,30054,TWO_YEAR,https://www.oxford.emory.edu/,33.6191,-83.871141,973
487311,Jones Technical Institute,jones-technical-institute,Jacksonville,FL,32256-0367,TWO_YEAR,https://www.jtech.org/,30.20813,-81.561491,522
487320,Texas State Technical College,texas-state-technical-college,Waco,TX,76705,TWO_YEAR,https://www.tstc.edu/,31.639295,-97.08471,9153
487375,Arizona College of Nursing-Las Vegas,arizona-college-of-nursing-las-vegas,Las Vegas,NV,89113,FOUR_YEAR,https://www.arizonacollege.edu/,36.067353,-115.274149,1185
487524,Husson University,husson-university,Bangor,ME,04401-2929,FOUR_YEAR,https://www.husson.edu/,44.829002,-68.791476,2395
487597,Universal Technical Institute-Southern California,universal-technical-institute-southern-california,Long Beach,CA,90808-1789,TWO_YEAR,https://www.uti.edu/,33.826017,-118.145393,1447
487603,Northwest University-Center for Online and Extended Education,northwest-university-center-for-online-and-extended-education,Kirkland,WA,98033,FOUR_YEAR,https://www.northwestu.edu/,47.657502,-122.195774,477
487658,Academy of Interactive Entertainment,academy-of-interactive-entertainment,Lafayette,LA,70506-4293,TWO_YEAR,https://lafayette.aie.edu/,30.220037,-92.043315,113
487746,Yeshiva Zichron Aryeh,yeshiva-zichron-aryeh,Far Rockaway,NY,11691-0000,FOUR_YEAR,https://yeshivazichronaryeh.com/,40.606105,-73.764423,36
487861,Felbry College,felbry-college,Columbus,OH,43231-2256,TWO_YEAR,https://felbrycollege.edu/,40.09578,-82.951066,214
488004,Central Yeshiva Beth Joseph,central-yeshiva-beth-joseph,Brooklyn,NY,11230-6043,FOUR_YEAR,https://centralyeshivabethjoseph.com/,40.615411,-73.959386,22
488031,Abraham Lincoln University,abraham-lincoln-university,Glendale,CA,91210,FOUR_YEAR,https://www.alu.edu/,34.146294,-118.256726,49
488059,Med College,med-college,Hialeah,FL,33018-4937,TWO_YEAR,https://www.medcollege.edu/,25.89821,-80.35256,297
488305,Elim Bible Institute and College,elim-bible-institute-and-college,Lima,NY,14485-9704,FOUR_YEAR,https://elim.edu/,42.909692,-77.615151,94
488314,Beth Medrash of Asbury Park,beth-medrash-of-asbury-park,Lakewood,NJ,08701-5842,FOUR_YEAR,https://baismedrashzichronmeir.com/,40.043705,-74.210816,109
488332,Hope College of Arts and Sciences,hope-college-of-arts-and-sciences,Pompano Beach,FL,33069-3240,TWO_YEAR,https://hcas.edu/,26.226156,-80.139671,71
488350,Yeshiva Gedolah Shaarei Shmuel,yeshiva-gedolah-shaarei-shmuel,Lakewood,NJ,08701-3623,TWO_YEAR,https://yeshivagedolahshaareishmuel.com/,40.091,-74.197596,132
488448,Seattle Film Institute,seattle-film-institute,Seattle,WA,98119-1707,FOUR_YEAR,https://www.sfi.edu/#fronttable,47.64894,-122.377121,60
488679,Indiana Wesleyan University-National & Global,indiana-wesleyan-university-national-global,Marion,IN,46953,FOUR_YEAR,https://www.indwes.edu/,40.510655,-85.677641,5808
488730,Northeast Lakeview College,northeast-lakeview-college,Universal City,TX,78145,TWO_YEAR,https://www.alamo.edu/nlc,29.545802,-98.323246,5689
488776,John Patrick University of Health and Applied Sciences,john-patrick-university-of-health-and-applied-sciences,South Bend,IN,46601-2352,FOUR_YEAR,https://jpu.edu/,41.67338,-86.24973,289
488785,University of Saint Katherine,university-of-saint-katherine,San Marcos,CA,92069,FOUR_YEAR,https://www.usk.edu/,33.138387,-117.160766,230
488846,University of the People,university-of-the-people,Pasadena,CA,91101,TWO_YEAR,https://www.uopeople.edu/,34.146167,-118.138047,19276
489201,Clovis Community College,clovis-community-college,Fresno,CA,93730,TWO_YEAR,https://www.cloviscollege.edu/,36.88686,-119.731261,6759
489344,Chamberlain University-North Carolina,chamberlain-university-north-carolina,Charlotte,NC,28273,FOUR_YEAR,https://www.chamberlain.edu/,35.13766,-80.931971,216
489353,Chamberlain University-California,chamberlain-university-california,Rancho Cordova,CA,95670,FOUR_YEAR,https://www.chamberlain.edu/,38.596193,-121.278258,676
489937,Carolina University,carolina-university,Winston-Salem,NC,27101,FOUR_YEAR,https://www.carolinau.edu/,36.087962,-80.250153,424
490045,Presbyterian Theological Seminary in America,presbyterian-theological-seminary-in-america,Santa Fe Springs,CA,90670-5611,FOUR_YEAR,https://ptsa.edu/,33.88856,-118.047065,38
490081,America Evangelical University,america-evangelical-university,Gardena,CA,90247-4432,FOUR_YEAR,https://www.aeu.edu/,33.883102,-118.295931,71
490133,Westcliff University,westcliff-university,Irvine,CA,92614,FOUR_YEAR,https://www.westcliff.edu/,33.685537,-117.847973,2037
490203,Bolivar Technical College,bolivar-technical-college,Bolivar,MO,65613-8095,TWO_YEAR,https://www.bolivarcollege.edu/,37.623766,-93.421572,144
490230,Reformed University,reformed-university,Lawrenceville,GA,30043-5604,FOUR_YEAR,https://runiv.edu/,33.971966,-84.07814,287
490276,Yeshiva Shaar Ephraim,yeshiva-shaar-ephraim,Monsey,NY,10952-2732,TWO_YEAR,https://shaarephraim.org/,41.116935,-74.060858,138
490319,Yeshiva Bais Aharon,yeshiva-bais-aharon,Lakewood,NJ,08701-2053,FOUR_YEAR,https://www.yeshivabaisaharon.com/,40.101002,-74.203094,13
490328,Mechon L'hoyroa,mechon-l-hoyroa,Monsey,NY,10952-2710,FOUR_YEAR,https://www.mechonlhoyroa.com/,41.117029,-74.058177,124
490346,Elyon College,elyon-college,Brooklyn,NY,11204-4801,TWO_YEAR,https://elyon.edu/,40.611081,-73.980593,25
490504,Yeshiva Ohr Naftoli,yeshiva-ohr-naftoli,New Windsor,NY,12553-8006,TWO_YEAR,https://www.yeshivaohrnaftoli.com/,41.456984,-74.046291,43
490513,Bais Medrash Mayan Hatorah,bais-medrash-mayan-hatorah,Lakewood,NJ,08701,TWO_YEAR,https://baismedrashmayanhatorah.com/,40.107414,-74.204332,25
490805,Purdue University Northwest,purdue-university-northwest,Hammond,IN,46323,FOUR_YEAR,https://www.pnw.edu/,41.584324,-87.474236,5786
490832,Ross College-Canton,ross-college-canton,Canton,OH,44718-3674,TWO_YEAR,https://rosseducation.edu/,40.844938,-81.429021,344
490878,Platt College-Anaheim,platt-college-anaheim,Anaheim,CA,92806-5949,TWO_YEAR,https://www.plattcollege.edu/,33.809417,-117.878211,405
490975,Fortis College-Cutler Bay,fortis-college-cutler-bay,Cutler Bay,FL,33157-7693,TWO_YEAR,https://www.fortis.edu/,25.585653,-80.363995,358
491057,Yeshiva Kollel Tifereth Elizer,yeshiva-kollel-tifereth-elizer,Brooklyn,NY,11219,FOUR_YEAR,https://www.yeshivakolleltiferethelizer.com/,40.637096,-73.992171,373
491181,Galen College of Nursing-ARH,galen-college-of-nursing-arh,Hazard,KY,41701-9519,TWO_YEAR,https://www.galencollege.edu/nursing-programs/hazard/,37.285896,-83.205298,424
491190,The Chicago School at San Diego,the-chicago-school-at-san-diego,San Diego,CA,92101-7903,FOUR_YEAR,https://www.thechicagoschool.edu/in-the-community/locations/,32.718575,-117.167054,5
491288,University of Wisconsin-Milwaukee Flex,university-of-wisconsin-milwaukee-flex,Milwaukee,WI,53201,FOUR_YEAR,https://flex.wisconsin.edu/,43.076848,-87.880488,570
491297,University of Wisconsin-Parkside Flex,university-of-wisconsin-parkside-flex,Kenosha,WI,53141,FOUR_YEAR,https://flex.wisconsin.edu/,42.645603,-87.855007,143
491613,Yeshiva Gedolah Tiferes Boruch,yeshiva-gedolah-tiferes-boruch,North Plainfield,NJ,07060-0000,FOUR_YEAR,https://yeshivagedolahtiferesboruch.com/,40.619593,-74.4346,70
491622,Yeshiva Chemdas Hatorah,yeshiva-chemdas-hatorah,Lakewood,NJ,08701-4618,TWO_YEAR,https://www.yeshivachemdashatorah.com/,40.063509,-74.229304,79
491631,Women's Institute of Torah Seminary and College,women-s-institute-of-torah-seminary-and-college,Baltimore,MD,21215-3009,FOUR_YEAR,https://www.wits.edu/,39.361349,-76.699496,141
491640,Yeshiva Gedolah Keren Hatorah,yeshiva-gedolah-keren-hatorah,Lakewood,NJ,08701-1239,TWO_YEAR,https://yeshivagedolahkerenhatorah.com/,40.109281,-74.184418,189
491710,Yeshiva Gedolah of Cliffwood,yeshiva-gedolah-of-cliffwood,Keyport,NJ,07735-5105,FOUR_YEAR,https://yeshivagedolahcliffwood.com/,40.442213,-74.224235,53
491765,Yeshivas Emek Hatorah,yeshivas-emek-hatorah,Howell,NJ,07731-2444,FOUR_YEAR,https://yeshivasemekhatorah.com/,40.112501,-74.232083,93
491844,Red Lake Nation College,red-lake-nation-college,Red Lake,MN,56671-0000,TWO_YEAR,https://www.rlnc.education/,47.880085,-95.009828,256
491914,Yeshiva Gedola Tiferes Yerachmiel,yeshiva-gedola-tiferes-yerachmiel,Lakewood,NJ,08701-0000,TWO_YEAR,https://yeshivagedolatiferesyerachmiel.com/,40.1037,-74.194376,172
492069,Champion Christian College,champion-christian-college,Hot Springs,AR,71913,FOUR_YEAR,https://champion.edu/,34.499589,-93.065945,128
492476,EDP University of Puerto Rico-Villalba,edp-university-of-puerto-rico-villalba,Villalba,PR,00766-2353,TWO_YEAR,https://edpuniversity.edu/,18.109811,-66.505648,281
492689,Texas Tech University Health Sciences Center-El Paso,texas-tech-university-health-sciences-center-el-paso,El Paso,TX,79905-2827,FOUR_YEAR,https://elpaso.ttuhsc.edu/,31.771891,-106.43122,235
492759,Chamberlain University-Louisiana,chamberlain-university-louisiana,Jefferson,LA,70121,FOUR_YEAR,https://www.chamberlain.edu/,29.962307,-90.152655,516
492801,Drury University-College of Continuing Professional Studies,drury-university-college-of-continuing-professional-studies,Springfield,MO,65802,FOUR_YEAR,https://www.drury.edu/go/,37.219681,-93.286192,694
492962,Indiana Institute of Technology-College of Professional Studies,indiana-institute-of-technology-college-of-professional-studies,Fort Wayne,IN,46803,FOUR_YEAR,https://cps.indianatech.edu/,41.078365,-85.116479,2446
493488,Premiere International College,premiere-international-college,Fort Myers,FL,33901-3916,TWO_YEAR,https://picollege.edu/,26.639307,-81.864154,106
493594,Yeshiva of Ocean,yeshiva-of-ocean,Greenfield Park,NY,12435-5308,TWO_YEAR,https://yeshivaofocean.com/,41.732961,-74.501698,57
493600,Congregation Talmidei Mesivta Tiferes Shmiel Aleksander,congregation-talmidei-mesivta-tiferes-shmiel-aleksander,Brooklyn,NY,11219-5440,FOUR_YEAR,https://yeshivaaleksander.org/,40.624233,-73.994778,169
493619,Young Americans College of the Performing Arts,young-americans-college-of-the-performing-arts,Corona,CA,92881-3390,TWO_YEAR,https://www.yacollege.edu/,33.859246,-117.542501,16
493664,Yeshivat Hechal Shemuel,yeshivat-hechal-shemuel,Brooklyn,NY,11229-0000,TWO_YEAR,https://hechalshemuel.com/,40.610906,-73.955944,65
493707,Yeshiva Gedolah of Woodlake Village,yeshiva-gedolah-of-woodlake-village,Lakewood,NJ,08701-0000,TWO_YEAR,https://yeshivaohrzechariah.com/,40.099738,-74.169645,79
493716,Yeshiva Gedola Tiferes Yaakov Yitzchok,yeshiva-gedola-tiferes-yaakov-yitzchok,Lakewood,NJ,08701-5502,TWO_YEAR,https://yeshivatyy.com/,40.056542,-74.223022,69
493822,College Unbound,college-unbound,Providence,RI,02903,FOUR_YEAR,https://collegeunbound.edu/,41.80644,-71.412848,398
493974,College of Athens,college-of-athens,Watkinsville,GA,30677,FOUR_YEAR,https://collegeofathens.edu/,33.849669,-83.421106,70
494162,Arizona College of Nursing-Dallas,arizona-college-of-nursing-dallas,Dallas,TX,75243-1200,FOUR_YEAR,https://www.arizonacollege.edu/,32.923106,-96.75999,383
494278,EDP University of Puerto Rico-Humacao,edp-university-of-puerto-rico-humacao,Humacao,PR,00791-0000,TWO_YEAR,https://www.edpuniversity.edu/,18.150762,-65.82455,269
494287,EDP University of Puerto Rico-Manati,edp-university-of-puerto-rico-manati,Manati,PR,00674-0000,TWO_YEAR,https://edpuniversity.edu/,18.429431,-66.490949,449
494436,Fortis Institute-Cookeville,fortis-institute-cookeville,Cookeville,TN,38501-4305,TWO_YEAR,https://www.fortis.edu/,36.143291,-85.478765,301
494630,Christ Mission College,christ-mission-college,San Antonio,TX,78254-1000,FOUR_YEAR,https://cmctx.edu/,29.543412,-98.70699,43
494685,Urshan University,urshan-university,Wentzville,MO,63385,FOUR_YEAR,https://urshan.edu/,38.808034,-90.830252,512
494737,Yeshiva Yesoda Hatorah Vetz Chaim,yeshiva-yesoda-hatorah-vetz-chaim,Brooklyn,NY,11211-7106,FOUR_YEAR,https://yeshivayh.org/,40.706959,-73.961026,205
494746,North-West College-San Diego,north-west-college-san-diego,San Diego,CA,92115-1506,TWO_YEAR,https://nw.edu/,32.765537,-117.066577,551
494755,West Virginia Junior College-United Career Institute,west-virginia-junior-college-united-career-institute,Irwin,PA,15642-2704,TWO_YEAR,https://unitedcareer.edu/,40.321221,-79.690734,57
494807,Ponce Health Sciences University-East,ponce-health-sciences-university-east,Ponce,PR,00731-0000,FOUR_YEAR,https://www.psm.edu/,18.0083,-66.589688,65
494959,Northern Pennsylvania Regional College,northern-pennsylvania-regional-college,Warren,PA,16365,TWO_YEAR,https://regionalcollegepa.org/,41.845064,-79.147679,62
494986,Apex College of Veterinary Technology,apex-college-of-veterinary-technology,Colorado Springs,CO,80903,TWO_YEAR,https://www.apexcvt.edu/,38.828277,-104.813477,30
495031,Bais Medrash of Dexter Park,bais-medrash-of-dexter-park,Chestnut Ridge,NY,10977,TWO_YEAR,https://bmdpark.com/,41.081404,-74.045927,22
495059,Oak Valley College,oak-valley-college,Rialto,CA,92377,FOUR_YEAR,https://oakvalley.edu/,34.150067,-117.39089,52
495147,Pacific Northwest Christian College,pacific-northwest-christian-college,Kennewick,WA,99336-5144,TWO_YEAR,https://www.pnwcc.edu/,46.212057,-119.161961,129
495271,California Indian Nations College,california-indian-nations-college,Palm Desert,CA,92211,TWO_YEAR,https://cincollege.org/,33.773732,-116.353365,111
495420,Arizona College of Nursing-Tampa,arizona-college-of-nursing-tampa,Tampa,FL,33607,FOUR_YEAR,https://www.arizonacollege.edu/,27.955614,-82.523369,337
495439,Arizona College of Nursing-Fort Lauderdale,arizona-college-of-nursing-fort-lauderdale,Fort Lauderdale,FL,33334-3637,FOUR_YEAR,https://www.arizonacollege.edu/,26.205783,-80.138479,412
495448,Arizona College of Nursing-Tucson,arizona-college-of-nursing-tucson,Tucson,AZ,85711,FOUR_YEAR,https://www.arizonacollege.edu/,32.22113,-110.880434,566
495457,Arizona College of Nursing-Phoenix,arizona-college-of-nursing-phoenix,Phoenix,AZ,85053-4058,FOUR_YEAR,https://www.arizonacollege.edu/,33.635804,-112.117327,1062
495916,Pathways College,pathways-college,Phoenix,AZ,85006,FOUR_YEAR,https://www.pathwayscollege.edu/,33.472223,-112.06553,9
496265,Triangle Tech-Chambersburg,triangle-tech-chambersburg,Chambersburg,PA,17201-7834,TWO_YEAR,https://triangle-tech.edu/,39.995848,-77.642205,63
496326,Eagle Gate College-Boise Campus,eagle-gate-college-boise-campus,Boise,ID,83709-2505,FOUR_YEAR,https://www.eaglegatecollege.edu/,43.59091,-116.298572,467
496627,California Northstate University,california-northstate-university,Elk Grove,CA,95757-3001,FOUR_YEAR,https://www.cnsu.edu/,38.405942,-121.481542,69
496636,Antigua College International,antigua-college-international,Miami Lakes,FL,33016-1511,TWO_YEAR,https://www.antigua.edu/,25.904817,-80.327618,266
496803,NewU University,newu-university,Washington,DC,20005,FOUR_YEAR,https://newu.university/,38.909213,-77.037058,34
496991,Galen Health Institutes-Miami Campus,galen-health-institutes-miami-campus,Pembroke Pines,FL,33027-6236,TWO_YEAR,https://galencollege.edu/campuses/miami,25.997073,-80.337924,635
497000,Remington College-Online Dallas,remington-college-online-dallas,Dallas,TX,75243,TWO_YEAR,https://www.remingtoncollege.edu/locations/online/,32.912073,-96.73302,111
497037,Abilene Christian University-Undergraduate Online,abilene-christian-university-undergraduate-online,Addison,TX,75001,FOUR_YEAR,https://www.acu.edu/academics/online/undergraduate,32.977065,-96.826833,918
497046,Madera Community College,madera-community-college,Madera,CA,93638-8321,TWO_YEAR,https://www.maderacollege.edu/,36.925132,-119.99787,3852
497116,Galen Health Institutes-Austin Campus,galen-health-institutes-austin-campus,Round Rock,TX,78681-2301,TWO_YEAR,https://galencollege.edu/campuses/austin,30.476575,-97.690907,917
497125,Galen Health Institutes-Nashville Campus,galen-health-institutes-nashville-campus,Nashville,TN,37203-5755,TWO_YEAR,https://galencollege.edu/campuses/nashville,36.162229,-86.791569,763
497213,Great Northern University,great-northern-university,Spokane,WA,99207-2550,FOUR_YEAR,https://www.greatnorthernu.org/,47.675837,-117.400562,36
497268,Arizona College of Nursing-Salt Lake City,arizona-college-of-nursing-salt-lake-city,Murray,UT,84123-2790,FOUR_YEAR,https://www.arizonacollege.edu/,40.656372,-111.903426,323
497408,Bridges Christian College,bridges-christian-college,New Orleans,LA,70115-6305,FOUR_YEAR,https://www.bcc.edu/,29.935984,-90.103551,108
497480,Reach University,reach-university,Oakland,CA,94612-1278,FOUR_YEAR,https://www.reach.edu/,37.80566,-122.277476,1226
497824,Evangel University-College of Online Learning,evangel-university-college-of-online-learning,Springfield,MO,65802-2125,FOUR_YEAR,https://www.evangel.edu/,37.220956,-93.262614,213
497833,Marian University-Ancilla,marian-university-ancilla,Plymouth,IN,46563-9475,TWO_YEAR,https://www.marian.edu/ancilla-college,41.337931,-86.445875,217
498049,Arizona College of Nursing-Southfield,arizona-college-of-nursing-southfield,Southfield,MI,48033-7157,FOUR_YEAR,https://www.arizonacollege.edu/,42.48156,-83.260202,415
498076,Galen Health Institutes-Sarasota,galen-health-institutes-sarasota,Sarasota,FL,34232-5421,TWO_YEAR,https://galencollege.edu/campuses/sarasota,27.342303,-82.449266,404
498094,Galen Health Institutes-Richmond,galen-health-institutes-richmond,Richmond,VA,23225-5551,TWO_YEAR,https://galencollege.edu/campuses/richmond,37.506099,-77.528158,374
498100,Galen Health Institutes-Myrtle Beach,galen-health-institutes-myrtle-beach,Myrtle Beach,SC,29572-4180,TWO_YEAR,https://galencollege.edu/campuses/myrtle-beach,33.757616,-78.822568,629
498119,Galen Health Institutes-Asheville,galen-health-institutes-asheville,Asheville,NC,28803-5007,TWO_YEAR,https://galencollege.edu/campuses/asheville,35.485235,-82.557273,183
498447,Arizona College of Nursing-Falls Church,arizona-college-of-nursing-falls-church,Falls Church,VA,22042-4566,FOUR_YEAR,https://www.arizonacollege.edu/,38.860531,-77.218156,284
498456,Arizona College of Nursing-Ontario,arizona-college-of-nursing-ontario,Ontario,CA,91761-1201,FOUR_YEAR,https://www.arizonacollege.edu/,34.06676,-117.578071,279
498474,Galen Health Institutes-Houston,galen-health-institutes-houston,Houston,TX,77041-8241,TWO_YEAR,https://galencollege.edu/campuses/houston,29.839951,-95.562419,543
498483,Galen Health Institutes-Pikeville,galen-health-institutes-pikeville,Pikeville,KY,41501-1321,TWO_YEAR,https://galencollege.edu/campuses/pikeville,37.472974,-82.530172,122
498562,Commonwealth University of Pennsylvania,commonwealth-university-of-pennsylvania,Bloomsburg,PA,17815,FOUR_YEAR,https://www.commonwealthu.edu/,41.00782,-76.447844,9309
498571,Pennsylvania Western University,pennsylvania-western-university,California,PA,15419,FOUR_YEAR,https://www.pennwest.edu/,40.064964,-79.88679,8134
498809,Yeshiva of Kasho,yeshiva-of-kasho,Brooklyn,NY,11231-3819,FOUR_YEAR,https://yokny.org/,40.671255,-74.00015,174
498906,Yeshivas Sanz Klauzenburg,yeshivas-sanz-klauzenburg,Brooklyn,NY,11219-3631,FOUR_YEAR,https://yeshivasanzk.org/,40.632725,-73.990129,107
498924,URBE University,urbe-university,Sweetwater,FL,33172-1852,FOUR_YEAR,https://urbeuniversity.edu/,25.791406,-80.382355,28
499149,Herzing University-Nashville,herzing-university-nashville,Nashville,TN,37214-3450,TWO_YEAR,https://www.herzing.edu/,36.154732,-86.63453,75
499273,Galen Health Institutes-Dallas,galen-health-institutes-dallas,Richardson,TX,75080-1135,TWO_YEAR,https://galencollege.edu/campuses/dallas,33.000073,-96.751892,554
499282,Galen Health Institutes-Roanoke,galen-health-institutes-roanoke,Roanoke,VA,24018-1604,TWO_YEAR,https://www.galencollege.edu/roanoke,37.2486785,-80.037445,173
499291,Galen Health Institutes-Wichita,galen-health-institutes-wichita,Wichita,KS,67214-4923,TWO_YEAR,https://galencollege.edu/campuses/wichita,37.696007,-97.299612,97
499307,Galen Health Institutes-Salt Lake City,galen-health-institutes-salt-lake-city,Draper,UT,84020-1930,TWO_YEAR,https://galencollege.edu/campuses/salt-lake-city,40.503343,-111.901646,63
499370,Arizona College of Nursing-Sarasota,arizona-college-of-nursing-sarasota,University Park,FL,34201-2142,FOUR_YEAR,https://www.arizonacollege.edu/,27.397535,-82.452156,98
499389,Arizona College of Nursing-Aurora,arizona-college-of-nursing-aurora,Aurora,CO,80014-3511,FOUR_YEAR,https://www.arizonacollege.edu/,39.660088,-104.836952,212
499398,Arizona College of Nursing-Cincinnati,arizona-college-of-nursing-cincinnati,Cincinnati,OH,45249-1655,FOUR_YEAR,https://www.arizonacollege.edu/,39.275361,-84.34767,65
499404,Arizona College of Nursing-Cleveland,arizona-college-of-nursing-cleveland,Beachwood,OH,44122-7343,FOUR_YEAR,https://www.arizonacollege.edu/,41.46601,-81.493304,84
499413,Glendale Career College-North-West College-MFSON,glendale-career-college-north-west-college-mfson,West Covina,CA,91790-2097,TWO_YEAR,https://nw.edu/,34.072193,-117.948751,218
499422,Denver College of Nursing-Houston,denver-college-of-nursing-houston,Houston,TX,77079-3021,FOUR_YEAR,https://www.denvercollegeofnursing.edu/,29.781312,-95.607143,70
499635,EDP University of Puerto Rico-Caguas,edp-university-of-puerto-rico-caguas,Caguas,PR,00726-0000,TWO_YEAR,https://www.edpuniversity.edu/,18.242649,-66.025309,
499671,Galen Health Institutes-Las Vegas,galen-health-institutes-las-vegas,Las Vegas,NV,89148-4858,TWO_YEAR,https://galencollege.edu/,36.071855,-115.294893,
499680,Stellar Career College-Crown Point,stellar-career-college-crown-point,Crown Point,IN,46307-1117,TWO_YEAR,https://stellarcollege.edu/,41.474242,-87.401656,76